time,latitude,longitude,depth,mag,magType,nst,gap,dmin,rms,net,id,updated,place,type,horizontalError,depthError,magError,magNst,status,locationSource,magSource
2026-03-27T10:41:44.520Z,35.341,-117.87366666667,3.31,1.14,ml,35,86,0.07687,0.16,ci,ci41426144,2026-03-27T10:45:08.423Z,"22 km W of Johannesburg, CA",earthquake,0.19,0.65,0.18051234888975,20,automatic,ci,ci
2026-03-27T10:37:10.957Z,32.031,-102.253,4.8679,1.2,ml,6,172,0,0,tx,tx2026gavvud,2026-03-27T10:40:10.112Z,"12 km E of Gardendale, Texas",earthquake,0,2.2325067520142,0.1,5,automatic,tx,tx
2026-03-27T10:34:41.622Z,63.971,-150.244,5,1.4,ml,17,50,0.6,0.6,ak,aka2026gavttg,2026-03-27T10:36:29.416Z,"55 km W of Ferry, Alaska",earthquake,2.7,,0.2,5,automatic,ak,ak
2026-03-27T09:58:27.458Z,61.407,-147.979,19.2,2,ml,51,34,0.2,0.9,ak,aka2026gauomz,2026-03-27T10:01:46.954Z,"47 km SSW of Glacier View, Alaska",earthquake,2.2,1.3612,0.2,31,automatic,ak,ak
2026-03-27T09:55:41.028Z,32.015,-101.351,2.891,2.1,ml,30,86,0.2,0.5,tx,tx2026gaulyn,2026-03-27T09:59:14.564Z,"10 km S of Forsan, Texas",earthquake,0,1.1290837526321,0.1,22,automatic,tx,tx
2026-03-27T09:53:11.410Z,18.043166666667,-66.811333333333,15.95,2.45,md,24,78,0.02977,0.14,pr,pr71511033,2026-03-27T10:14:16.190Z,"3 km NW of Guayanilla, Puerto Rico",earthquake,0.3,0.49,0.22638361638284,14,reviewed,pr,pr
2026-03-27T09:51:36.290Z,17.932666666667,-66.953833333333,5.78,1.23,md,4,230,0.08256,0.04,pr,pr71511028,2026-03-27T10:43:56.210Z,"6 km SW of Guánica, Puerto Rico",earthquake,1.8,1.69,0.13779754881076,3,reviewed,pr,pr
2026-03-27T09:37:26.388Z,32.037,-102.272,3.3121,1.2,ml,19,103,0,0.6,tx,tx2026gatwkj,2026-03-27T10:00:42.015Z,"10 km E of Gardendale, Texas",earthquake,0,1.2506906986237,0.2,12,automatic,tx,tx
2026-03-27T09:36:03.306Z,31.965,-102.155,2.8652,1,ml,8,260,0.1,0.3,tx,tx2026gatvdm,2026-03-27T10:00:15.190Z,"8 km WSW of Midland, Texas",earthquake,0,2.9339559078217,0.1,6,automatic,tx,tx
2026-03-27T09:24:51.090Z,35.337666666667,-117.79483333333,5.73,1.08,ml,31,51,0.08155,0.21,ci,ci41426136,2026-03-27T09:28:14.960Z,"15 km WSW of Johannesburg, CA",earthquake,0.22,0.71,0.22569422868937,14,automatic,ci,ci
2026-03-27T09:24:26.443Z,60.549,-141.23,1.6,1.6,ml,27,113,0.3,1,ak,aka2026gatlfb,2026-03-27T09:26:39.874Z,"134 km SE of McCarthy, Alaska",earthquake,3.7,2.4693,0.1,12,automatic,ak,ak
2026-03-27T09:14:25.272Z,61.763,-149.588,35.4,1.2,ml,7,111,0.3,0.4,ak,aka2026gatclg,2026-03-27T09:15:58.144Z,"15 km N of Meadow Lakes, Alaska",earthquake,6.6,8.2548,0.3,4,automatic,ak,ak
2026-03-27T09:01:55.360Z,32.044833333333,-116.18983333333,1.61,2.01,ml,15,80,0.2023,0.21,ci,ci41426128,2026-03-27T09:05:22.172Z,"45 km ENE of Ensenada, B.C., MX",earthquake,0.36,1.75,0.23592747017197,26,automatic,ci,ci
2026-03-27T08:42:29.640Z,19.212999343872,-155.34733581543,29.60000038147,2.18,ml,48,169,0.0533,0.159999996,hv,hv74926082,2026-03-27T08:45:58.140Z,"13 km E of Pāhala, Hawaii",earthquake,0.47,0.5,0.88,6,automatic,hv,hv
2026-03-27T08:40:53.025Z,60.169,-151.164,60.6,1.6,ml,32,64,0.4,0.6,ak,aka2026garzrm,2026-03-27T08:42:29.123Z,"14 km ESE of Clam Gulch, Alaska",earthquake,3.3,4.181,0.2,4,automatic,ak,ak
2026-03-27T08:33:29.552Z,32.03,-102.262,3.4997,1.4,ml,28,52,0,0.5,tx,tx2026gartdh,2026-03-27T09:00:58.956Z,"11 km E of Gardendale, Texas",earthquake,0,0.94554471969604,0.2,19,automatic,tx,tx
2026-03-27T08:31:26.490Z,35.194333333333,-118.43883333333,8.26,1.25,ml,31,43,0.09787,0.15,ci,ci41426120,2026-03-27T08:34:57.084Z,"7 km N of Tehachapi, CA",earthquake,0.17,0.57,0.17843551676221,23,automatic,ci,ci
2026-03-27T08:30:35.300Z,33.143333333333,-116.536,6.23,0.52,ml,38,40,0.08084,0.2,ci,ci41426112,2026-03-27T08:33:57.621Z,"9 km NE of Julian, CA",earthquake,0.21,0.58,0.21642882045749,6,automatic,ci,ci
2026-03-27T08:28:49.800Z,35.198166666667,-118.4375,8.54,1.38,ml,42,40,0.09392,0.18,ci,ci41426104,2026-03-27T08:39:36.010Z,"7 km N of Tehachapi, CA",earthquake,0.18,0.57,0.2064751931537,27,automatic,ci,ci
2026-03-27T08:23:16.796Z,60.253,-147.786,14.7,1.6,ml,11,118,0.3,0.6,ak,aka2026garkmx,2026-03-27T08:24:50.914Z,"24 km NNE of Chenega, Alaska",earthquake,4.7,3.089,0.2,4,automatic,ak,ak
2026-03-27T08:09:38.630Z,33.399833333333,-116.43966666667,11.11,0.76,ml,49,63,0.09487,0.21,ci,ci41426096,2026-03-27T08:13:01.827Z,"17 km NNW of Borrego Springs, CA",earthquake,0.21,0.38,0.17609336981706,19,automatic,ci,ci
2026-03-27T08:08:23.800Z,37.599166870117,-122.4683303833,8.6800003051758,1.95,md,29,71,0.02973,0.04,nc,nc75333737,2026-03-27T10:47:22.813Z,"2 km SE of Pacifica, CA",earthquake,0.26,0.340000004,0.3,22,automatic,nc,nc
2026-03-27T08:04:09.890Z,33.468666666667,-116.55616666667,11.02,0.35,ml,30,49,0.04641,0.18,ci,ci41426088,2026-03-27T08:07:32.457Z,"15 km SE of Anza, CA",earthquake,0.22,0.5,0.1339752915048,10,automatic,ci,ci
2026-03-27T08:00:35.920Z,38.807834625244,-122.79233551025,3.2400000095367,1.27,md,25,48,0.002322,0.01,nc,nc75333727,2026-03-27T10:07:18.521Z,"5 km NW of The Geysers, CA",earthquake,0.23,0.439999998,0.21,25,automatic,nc,nc
2026-03-27T07:55:35.180Z,38.831832885742,-122.81449890137,1.6699999570847,1.32,md,25,51,0.009107,0.03,nc,nc75333722,2026-03-27T09:37:20.346Z,"8 km NW of The Geysers, CA",earthquake,0.19,0.340000004,0.13,25,automatic,nc,nc
2026-03-27T07:50:48.230Z,33.455,-116.43516666667,2.95,0.83,ml,49,70,0.1399,0.24,ci,ci41426080,2026-03-27T07:54:10.908Z,"23 km NNW of Borrego Springs, CA",earthquake,0.2,0.87,0.1854533028468,25,automatic,ci,ci
2026-03-27T07:46:12.183Z,-6.3712,143.7117,11.606,4.5,mb,32,106,4.555,0.42,us,us7000s826,2026-03-27T08:54:46.040Z,"25 km SSE of Mendi, Papua New Guinea",earthquake,10.97,5.087,0.111,24,reviewed,us,us
2026-03-27T07:45:24.347Z,32.568,-101.122,9.3035,1.4,ml,8,137,0.2,0.3,tx,tx2026gaqdwh,2026-03-27T07:48:31.209Z,"25 km SW of Snyder, Texas",earthquake,0,17.839168548584,0.6,7,automatic,tx,tx
2026-03-27T07:36:25.433Z,-23.4046,-68.1319,134.387,4.2,mb,24,98,0.453,0.71,us,us7000s822,2026-03-27T08:49:21.040Z,"55 km S of San Pedro de Atacama, Chile",earthquake,7.35,5.469,0.215,6,reviewed,us,us
2026-03-27T07:35:46.141Z,28.2585,67.2304,10,4.5,mb,35,225,10.404,0.55,us,us7000s825,2026-03-27T08:44:46.040Z,"72 km WNW of Chowki Jamali, Pakistan",earthquake,12.66,1.991,0.097,31,reviewed,us,us
2026-03-27T07:32:16.354Z,32.033,-102.256,8.9111,1.6,ml,48,52,0,0.2,tx,tx2026gapsnd,2026-03-27T08:13:23.053Z,"11 km E of Gardendale, Texas",earthquake,0.41564463278336,0.53479830489363,0.1,22,reviewed,tx,tx
2026-03-27T07:31:37.650Z,19.954166666667,-155.37166666667,9.98,1.95,ml,32,138,0.07334,0.19,hv,hv74926042,2026-03-27T08:39:26.090Z,"9 km S of Pa‘auilo, Hawaii",earthquake,0.41,0.24,0.10178695134436,6,reviewed,hv,hv
2026-03-27T07:25:51.780Z,19.940166666667,-155.36433333333,10.42,1.4,md,14,130,0.05782,0.22,hv,hv74926037,2026-03-27T09:59:30.830Z,"11 km S of Pa‘auilo, Hawaii",earthquake,0.77,0.4,0.0085950780003349,4,reviewed,hv,hv
2026-03-27T07:16:58.030Z,32.275,-115.32433333333,9.01,2.03,ml,22,70,0.1391,0.22,ci,ci41426072,2026-03-27T07:20:31.666Z,"15 km SW of Delta, B.C., MX",earthquake,0.34,1.13,0.13075669704742,24,automatic,ci,ci
2026-03-27T07:16:20.160Z,19.9485,-155.35033333333,10.85,2.97,ml,41,133,0.06215,0.19,hv,hv74926027,2026-03-27T07:46:59.058Z,"10 km S of Pa‘auilo, Hawaii",earthquake,0.44,0.35,0.20957555675664,32,reviewed,hv,hv
2026-03-27T07:16:15.680Z,17.945,-66.9135,9.95,2.4,md,21,184,0.04422,0.21,pr,pr71511018,2026-03-27T07:39:24.020Z,"3 km SSW of Guánica, Puerto Rico",earthquake,0.46,0.35,0.082357708892122,7,reviewed,pr,pr
2026-03-27T07:13:07.127Z,61.518,-146.345,3.1,1.4,ml,28,77,0.5,0.9,ak,aka2026gapcbi,2026-03-27T07:15:04.681Z,"43 km N of Valdez, Alaska",earthquake,3.1,1.9569,0.1,8,automatic,ak,ak
2026-03-27T07:09:30.301Z,29.301,-97.642,7.2253,1.6,ml,5,163,0.2,0.4,tx,tx2026gaoyxz,2026-03-27T07:13:13.210Z,"3 km N of Smiley, Texas",earthquake,0,8.5303649902344,0.4,4,automatic,tx,tx
2026-03-27T07:05:46.230Z,32.03,-102.252,8.667,0.9,ml,24,52,0,0.2,tx,tx2026gaovrr,2026-03-27T10:17:47.104Z,"12 km E of Gardendale, Texas",earthquake,0.64814708953623,1.4427789305063,0.1,8,reviewed,tx,tx
2026-03-27T06:57:49.756Z,31.393,141.7105,10,4.7,mb,47,122,5.556,0.56,us,us7000s81u,2026-03-27T07:15:59.040Z,"Izu Islands, Japan region",earthquake,12.19,1.902,0.062,79,reviewed,us,us
2026-03-27T06:57:23.410Z,34.295333333333,-116.734,0.63,1.89,ml,78,36,0.09353,0.15,ci,ci41426064,2026-03-27T07:08:02.420Z,"11 km ENE of Big Bear City, CA",earthquake,0.1,0.26,0.14711216281493,26,automatic,ci,ci
2026-03-27T06:51:50.470Z,33.535666666667,-116.72983333333,3.6,0.2,ml,19,52,0.03028,0.12,ci,ci41426056,2026-03-27T06:55:21.225Z,"6 km WSW of Anza, CA",earthquake,0.18,0.33,0.058703370008848,3,automatic,ci,ci
2026-03-27T06:50:16.380Z,19.9615,-155.3735,9.71,1.97,ml,36,142,0.08072,0.2,hv,hv74926012,2026-03-27T09:54:30.370Z,"8 km S of Pa‘auilo, Hawaii",earthquake,0.37,0.25,0.18375399056485,12,reviewed,hv,hv
2026-03-27T06:48:17.399Z,58.177,-155.302,5,0.8,ml,10,60,0,0.4,ak,aka2026gaogqr,2026-03-27T06:49:51.341Z,"84 km NW of Karluk, Alaska",earthquake,5.7,,0.3,5,automatic,ak,ak
2026-03-27T06:46:00.180Z,33.472333333333,-116.557,11.39,0.52,ml,32,48,0.04387,0.14,ci,ci41426048,2026-03-27T06:49:26.574Z,"14 km SE of Anza, CA",earthquake,0.17,0.42,0.16886818106769,12,automatic,ci,ci
2026-03-27T06:44:50.236Z,32.049,-102.249,12.0958,1.1,ml,6,182,0,0.7,tx,tx2026gaodrh,2026-03-27T06:48:45.228Z,"12 km ENE of Gardendale, Texas",earthquake,0,6.1985111236572,0.2,5,automatic,tx,tx
2026-03-27T06:31:21.344Z,32.031,-102.251,5.8045,1.1,ml,7,165,0,0.1,tx,tx2026gansbj,2026-03-27T07:00:18.523Z,"12 km E of Gardendale, Texas",earthquake,0,4.3598003387451,0.1,7,automatic,tx,tx
2026-03-27T06:31:06.079Z,55.225,-158.092,3.7,2.2,ml,10,317,1.1,0.3,ak,aka2026ganrvp,2026-03-27T06:34:55.379Z,"101 km SE of Perryville, Alaska",earthquake,13.9,6.266,0.1,5,automatic,ak,ak
2026-03-27T06:29:24.020Z,34.401333333333,-116.44783333333,2.09,1.17,ml,29,116,0.1222,0.17,ci,ci41426040,2026-03-27T06:32:45.867Z,"32 km N of Yucca Valley, CA",earthquake,0.26,0.46,0.1516781015883,22,automatic,ci,ci
2026-03-27T06:16:34.230Z,19.5398,-63.632,31,3.76,md,17,323,1.3018,0.39,pr,pr2026086000,2026-03-27T08:37:51.040Z,"158 km NNW of The Valley, Anguilla",earthquake,2.7,24.55,0.12,9,reviewed,pr,pr
2026-03-27T06:04:15.216Z,61.689,-150.478,28.9,2,ml,32,55,0.6,0.8,ak,aka2026gamusd,2026-03-27T07:35:49.161Z,"16 km N of Susitna, Alaska",earthquake,3.7,2.8355,0.3,4,automatic,ak,ak
2026-03-27T06:02:55.609Z,40.1404,-119.8764,10.7834,1.84,ml,17,201,0.114,0.1323,nn,nn00913379,2026-03-27T06:05:10.303Z,"22 km E of Herlong, California",earthquake,,0.6051,0.4,7,automatic,nn,nn
2026-03-27T05:57:11.390Z,19.199499130249,-155.50183105469,29.079999923706,1.82,md,21,267,0.0487,0.180000007,hv,hv74925977,2026-03-27T06:00:34.830Z,"2 km W of Pāhala, Hawaii",earthquake,1.36,1.14999998,0.14470949374371,15,automatic,hv,hv
2026-03-27T05:56:31.650Z,19.1656665802,-155.49617004394,28.569999694824,1.72,md,27,115,0.03377,0.129999995,hv,hv74925972,2026-03-27T06:00:03.600Z,"4 km SSW of Pāhala, Hawaii",earthquake,0.55,0.819999993,0.13282466717081,16,automatic,hv,hv
2026-03-27T05:55:06.433Z,60.19,-152.329,44.2,1.1,ml,7,274,0.3,0.3,ak,aka2026gammvh,2026-03-27T05:57:17.347Z,"39 km WNW of Ninilchik, Alaska",earthquake,100.5,33.9697,0.1,6,automatic,ak,ak
2026-03-27T05:52:42.700Z,33.1415,-116.542,6.77,0.72,ml,43,48,0.07627,0.19,ci,ci41426032,2026-03-27T05:56:09.635Z,"9 km NE of Julian, CA",earthquake,0.18,0.48,0.13026538156382,16,automatic,ci,ci
2026-03-27T05:52:36.210Z,19.096833333333,-64.92,22.1,3.19,md,20,252,0.7305,0.26,pr,pr71510998,2026-03-27T08:33:31.040Z,"83 km N of Charlotte Amalie, U.S. Virgin Islands",earthquake,1.02,21.27,0.036113165365438,9,reviewed,pr,pr
2026-03-27T05:48:21.200Z,38.836166381836,-122.78616333008,1.8600000143051,0.72,md,11,137,0.003959,0.01,nc,nc75333692,2026-03-27T06:12:20.046Z,"6 km WNW of Cobb, CA",earthquake,0.44,0.810000002,0.2,11,automatic,nc,nc
2026-03-27T05:46:00.522Z,32.033,-102.254,8.8623,1.4,ml,42,52,0,0.2,tx,tx2026gamezm,2026-03-27T08:29:13.765Z,"11 km E of Gardendale, Texas",earthquake,0.59479852069854,0.89903136594069,0.1,14,reviewed,tx,tx
2026-03-27T05:45:08.680Z,32.027,-102.254,7.5972,1.4,ml,7,173,0,0.5,tx,tx2026gameft,2026-03-27T06:01:39.160Z,"11 km E of Gardendale, Texas",earthquake,0,5.0206780433655,0.5,7,automatic,tx,tx
2026-03-27T05:43:27.630Z,19.194000244141,-155.3553314209,27.520000457764,1.78,md,20,204,0.05883,0.189999998,hv,hv74925957,2026-03-27T05:47:00.100Z,"13 km E of Pāhala, Hawaii",earthquake,0.83,1.51999998,0.14228441066508,15,automatic,hv,hv
2026-03-27T05:41:03.850Z,19.952166666667,-155.36966666667,8.68,1.43,md,30,180,0.07077,0.19,hv,hv74925952,2026-03-27T09:43:31.530Z,"9 km S of Pa‘auilo, Hawaii",earthquake,0.55,0.32,0.06862872651026,7,reviewed,hv,hv
2026-03-27T05:38:04.249Z,61.122,-150.468,49.8,1.9,ml,40,31,0.1,0.7,ak,aka2026galydh,2026-03-27T05:39:30.449Z,"25 km NNE of Point Possession, Alaska",earthquake,3.4,6.0394,0.5,4,automatic,ak,ak
2026-03-27T05:36:34.859Z,31.967,-102.146,3.7112,1.1,ml,6,202,0.1,0.4,tx,tx2026galwtj,2026-03-27T06:01:33.821Z,"7 km WSW of Midland, Texas",earthquake,0,3.6207633018494,0.5,6,automatic,tx,tx
2026-03-27T05:33:59.450Z,19.952166666667,-155.3645,9.45,2.08,ml,38,137,0.06899,0.24,hv,hv74925942,2026-03-27T09:32:59.210Z,"9 km S of Pa‘auilo, Hawaii",earthquake,0.37,0.37,0.15205438410188,17,reviewed,hv,hv
2026-03-27T05:29:50.220Z,34.032,-117.18166666667,9.2,0.8,ml,46,35,0.05762,0.2,ci,ci41426024,2026-03-27T05:33:12.517Z,"3 km S of Redlands, CA",earthquake,0.18,0.63,0.26120588860705,27,automatic,ci,ci
2026-03-27T05:22:37.700Z,19.405666351318,-155.49600219727,6.6399998664856,1.89,md,40,32,0.04859,0.140000001,hv,hv74925922,2026-03-27T05:26:25.060Z,"22 km N of Pāhala, Hawaii",earthquake,0.25,0.540000021,0.23296030175799,13,automatic,hv,hv
2026-03-27T05:19:40.870Z,19.9545,-155.36516666667,6.8,2.01,ml,27,193,0.07139,0.26,hv,hv74925917,2026-03-27T08:29:56.680Z,"9 km S of Pa‘auilo, Hawaii",earthquake,0.71,0.47,0.15121295798897,5,reviewed,hv,hv
2026-03-27T05:19:27.880Z,35.75350189209,-121.24849700928,6.4699997901917,2.16,md,33,114,0.04861,0.09,nc,nc75333682,2026-03-27T06:32:20.196Z,"13 km NNW of San Simeon, CA",earthquake,0.3,0.660000026,0.15,31,automatic,nc,nc
2026-03-27T05:19:10.777Z,32.028,-102.244,6.2744,0.9,ml,20,54,0,0.2,tx,tx2026galhpm,2026-03-27T10:48:36.316Z,"12 km E of Gardendale, Texas",earthquake,0.71084068813571,1.2185401508416,0.2,9,reviewed,tx,tx
2026-03-27T05:17:11.068Z,58.42,-154.763,12.2,0.8,ml,13,151,0,0.5,ak,aka2026galgdl,2026-03-27T05:20:25.774Z,"96 km N of Karluk, Alaska",earthquake,13.9,3.327,0.2,4,automatic,ak,ak
2026-03-27T05:12:55.180Z,19.9175,-155.335,8.73,1.42,md,24,166,0.0309,0.17,hv,hv74925907,2026-03-27T08:53:25.540Z,"12 km SW of Laupāhoehoe, Hawaii",earthquake,0.54,0.34,0.038312862873654,6,reviewed,hv,hv
2026-03-27T05:11:24.623Z,32.13,-102.196,0,1.2,ml,5,128,0.1,0.2,tx,tx2026galbec,2026-03-27T05:15:51.470Z,"18 km NW of Midland, Texas",earthquake,0,,0.4,5,automatic,tx,tx
2026-03-27T05:11:14.440Z,19.926166666667,-155.358,7.74,2.05,ml,29,162,0.04267,0.22,hv,hv74925902,2026-03-27T08:19:23.040Z,"12 km S of Pa‘auilo, Hawaii",earthquake,0.51,0.35,0.12658655635912,3,reviewed,hv,hv
2026-03-27T05:07:44.060Z,64.484,-146.896,10.9,1,ml,6,119,0.1,0.2,ak,aka2026gakxzt,2026-03-27T05:09:11.766Z,"4 km S of Salcha, Alaska",earthquake,12.7,8.6924,0.2,4,automatic,ak,ak
2026-03-27T05:06:52.975Z,31.972,-102.146,2.2567,1.1,ml,9,194,0.1,0.6,tx,tx2026gakxed,2026-03-27T06:01:20.275Z,"7 km WSW of Midland, Texas",earthquake,0,1.9987239837646,0.2,6,automatic,tx,tx
2026-03-27T05:06:43.250Z,19.943666666667,-155.356,10.08,2.8,ml,53,172,0.05854,0.21,hv,hv74925892,2026-03-27T08:26:12.040Z,"10 km S of Pa‘auilo, Hawaii",earthquake,0.5,0.35,0.2102712117421,36,reviewed,hv,hv
2026-03-27T05:02:36.733Z,30.845,-103.656,0,1.7,ml,7,258,0.3,1.1,tx,tx2026gaktrl,2026-03-27T06:00:32.067Z,"17 km SSE of Balmorhea, Texas",earthquake,0,,0.4,3,automatic,tx,tx
2026-03-27T04:58:34.941Z,28.694,-98.225,6.0402,1.6,ml,16,66,0.1,0.5,tx,tx2026gakqca,2026-03-27T10:24:23.419Z,"22 km WNW of Pawnee, Texas",earthquake,0,3.3414719104767,0.2,12,automatic,tx,tx
2026-03-27T04:54:34.200Z,19.30016708374,-155.26316833496,3.5499999523163,1.89,ml,39,116,0.04097,0.219999999,hv,hv74925872,2026-03-27T04:58:33.590Z,"16 km S of Volcano, Hawaii",earthquake,0.39,1.33000004,1.2,5,automatic,hv,hv
2026-03-27T04:53:36.700Z,19.301166534424,-155.2628326416,3.5099999904633,1.79,md,39,115,0.04116,0.170000002,hv,hv74925867,2026-03-27T04:57:48.190Z,"15 km S of Volcano, Hawaii",earthquake,0.37,0.980000019,0.083767321012294,11,automatic,hv,hv
2026-03-27T04:52:59.377Z,36.6726,74.3708,10,5,mb,43,61,2.22,1.13,us,us7000s817,2026-03-27T05:03:56.040Z,"48 km NW of Barishal, Pakistan",earthquake,8.35,1.919,0.107,28,reviewed,us,us
2026-03-27T04:50:42.730Z,38.818332672119,-122.79333496094,3.1600000858307,1.05,md,17,67,0.01402,0.01,nc,nc75333672,2026-03-27T05:07:20.601Z,"6 km NW of The Geysers, CA",earthquake,0.3,0.689999998,0.1,17,automatic,nc,nc
2026-03-27T04:46:00.300Z,32.322,-102.064,1.434,1.1,ml,7,230,0.1,0.4,tx,tx2026gakfez,2026-03-27T04:48:44.741Z,"33 km NW of Stanton, Texas",earthquake,0,3.2380859851837,0.4,5,automatic,tx,tx
2026-03-27T04:45:48.370Z,34.212833333333,-117.05833333333,2.17,1.28,ml,15,100,0.05841,0.11,ci,ci41426008,2026-03-27T04:49:16.703Z,"5 km E of Running Springs, CA",earthquake,0.38,0.22,0.20987000624507,28,automatic,ci,ci
2026-03-27T04:45:48.340Z,34.209331512451,-117.05583190918,1.710000038147,1.4226781957556,ml,42,34,0.05957,0.150000006,ci,ci41426016,2026-03-27T04:56:21.610Z,"5 km E of Running Springs, CA",earthquake,0.2,0.300000012,0.21503327786922,9,automatic,ci,ci
2026-03-27T04:44:05.197Z,60.797,-150.784,50,1.7,ml,29,46,0.4,0.6,ak,aka2026gakdpx,2026-03-27T04:45:48.600Z,"14 km SSW of Point Possession, Alaska",earthquake,3,5.0958,0.3,4,automatic,ak,ak
2026-03-27T04:40:10.239Z,36.6474,74.4394,10,5,mb,47,79,2.276,1.43,us,us7000s812,2026-03-27T04:57:35.690Z,"42 km NNW of Barishal, Pakistan",earthquake,8.15,1.867,0.061,85,reviewed,us,us
2026-03-27T04:39:45.020Z,34.208166666667,-117.05666666667,1.66,0.9,ml,42,49,0.05866,0.16,ci,ci41426000,2026-03-27T04:43:12.667Z,"5 km E of Running Springs, CA",earthquake,0.14,0.22,0.20676321457123,29,automatic,ci,ci
2026-03-27T04:33:41.620Z,39.306667327881,-122.77300262451,9.2600002288818,1.71,md,5,162,0.1043,0.03,nc,nc75333657,2026-03-27T06:17:23.085Z,"20 km SE of Lake Pillsbury, CA",earthquake,0.79,1.45000005,0.05,4,automatic,nc,nc
2026-03-27T04:27:25.110Z,38.32466506958,-119.33266448975,14.210000038147,2.23,md,9,90,0.1976,0.22,nc,nc75333647,2026-03-27T05:52:19.923Z,"12 km NW of Bridgeport, CA",earthquake,1.15,5.17999983,0.08,4,automatic,nc,nc
2026-03-27T04:27:14.610Z,33.1435,-116.54283333333,6.22,0.81,ml,44,39,0.07744,0.2,ci,ci41425992,2026-03-27T04:30:39.655Z,"9 km NE of Julian, CA",earthquake,0.19,0.58,0.17668096607799,20,automatic,ci,ci
2026-03-27T04:26:28.280Z,33.1435,-116.53916666667,6.25,0.6,ml,24,49,0.0793,0.18,ci,ci41425984,2026-03-27T04:29:52.867Z,"9 km NE of Julian, CA",earthquake,0.24,0.65,0.10990090552812,11,automatic,ci,ci
2026-03-27T04:20:22.480Z,33.144333333333,-116.5435,7.58,0.54,ml,19,81,0.07778,0.13,ci,ci41425976,2026-03-27T04:23:51.060Z,"9 km NE of Julian, CA",earthquake,0.23,0.74,0.16697939067723,8,automatic,ci,ci
2026-03-27T04:14:25.705Z,61.646,-148.043,13,0.7,ml,12,52,0.2,0.4,ak,aka2026gajebl,2026-03-27T04:15:46.728Z,"27 km SW of Glacier View, Alaska",earthquake,4.2,3.3951,0.1,4,automatic,ak,ak
2026-03-27T04:14:20.520Z,34.2125,-117.0675,4.53,0.41,ml,9,157,0.05105,0.09,ci,ci41425968,2026-03-27T04:17:46.692Z,"4 km E of Running Springs, CA",earthquake,0.52,1.13,0.045892771048594,4,automatic,ci,ci
2026-03-27T04:00:04.143Z,32.422,-102.158,6.665,0.8,ml,33,79,0,0.2,tx,tx2026gairra,2026-03-27T10:31:06.705Z,"37 km ENE of McKinney Acres, Texas",earthquake,0.77384561255971,0.64790350832574,0.2,10,reviewed,tx,tx
2026-03-27T03:59:54.121Z,-3.9072,-104.0683,10,4.9,mb,38,225,22.013,1.38,us,us7000s80u,2026-03-27T04:27:52.040Z,"central East Pacific Rise",earthquake,18.49,1.993,0.066,71,reviewed,us,us
2026-03-27T03:53:49.000Z,32.785833333333,-116.79,13.93,0.83,ml,19,192,0.1147,0.16,ci,ci41425952,2026-03-27T03:57:15.886Z,"6 km SSW of Alpine, CA",earthquake,0.5,0.62,0.17034772643232,13,automatic,ci,ci
2026-03-27T03:52:47.660Z,33.143333333333,-116.5395,6.14,0.72,ml,36,49,0.079,0.24,ci,ci41425944,2026-03-27T03:56:10.324Z,"9 km NE of Julian, CA",earthquake,0.25,0.73,0.14397854928738,18,automatic,ci,ci
2026-03-27T03:49:53.600Z,19.109832763672,-155.35682678223,39.080001831055,2.17,md,15,256,0.1094,0.150000006,hv,hv74925787,2026-03-27T03:53:27.630Z,"16 km SE of Pāhala, Hawaii",earthquake,1.41,1.16999996,0.11697831168442,11,automatic,hv,hv
2026-03-27T03:47:16.760Z,19.072834014893,-155.33383178711,42.990001678467,2.45,md,28,272,0.1465,0.200000003,hv,hv74925782,2026-03-27T03:51:55.240Z,"20 km SE of Pāhala, Hawaii",earthquake,1.46,1,0.12087858157147,12,automatic,hv,hv
2026-03-27T03:45:50.370Z,33.1435,-116.5245,5.65,0.48,ml,23,57,0.08744,0.2,ci,ci41425936,2026-03-27T03:49:19.648Z,"10 km NE of Julian, CA",earthquake,0.27,0.87,0.11223507615754,6,automatic,ci,ci
2026-03-27T03:44:15.160Z,19.086833953857,-155.39100646973,42.279998779297,2.41,md,13,273,0.09578,0.0799999982,hv,hv74925772,2026-03-27T03:51:20.040Z,"15 km SE of Pāhala, Hawaii",earthquake,1.8,1.36000001,0.10799693128425,13,automatic,hv,hv
2026-03-27T03:43:24.870Z,19.167833328247,-155.39100646973,33.439998626709,2.17,md,11,206,0.06834,0.219999999,hv,hv74925767,2026-03-27T03:46:53.900Z,"10 km ESE of Pāhala, Hawaii",earthquake,1.86,2.79999995,0.19941231813121,8,automatic,hv,hv
2026-03-27T03:34:26.720Z,19.06583404541,-155.48916625977,40.459999084473,2.65,ml,15,278,0.09271,0.150000006,hv,hv74925747,2026-03-27T03:37:52.690Z,"9 km E of Naalehu, Hawaii",earthquake,0.89,1.14999998,0.35,3,automatic,hv,hv
2026-03-27T03:32:42.440Z,19.034833908081,-155.50183105469,42.860000610352,2.37,ml,38,196,0.1257,0.230000004,hv,hv74925742,2026-03-27T03:39:58.040Z,"8 km ESE of Naalehu, Hawaii",earthquake,0.66,0.800000012,0.79,8,automatic,hv,hv
2026-03-27T03:31:07.077Z,60.47,-142.257,2.9,1.1,ml,21,91,0.1,1,ak,aka2026gahssq,2026-03-27T03:32:34.061Z,"113 km SSE of McCarthy, Alaska",earthquake,3.5,4.4661,0.2,4,automatic,ak,ak
2026-03-27T03:28:32.120Z,19.965,-155.3655,9.26,3.29,ml,52,144,0.08141,0.28,hv,hv74925737,2026-03-27T03:51:32.813Z,"8 km S of Pa‘auilo, Hawaii",earthquake,0.49,0.42,0.1882439278743,39,reviewed,hv,hv
2026-03-27T03:26:33.733Z,63.424,-150.171,114.7,1.4,ml,28,88,0.6,0.5,ak,aka2026gahovb,2026-03-27T03:28:31.482Z,"61 km W of Cantwell, Alaska",earthquake,4.4,3.3616,0.1,4,automatic,ak,ak
2026-03-27T03:26:19.203Z,32.032,-102.254,8.8623,1.2,ml,23,52,0,0.2,tx,tx2026gahopn,2026-03-27T09:46:27.945Z,"11 km E of Gardendale, Texas",earthquake,0.6071591446243,1.2974354137495,0.2,13,reviewed,tx,tx
2026-03-27T03:23:48.600Z,38.417667388916,-122.68183135986,6.7699999809265,1.6,md,15,69,0.03205,0.08,nc,nc75333632,2026-03-27T05:37:18.821Z,"4 km SSE of Santa Rosa, CA",earthquake,0.37,0.74000001,0.2,12,automatic,nc,nc
2026-03-27T03:21:44.175Z,37.985,-118.5071,0.808,1.53,ml,8,104,0.266,0.2622,nn,nn00913374,2026-03-27T03:23:59.501Z,"18 km N of Benton, California",earthquake,,55.7196,0.18,4,automatic,nn,nn
2026-03-27T03:19:33.780Z,33.952,-117.70833333333,8.33,1.64,ml,84,26,0.04589,0.18,ci,ci41425928,2026-03-27T03:30:45.770Z,"7 km SE of Chino Hills, CA",earthquake,0.15,0.32,0.1874527609844,27,automatic,ci,ci
2026-03-27T03:18:10.860Z,38.795333862305,-122.8125,2.9300000667572,1.23,md,24,74,0.01016,0.03,nc,nc75333622,2026-03-27T04:52:20.499Z,"5 km WNW of The Geysers, CA",earthquake,0.25,0.409999996,0.16,26,automatic,nc,nc
2026-03-27T03:18:04.735Z,61.253,-147.701,10,1.2,ml,8,98,0.2,0.8,ak,aka2026gahhmy,2026-03-27T04:36:31.558Z,"61 km S of Glacier View, Alaska",earthquake,4.7,0,0.2,6,reviewed,ak,ak
2026-03-27T03:00:13.162Z,32.029,-102.275,4.6938,1,ml,6,207,0.1,0.2,tx,tx2026gagryo,2026-03-27T04:00:13.216Z,"9 km E of Gardendale, Texas",earthquake,0,2.9918894767761,0.2,6,automatic,tx,tx
2026-03-27T02:58:48.000Z,33.115,-116.5195,2.81,0.59,ml,15,208,0.07378,0.19,ci,ci41425912,2026-03-27T03:02:20.886Z,"9 km ENE of Julian, CA",earthquake,1,1.03,0.10465083646508,8,automatic,ci,ci
2026-03-27T02:40:12.920Z,19.094165802002,-155.39733886719,39.540000915527,1.74,md,16,266,0.08639,0.119999997,hv,hv74925677,2026-03-27T02:43:46.020Z,"14 km SE of Pāhala, Hawaii",earthquake,1.32,1.89999998,0.064822682688756,14,automatic,hv,hv
2026-03-27T02:39:46.510Z,32.495333333333,-116.76083333333,5.61,1.46,ml,33,105,0.1115,0.23,ci,ci41425904,2026-03-27T02:43:14.680Z,"14 km WSW of Tecate, B.C., MX",earthquake,0.35,1.32,0.25634465579953,17,automatic,ci,ci
2026-03-27T02:39:31.460Z,63.153,-150.667,114.3,1.8,ml,32,48,0.6,0.6,ak,aka2026gafzvi,2026-03-27T02:41:13.175Z,"68 km SE of Denali National Park, Alaska",earthquake,4.2,3.574,0.2,3,automatic,ak,ak
2026-03-27T02:34:35.430Z,19.128999710083,-155.42816162109,42.900001525879,1.93,md,10,253,0.04148,0.200000003,hv,hv74925662,2026-03-27T02:38:11.680Z,"9 km SSE of Pāhala, Hawaii",earthquake,1.28,1.03999996,0.2572345771998,14,automatic,hv,hv
2026-03-27T02:33:58.450Z,33.856166666667,-116.5265,12.26,0.91,ml,40,37,0.03775,0.16,ci,ci41425896,2026-03-27T02:37:27.475Z,"4 km N of Palm Springs, CA",earthquake,0.17,0.54,0.23035965413041,25,automatic,ci,ci
2026-03-27T02:32:47.300Z,33.144666666667,-116.53966666667,7.21,0.57,ml,26,50,0.07996,0.18,ci,ci41425888,2026-03-27T02:36:13.364Z,"9 km NE of Julian, CA",earthquake,0.23,0.49,0.23283812000926,8,automatic,ci,ci
2026-03-27T02:29:51.053Z,61.542,-149.712,22.4,1.8,ml,48,36,0.3,0.8,ak,aka2026gafryf,2026-03-27T02:31:58.796Z,"6 km WNW of Knik-Fairview, Alaska",earthquake,2.1,2.0461,0.2,10,automatic,ak,ak
2026-03-27T02:28:17.440Z,19.050666809082,-155.48466491699,37.25,1.81,md,15,249,0.1064,0.170000002,hv,hv74925647,2026-03-27T02:31:41.890Z,"10 km E of Naalehu, Hawaii",earthquake,1.11,1.44000006,0.11910777919137,14,automatic,hv,hv
2026-03-27T02:27:08.740Z,33.143,-116.546,5.98,1.41,ml,68,21,0.07548,0.2,ci,ci41425880,2026-03-27T02:37:44.260Z,"9 km NE of Julian, CA",earthquake,0.15,0.53,0.20494521672244,27,automatic,ci,ci
2026-03-27T02:26:20.860Z,33.1445,-116.54016666667,6.59,0.84,ml,37,47,0.07958,0.2,ci,ci41425872,2026-03-27T02:29:50.791Z,"9 km NE of Julian, CA",earthquake,0.21,0.56,0.23090983800795,18,automatic,ci,ci
2026-03-27T02:22:58.980Z,19.432332992554,-155.27900695801,1.5499999523163,1.87,ml,10,228,0.007653,0.330000013,hv,hv74925637,2026-03-27T02:26:26.020Z,"4 km WSW of Volcano, Hawaii",earthquake,1.58,0.479999989,0.28,13,automatic,hv,hv
2026-03-27T02:22:53.970Z,33.1415,-116.54916666667,5.67,2.35,ml,91,21,0.07274,0.21,ci,ci41425864,2026-03-27T02:50:04.110Z,"9 km NE of Julian, CA",earthquake,0.13,0.53,0.17406646504737,26,automatic,ci,ci
2026-03-27T02:22:42.400Z,19.999333333333,-155.3395,9.63,3.09,ml,48,207,0.09302,0.22,hv,hv74925642,2026-03-27T09:15:52.242Z,"5 km SSE of Pa‘auilo, Hawaii",earthquake,0.67,0.4,0.18870921319894,38,reviewed,hv,hv
2026-03-27T02:20:42.710Z,33.144166666667,-116.53683333333,7.33,0.83,ml,29,50,0.08104,0.2,ci,ci41425856,2026-03-27T02:24:24.395Z,"9 km NE of Julian, CA",earthquake,0.22,0.8,0.2071635818772,21,automatic,ci,ci
2026-03-27T02:19:49.320Z,33.143,-116.54533333333,5.72,1.12,ml,53,39,0.0758,0.21,ci,ci41425848,2026-03-27T02:23:14.355Z,"9 km NE of Julian, CA",earthquake,0.17,0.61,0.18299586524976,27,automatic,ci,ci
2026-03-27T02:19:17.240Z,33.143,-116.54516666667,5.83,1.3,ml,59,31,0.07588,0.2,ci,ci41425840,2026-03-27T02:50:20.520Z,"9 km NE of Julian, CA",earthquake,0.16,0.57,0.20131770982406,26,automatic,ci,ci
2026-03-27T02:16:38.889Z,32.021,-102.25,5.574,1.1,ml,10,158,0,0.3,tx,tx2026gafgkg,2026-03-27T03:00:09.590Z,"12 km E of Gardendale, Texas",earthquake,0,3.0249903202057,0.1,6,automatic,tx,tx
2026-03-27T02:11:50.020Z,33.143,-116.54666666667,6.07,1.59,ml,69,31,0.07516,0.19,ci,ci41425832,2026-03-27T02:15:22.875Z,"9 km NE of Julian, CA",earthquake,0.14,0.48,0.19159062106657,27,automatic,ci,ci
2026-03-27T02:09:56.570Z,19.947666168213,-155.36883544922,5.710000038147,1.83,md,23,252,0.06635,0.310000002,hv,hv74925622,2026-03-27T02:13:38.600Z,"10 km S of Pa‘auilo, Hawaii",earthquake,1.24,0.660000026,0.27711882453609,15,automatic,hv,hv
2026-03-27T02:06:31.740Z,38.764831542969,-122.72716522217,0.58999997377396,0.86,md,7,106,0.01818,0.06,nc,nc75333597,2026-03-27T02:22:20.501Z,"3 km ESE of The Geysers, CA",earthquake,0.42,0.629999995,0.18,8,automatic,nc,nc
2026-03-27T02:05:24.386Z,60.082,-152.33,79.3,1.5,ml,8,119,0.4,0.1,ak,aka2026gaewws,2026-03-27T04:40:28.655Z,"36 km WNW of Happy Valley, Alaska",earthquake,9.4,6.9624,0.3,6,reviewed,ak,ak
2026-03-27T02:02:41.330Z,19.945499420166,-155.36666870117,5.5199999809265,1.95,md,29,193,0.06356,0.340000004,hv,hv74925612,2026-03-27T02:07:52.950Z,"10 km S of Pa‘auilo, Hawaii",earthquake,0.92,0.620000005,0.24346695647775,15,automatic,hv,hv
2026-03-27T02:00:25.969Z,57.84,-154.194,50.7,2.2,ml,24,122,0.5,0.5,ak,aka2026gaespg,2026-03-27T02:02:06.722Z,"33 km NNE of Karluk, Alaska",earthquake,6.3,6.7506,0.3,4,automatic,ak,ak
2026-03-27T01:56:04.040Z,19.949833333333,-155.36433333333,9.77,2.13,ml,35,195,0.06676,0.22,hv,hv74925597,2026-03-27T10:11:31.740Z,"10 km S of Pa‘auilo, Hawaii",earthquake,0.68,0.29,0.14246930251999,11,reviewed,hv,hv
2026-03-27T01:51:48.430Z,31.574,-103.468,0,1.6,ml,12,229,0.2,0.8,tx,tx2026gaelcz,2026-03-27T02:00:12.454Z,"14 km NNW of Barstow, Texas",earthquake,0,,0.2,8,automatic,tx,tx
2026-03-27T01:51:21.520Z,38.833831787109,-122.79000091553,2.1600000858307,0.77,md,7,156,0.01377,0.01,nc,nc75333592,2026-03-27T01:52:58.931Z,"6 km WNW of Cobb, CA",earthquake,0.67,1.69000006,0.3,8,automatic,nc,nc
2026-03-27T01:44:28.603Z,60.585,-151.971,81.3,1.5,ml,37,61,0.2,0.5,ak,aka2026gaeevu,2026-03-27T01:46:33.710Z,"35 km W of Salamatof, Alaska",earthquake,3.9,2.8616,0.4,5,automatic,ak,ak
2026-03-27T01:40:00.570Z,34.210666666667,-117.06133333333,3.01,1.11,ml,14,122,0.05545,0.1,ci,ci41425824,2026-03-27T01:43:28.210Z,"4 km E of Running Springs, CA",earthquake,0.35,0.78,0.20538166630299,28,automatic,ci,ci
2026-03-27T01:39:18.420Z,19.987167358398,-155.38349914551,7.7800002098083,1.7,md,23,239,0.1079,0.230000004,hv,hv74925572,2026-03-27T01:44:35.830Z,"6 km SSW of Pa‘auilo, Hawaii",earthquake,0.94,0.430000007,0.10938737053378,14,automatic,hv,hv
2026-03-27T01:32:34.320Z,19.954500198364,-155.35466003418,4.5599999427795,1.84,md,20,254,0.06875,0.330000013,hv,hv74925562,2026-03-27T01:37:49.120Z,"9 km S of Pa‘auilo, Hawaii",earthquake,1.11,0.939999998,0.2740548300275,15,automatic,hv,hv
2026-03-27T01:29:56.086Z,32.004,-102.248,7.7881,1.3,ml,13,72,0,0.2,tx,tx2026gadsfc,2026-03-27T02:40:32.584Z,"12 km E of Gardendale, Texas",earthquake,1.6753012096622,1.6066679757722,0.1,8,reviewed,tx,tx
2026-03-27T01:21:06.729Z,60.435,-139.601,0,1.8,ml,9,110,0.8,0.8,ak,aka2026gadksa,2026-03-27T04:44:00.369Z,"99 km N of Yakutat, Alaska",earthquake,6.4,0,0.1,6,reviewed,ak,ak
2026-03-27T01:20:40.430Z,33.144833333333,-116.53866666667,5.94,0.96,ml,39,43,0.08061,0.21,ci,ci41425808,2026-03-27T01:24:07.684Z,"9 km NE of Julian, CA",earthquake,0.2,0.64,0.15397748826243,28,automatic,ci,ci
2026-03-27T01:15:40.470Z,37.154666900635,-121.5325012207,8.8900003433228,1.01,md,5,158,0.06063,0.01,nc,nc75333587,2026-03-27T01:17:13.757Z,"10 km NE of San Martin, CA",earthquake,1.1,3.53999996,0.1,4,automatic,nc,nc
2026-03-27T01:07:57.090Z,38.795166015625,-122.77833557129,3.329999923706,1.43,md,25,75,0.007747,0.02,nc,nc75333582,2026-03-27T03:32:18.968Z,"3 km NW of The Geysers, CA",earthquake,0.27,0.49000001,0.14,26,automatic,nc,nc
2026-03-27T00:59:19.481Z,32.053,-102.43,0.6085,1.7,ml,12,147,0.2,0.6,tx,tx2026gacrvp,2026-03-27T01:02:13.452Z,"5 km NW of Gardendale, Texas",earthquake,0,2.2760057449341,0.3,7,automatic,tx,tx
2026-03-27T00:59:09.290Z,19.99716758728,-155.34432983398,10.739999771118,2.08,md,26,224,0.106,0.330000013,hv,hv74925502,2026-03-27T01:04:57.940Z,"5 km SSE of Pa‘auilo, Hawaii",earthquake,1.2,0.5,0.16445447664594,14,automatic,hv,hv
2026-03-27T00:52:06.747Z,59.792,-152.678,90.5,1.9,ml,58,81,0.2,0.7,ak,aka2026gaclso,2026-03-27T00:55:20.279Z,"47 km W of Anchor Point, Alaska",earthquake,3.3,2.1992,0.2,25,automatic,ak,ak
2026-03-27T00:47:46.942Z,57.856,-156.122,117.9,1.9,ml,30,125,0.1,0.3,ak,aka2026gachwq,2026-03-27T01:08:13.612Z,"84 km ESE of Egegik, Alaska",earthquake,10.6,3.5359,0.3,23,reviewed,ak,ak
2026-03-27T00:43:45.060Z,19.341166666667,-155.19383333333,1.98,2.53,ml,49,75,0.03836,0.15,hv,hv74925477,2026-03-27T02:42:35.950Z,"12 km SSE of Volcano, Hawaii",earthquake,0.22,0.42,0.21796733811898,37,reviewed,hv,hv
2026-03-27T00:40:34.424Z,31.438,-103.938,6.4075,1.1,ml,14,80,0.1,0.1,tx,tx2026gacbtx,2026-03-27T10:06:05.537Z,"19 km NW of Toyah, Texas",earthquake,0.75888737718346,1.397296389014,0.2,9,reviewed,tx,tx
2026-03-27T00:11:49.820Z,33.144,-116.5425,6.13,0.96,ml,46,39,0.078,0.2,ci,ci41425792,2026-03-27T00:15:18.905Z,"9 km NE of Julian, CA",earthquake,0.18,0.54,0.18413107264772,28,automatic,ci,ci
2026-03-27T00:02:40.740Z,33.6005,-116.6355,13.17,0.58,ml,23,41,0.03399,0.12,ci,ci41425776,2026-03-27T00:06:13.243Z,"6 km NE of Anza, CA",earthquake,0.19,0.31,0.16576172493076,17,automatic,ci,ci
2026-03-27T00:01:55.010Z,33.598833333333,-116.63966666667,12.96,0.82,ml,39,40,0.03297,0.15,ci,ci41425768,2026-03-27T00:05:26.523Z,"6 km NNE of Anza, CA",earthquake,0.16,0.28,0.16344296003527,27,automatic,ci,ci
2026-03-26T23:58:44.695Z,60.155,-143.483,2.1,1.6,ml,23,159,0.1,1.2,ak,aka2026gaarpi,2026-03-27T01:06:01.692Z,"132 km ESE of Cordova, Alaska",earthquake,6.1,3.3776,0.2,18,reviewed,ak,ak
2026-03-26T23:52:37.916Z,61.145,-148.103,0,1.3,ml,7,109,0,0.3,ak,aka2026gaammb,2026-03-27T01:04:11.395Z,"51 km NE of Whittier, Alaska",ice quake,7.8,0,0.2,5,reviewed,ak,ak
2026-03-26T23:51:46.778Z,58.957,-153.169,71.4,2,ml,18,99,0.2,0.4,ak,aka2026gaaloy,2026-03-27T01:01:30.698Z,"84 km WSW of Nanwalek, Alaska",earthquake,7,4.3406,0.2,14,reviewed,ak,ak
2026-03-26T23:51:01.171Z,64.983,-147.365,0,1.4,ml,18,67,0,0.6,ak,aka2026gaakrt,2026-03-27T00:59:26.454Z,"12 km ENE of Fox, Alaska",earthquake,4.8,0,0.2,10,reviewed,ak,ak
2026-03-26T23:49:31.094Z,56.93,-154.691,0,2.2,ml,10,260,1.1,0.6,ak,aka2026gaajvx,2026-03-27T00:55:07.530Z,"31 km W of Akhiok, Alaska",earthquake,8.7,0,0.1,7,reviewed,ak,ak
2026-03-26T23:47:36.540Z,37.589668273926,-119.01083374023,1.789999961853,2.05,md,23,148,0.02453,0.04,nc,nc75333547,2026-03-27T01:47:24.282Z,"6 km SSW of Mammoth Lakes, CA",earthquake,0.45,0.620000005,0.21,23,automatic,nc,nc
2026-03-26T23:42:05.179Z,63.14,-150.637,116.2,2.4,ml,84,39,0.6,0.6,ak,aka2026gaadjs,2026-03-26T23:46:01.377Z,"70 km SE of Denali National Park, Alaska",earthquake,2.8,2.269,0.3,42,automatic,ak,ak
2026-03-26T23:36:02.110Z,33.219666666667,-116.7565,10.14,0.62,ml,22,37,0.01638,0.18,ci,ci41425752,2026-03-26T23:39:34.266Z,"3 km SSE of Lake Henshaw, CA",earthquake,0.24,0.52,0.18080141796586,12,automatic,ci,ci
2026-03-26T23:32:51.800Z,32.538,-116.73233333333,5.86,2.48,ml,4,314,0.0772,0.05,ci,ci41425760,2026-03-26T23:39:31.195Z,"10 km WSW of Tecate, B.C., MX",earthquake,0.82,1.11,0.22588132324,16,automatic,ci,ci
2026-03-26T23:32:20.893Z,32.023,-102.243,6.5918,1.3,ml,25,79,0,0.2,tx,tx2026fzzuys,2026-03-27T01:21:55.051Z,"12 km E of Gardendale, Texas",earthquake,0.78615981724589,1.1561671282648,0.1,17,reviewed,tx,tx
2026-03-26T23:31:42.030Z,33.1465,-116.5385,8.21,0.53,ml,16,88,0.08201,0.14,ci,ci41425744,2026-03-26T23:35:11.922Z,"10 km NE of Julian, CA",earthquake,0.24,0.62,0.14694476747007,7,automatic,ci,ci
2026-03-26T23:30:00.380Z,18.666833877564,-155.5256652832,21.670000076294,1.88,md,8,335,0.4897,0.300000012,hv,hv74925432,2026-03-26T23:33:33.990Z,"44 km S of Naalehu, Hawaii",earthquake,5.57,21.1100006,0.06452663804466,15,automatic,hv,hv
2026-03-26T23:27:03.640Z,33.1515,-116.54033333333,4.77,1.22,ml,32,80,0.08516,0.2,ci,ci41425736,2026-03-26T23:30:43.396Z,"10 km NE of Julian, CA",earthquake,0.22,0.54,0.25385753472541,27,automatic,ci,ci
2026-03-26T23:27:01.350Z,32.823833333333,-117.2425,11.67,1.93,ml,42,159,0.01789,0.15,ci,ci41425728,2026-03-26T23:31:31.002Z,"4 km SE of La Jolla, CA",earthquake,0.25,0.19,0.28757918224915,27,automatic,ci,ci
2026-03-26T23:24:47.420Z,19.060333251953,-155.41499328613,36.310001373291,1.92,md,17,246,0.1045,0.109999999,hv,hv74925422,2026-03-26T23:28:17.190Z,"17 km SSE of Pāhala, Hawaii",earthquake,1.36,1.63999999,0.20789103110508,16,automatic,hv,hv
2026-03-26T23:23:35.480Z,19.027833938599,-155.43949890137,41.220001220703,2.04,md,10,284,0.1287,0.180000007,hv,hv74925417,2026-03-26T23:27:00.840Z,"15 km ESE of Naalehu, Hawaii",earthquake,2.02,1.11000001,0.1856442757756,15,automatic,hv,hv
2026-03-26T23:20:21.390Z,19.012,-155.459,41.51,1.83,ml,22,260,0.1427,0.14,hv,hv74925412,2026-03-27T03:26:39.530Z,"14 km ESE of Naalehu, Hawaii",earthquake,1.2,1.12,0.17949361361314,7,reviewed,hv,hv
2026-03-26T23:18:28.310Z,60.052333333333,-153.07633333333,1.08,-1.07,ml,5,129,0.008133,0.07,av,av94111528,2026-03-27T07:53:47.090Z,"64 km ENE of Pedro Bay, Alaska",earthquake,1.16,0.6,0.23631460077862,5,reviewed,av,av
2026-03-26T23:18:24.590Z,38.833831787109,-122.80966949463,2.1900000572205,1.32,md,25,47,0.01043,0.02,nc,nc75333537,2026-03-27T00:27:18.754Z,"8 km W of Cobb, CA",earthquake,0.2,0.360000014,0.18,25,automatic,nc,nc
2026-03-26T23:14:33.140Z,36.1195,-117.85233333333,2.03,0.92,ml,19,89,0.002803,0.11,ci,ci41425720,2026-03-26T23:18:01.577Z,"12 km NE of Coso Junction, CA",earthquake,0.23,0.15,0.23544291259791,13,automatic,ci,ci
2026-03-26T23:07:18.370Z,38.792835235596,-122.7808303833,1.8999999761581,0.58,md,10,94,0.005549,0.02,nc,nc75333527,2026-03-27T00:07:18.625Z,"3 km NW of The Geysers, CA",earthquake,0.33,0.689999998,0.36,10,automatic,nc,nc
2026-03-26T23:04:03.408Z,62.038,-150.863,65.6,1.5,ml,26,65,0.3,0.5,ak,aka2026fzywpj,2026-03-26T23:06:15.017Z,"28 km E of Skwentna, Alaska",earthquake,4.1,4.3682,0.4,5,automatic,ak,ak
2026-03-26T22:57:50.700Z,60.007833333333,-153.0695,0.63,-1.1,ml,5,110,0.02699,0.03,av,av94111493,2026-03-27T07:50:15.760Z,"63 km ENE of Pedro Bay, Alaska",earthquake,0.21,0.92,0.28110431220028,5,reviewed,av,av
2026-03-26T22:51:01.074Z,-3.1837,139.3807,53.94,5.7,mww,78,42,1.478,1.01,us,us7000s7z5,2026-03-27T01:21:30.102Z,"153 km WSW of Abepura, Indonesia",earthquake,8.51,6.777,0.069,20,reviewed,us,us
2026-03-26T22:42:56.798Z,49.4349,-123.7574,10,1.9,ml,7,157,0.662,0.32,us,us7000s813,2026-03-27T04:54:08.040Z,"4 km S of Sechelt, Canada",earthquake,3.02,1.323,0.097,14,reviewed,us,us
2026-03-26T22:38:20.420Z,64.492,-146.911,5.4,1.4,ml,16,49,0.1,0.4,ak,aka2026fzyalo,2026-03-26T22:39:32.498Z,"3 km S of Salcha, Alaska",earthquake,3.8,3.7409,0.3,4,automatic,ak,ak
2026-03-26T22:37:35.860Z,33.1415,-116.5425,6.53,1.13,ml,51,40,0.07601,0.22,ci,ci41425696,2026-03-26T22:41:06.714Z,"9 km NE of Julian, CA",earthquake,0.18,0.54,0.22337962544881,26,automatic,ci,ci
2026-03-26T22:33:58.914Z,32.108,-101.917,8.7402,1.4,ml,24,45,0.1,0.1,tx,tx2026fzxwrr,2026-03-27T00:52:41.509Z,"12 km W of Stanton, Texas",earthquake,0.34584513541783,0.59934799600964,0.1,24,reviewed,tx,tx
2026-03-26T22:20:00.610Z,46.348,-122.82583333333,-0.47,1.52,ml,13,63,0.1056,0.1,uw,uw62229432,2026-03-26T22:35:52.620Z,"10 km NE of Castle Rock, Washington",explosion,0.36,31.61,0.16316488138532,4,reviewed,uw,uw
2026-03-26T22:12:26.020Z,33.950833333333,-116.973,13.43,0.95,ml,35,43,0.1457,0.15,ci,ci41425688,2026-03-26T22:15:57.336Z,"2 km N of Beaumont, CA",earthquake,0.16,0.57,0.17365591680909,28,automatic,ci,ci
2026-03-26T22:11:08.216Z,13.2352,-89.221,69.15,4.9,mww,45,147,0.472,1.09,us,us7000s7yr,2026-03-27T02:15:54.626Z,"30 km SSE of La Libertad, El Salvador",earthquake,6.28,7.392,0.098,10,reviewed,us,us
2026-03-26T22:05:17.711Z,59.171,-153.609,110.2,1.8,ml,25,91,0.2,0.3,ak,aka2026fzwxts,2026-03-26T22:07:54.666Z,"66 km SE of Pope-Vannoy Landing, Alaska",earthquake,7.3,3.7081,0.3,12,automatic,ak,ak
2026-03-26T21:58:49.190Z,38.820499420166,-122.84783172607,1.9700000286102,1.3,md,25,110,0.009969,0.03,nc,nc75333517,2026-03-26T22:32:20.997Z,"9 km WNW of The Geysers, CA",earthquake,0.2,0.340000004,0.12,25,automatic,nc,nc
2026-03-26T21:49:49.640Z,34.276,-116.76483333333,1.7,1.72,ml,64,37,0.08861,0.12,ci,ci41425672,2026-03-26T21:53:20.130Z,"8 km ENE of Big Bear City, CA",earthquake,0.09,0.29,0.14280049221054,28,automatic,ci,ci
2026-03-26T21:49:26.555Z,47.5321,152.9889,77.093,4.7,mb,55,133,6.343,0.68,us,us7000s7yl,2026-03-26T22:43:01.040Z,"Kuril Islands",earthquake,6.97,7.438,0.051,118,reviewed,us,us
2026-03-26T21:45:38.190Z,19.111999511719,-155.38400268555,37.389999389648,1.93,md,16,256,0.08555,0.0700000003,hv,hv74925362,2026-03-26T21:49:08.180Z,"14 km SE of Pāhala, Hawaii",earthquake,1.68,1.78999996,0.094436924038472,16,automatic,hv,hv
2026-03-26T21:41:48.950Z,19.4885,-155.5155,2.72,1.94,ml,27,65,0.03896,0.14,hv,hv74925352,2026-03-27T03:23:09.350Z,"29 km W of Volcano, Hawaii",earthquake,0.23,0.79,0.45932106198754,7,reviewed,hv,hv
2026-03-26T21:41:28.875Z,61.548,-148.37,18.7,1.2,ml,11,75,0.1,0.6,ak,aka2026fzwdll,2026-03-26T21:42:46.838Z,"28 km S of Chickaloon, Alaska",earthquake,5.2,2.9935,0.1,4,automatic,ak,ak
2026-03-26T21:36:35.484Z,60.056,-139.24,0.4,2,ml,17,89,0.4,0.7,ak,aka2026fzvzhf,2026-03-26T21:39:26.441Z,"62 km NNE of Yakutat, Alaska",earthquake,4.1,2.9414,0.2,7,automatic,ak,ak
2026-03-26T21:30:29.549Z,36.5475,74.341,10,4.2,mb,31,99,2.299,1.23,us,us7000s7yc,2026-03-27T00:56:57.040Z,"40 km NW of Barishal, Pakistan",earthquake,9.32,1.933,0.118,20,reviewed,us,us
2026-03-26T21:28:37.100Z,33.506833333333,-116.45866666667,5.41,1.09,ml,50,31,0.1205,0.2,ci,ci41425624,2026-03-26T21:32:10.097Z,"21 km ESE of Anza, CA",earthquake,0.16,0.84,0.21657331476824,27,automatic,ci,ci
2026-03-26T21:27:10.710Z,19.0615,-155.46916666667,38.23,1.9,ml,41,191,0.09366,0.14,hv,hv74925347,2026-03-27T03:18:09.000Z,"11 km E of Naalehu, Hawaii",earthquake,0.45,0.61,0.26019889815765,15,reviewed,hv,hv
2026-03-26T21:25:25.740Z,19.043666666667,-155.38266666667,38.48,2.09,ml,35,218,0.1342,0.24,hv,hv74925337,2026-03-27T03:13:38.460Z,"20 km SSE of Pāhala, Hawaii",earthquake,0.73,1.04,0.22220373736055,24,reviewed,hv,hv
2026-03-26T21:25:24.130Z,46.687,-121.065,10.8,0.92,ml,8,123,0.1671,0.21,uw,uw62229422,2026-03-26T22:01:37.580Z,"17 km SSW of Nile, Washington",earthquake,0.62,2.22,0.17521438541343,5,reviewed,uw,uw
2026-03-26T21:23:52.490Z,35.891833333333,-117.736,9.05,0.79,ml,19,55,0.08635,0.15,ci,ci41425608,2026-03-26T21:27:23.236Z,"16 km ESE of Little Lake, CA",earthquake,0.23,0.54,0.37283644075505,11,automatic,ci,ci
2026-03-26T21:18:22.240Z,34.209833333333,-117.05533333333,1.55,1.37,ml,51,38,0.06008,0.16,ci,ci41425600,2026-03-26T21:28:50.680Z,"5 km E of Running Springs, CA",earthquake,0.12,0.2,0.14567753740765,28,automatic,ci,ci
2026-03-26T21:17:53.240Z,58.164833333333,-155.37766666667,1.93,-0.1,ml,10,71,0.05251,0.06,av,av94111373,2026-03-27T07:43:14.370Z,"86 km NW of Karluk, Alaska",earthquake,0.19,0.48,0.12438669691128,11,reviewed,av,av
2026-03-26T21:07:04.910Z,38.496666666667,-112.9005,2.08,1.36,md,10,103,0.01193,0.06,uu,uu80133451,2026-03-26T22:16:44.490Z,"14 km NE of Milford, Utah",earthquake,0.27,0.42,0.52982799615665,7,reviewed,uu,uu
2026-03-26T21:04:31.680Z,33.681333333333,-116.785,17.34,0.69,ml,21,78,0.06915,0.13,ci,ci41425584,2026-03-26T21:08:02.302Z,"9 km SW of Idyllwild, CA",earthquake,0.28,0.52,0.14698048094096,11,automatic,ci,ci
2026-03-26T21:02:57.398Z,36.555,74.4535,10,5.3,mb,102,57,2.352,1.39,us,us7000s7xx,2026-03-27T04:50:55.637Z,"33 km NW of Barishal, Pakistan",earthquake,8.29,1.009,0.041,201,reviewed,us,us
2026-03-26T20:58:32.460Z,38.838832855225,-122.83850097656,1.789999961853,1.04,md,20,83,0.002366,0.02,nc,nc75333507,2026-03-26T21:22:18.524Z,"10 km NW of The Geysers, CA",earthquake,0.23,0.389999986,0.22,20,automatic,nc,nc
2026-03-26T20:58:27.830Z,33.104666666667,-116.0625,10.25,1.25,ml,46,39,0.09883,0.19,ci,ci41425576,2026-03-26T21:02:00.299Z,"8 km ESE of Ocotillo Wells, CA",earthquake,0.17,0.57,0.19545981283749,28,automatic,ci,ci
2026-03-26T20:57:11.072Z,31.654,-104.129,6.0999,2.2,ml,31,50,0,0.1,tx,tx2026fzurfh,2026-03-26T21:24:17.013Z,"49 km NW of Toyah, Texas",earthquake,0.36157826869873,0.37338526881762,0.1,18,reviewed,tx,tx
2026-03-26T20:54:13.420Z,38.491,-112.89833333333,2.72,1.29,md,8,133,0.01399,0.04,uu,uu80133446,2026-03-26T22:20:02.800Z,"14 km NE of Milford, Utah",earthquake,0.27,0.62,0.39220882828685,5,reviewed,uu,uu
2026-03-26T20:52:38.450Z,38.496333333333,-112.89816666667,2.37,1.1,md,12,77,0.003997,0.06,uu,uu80133441,2026-03-26T22:27:38.720Z,"14 km NE of Milford, Utah",earthquake,0.28,0.38,0.1997461210411,4,reviewed,uu,uu
2026-03-26T20:49:51.440Z,38.816333770752,-122.79467010498,2.75,0.7,md,9,100,0.008368,0.01,nc,nc75333497,2026-03-26T20:51:27.526Z,"5 km NW of The Geysers, CA",earthquake,0.37,1.39999998,0.27,9,automatic,nc,nc
2026-03-26T20:47:36.370Z,36.301834106445,-120.90016937256,7.1700000762939,1.49,md,10,130,0.04731,0.08,nc,nc75333492,2026-03-26T21:47:25.681Z,"22 km NNE of San Lucas, CA",earthquake,0.56,0.769999981,0.23,7,automatic,nc,nc
2026-03-26T20:42:04.288Z,61.595,-149.845,31.2,2.2,ml,46,48,0.3,0.8,ak,aka2026fzuegi,2026-03-26T22:10:48.150Z,"4 km SSW of Houston, Alaska",earthquake,2.9,3.1064,0.2,4,automatic,ak,ak
2026-03-26T20:40:46.190Z,53.873333333333,-166.9095,5.05,0.12,ml,8,170,0.06789,0.19,av,av94111323,2026-03-27T07:38:13.970Z,"24 km W of Dutch Harbor, Alaska",earthquake,0.48,1.43,0.13077516905569,8,reviewed,av,av
2026-03-26T20:16:05.608Z,62.692,-149.612,69,2.3,ml,62,23,0.4,0.8,ak,aka2026fzthwh,2026-03-26T20:17:43.357Z,"36 km NE of Chase, Alaska",earthquake,2.6,2.9307,0.1,4,automatic,ak,ak
2026-03-26T20:13:19.488Z,-7.5927,127.6908,157.158,4.3,mb,25,102,3.761,0.92,us,us7000s7xi,2026-03-26T20:28:58.040Z,"127 km NE of Lospalos, Timor Leste",earthquake,8.65,8.953,0.133,16,reviewed,us,us
2026-03-26T20:03:33.066Z,62.797,-150.926,89.3,2.1,ml,28,63,0.3,0.7,ak,aka2026fzsxbi,2026-03-26T20:08:43.754Z,"34 km NNW of Petersville, Alaska",earthquake,4.3,3.5092,0.3,16,automatic,ak,ak
2026-03-26T19:56:31.130Z,39.4034,143.4316,10,4.9,mww,67,129,2.283,0.84,us,us7000s7xc,2026-03-26T20:15:54.040Z,"127 km E of Yamada, Japan",earthquake,8.15,1.884,0.086,13,reviewed,us,us
2026-03-26T19:53:22.940Z,46.3745,-122.5,11.79,1.41,ml,24,102,0.08366,0.19,uw,uw62229392,2026-03-26T21:17:01.180Z,"17 km S of Mossyrock, Washington",earthquake,0.48,1.04,0.124051649121,13,reviewed,uw,uw
2026-03-26T19:44:14.300Z,38.499333333333,-112.89916666667,2.43,0.33,md,10,83,0.001423,0.07,uu,uu80133426,2026-03-26T20:04:27.220Z,"14 km NE of Milford, Utah",earthquake,0.21,0.33,0.35534527910319,4,reviewed,uu,uu
2026-03-26T19:29:35.470Z,38.824501037598,-122.84033203125,1.8700000047684,1.08,md,15,99,0.004366,0.02,nc,nc75333462,2026-03-26T20:27:26.143Z,"9 km NW of The Geysers, CA",earthquake,0.24,0.430000007,0.11,19,automatic,nc,nc
2026-03-26T19:27:28.855Z,65.207,-149.086,5,1,ml,12,163,0.1,0.3,ak,aka2026fzrrzh,2026-03-26T19:28:44.498Z,"13 km ENE of Minto, Alaska",earthquake,5.5,,0.2,4,automatic,ak,ak
2026-03-26T19:24:08.550Z,38.498833333333,-112.89766666667,2.55,1.4,md,11,72,0.001503,0.06,uu,uu80133421,2026-03-26T19:56:56.400Z,"15 km NE of Milford, Utah",earthquake,0.26,0.39,0.17168997257815,3,reviewed,uu,uu
2026-03-26T19:17:40.183Z,61.661,-150.202,28.5,1.7,ml,34,40,0.6,0.7,ak,aka2026fzrjnm,2026-03-26T19:19:13.692Z,"12 km SW of Willow, Alaska",earthquake,2.9,2.7255,0.2,4,automatic,ak,ak
2026-03-26T19:12:42.760Z,19.456333333333,-155.59933333333,40.5,2.2,ml,35,90,0.02002,0.39,hv,hv74925272,2026-03-27T03:08:07.920Z,"27 km E of Honaunau-Napoopoo, Hawaii",earthquake,0.88,1.24,0.19572418150689,28,reviewed,hv,hv
2026-03-26T19:08:35.100Z,33.852166666667,-117.48883333333,-0.52,1.62,ml,53,31,0.05031,0.27,ci,ci41425512,2026-03-27T00:11:47.435Z,"4 km SE of Home Gardens, CA",quarry blast,0.34,31.61,0.1315643834613,51,reviewed,ci,ci
2026-03-26T18:51:03.879Z,55.512,-158.827,17.1,1.9,ml,6,339,0.6,0.1,ak,aka2026fzqmpk,2026-03-26T18:54:28.564Z,"48 km SSE of Perryville, Alaska",earthquake,162.5,14.323,0.2,5,automatic,ak,ak
2026-03-26T18:44:11.540Z,53.8795,-166.91683333333,1.54,-0.43,ml,7,178,0.07239,0.15,av,av93057259,2026-03-26T22:31:41.960Z,"24 km W of Dutch Harbor, Alaska",earthquake,0.5,3.18,0.20812978753219,7,reviewed,av,av
2026-03-26T18:42:28.282Z,28.3353,104.9601,10,4.5,mb,62,66,7.673,0.55,us,us7000s7wv,2026-03-26T19:04:17.040Z,"9 km WNW of Bowangshan, China",earthquake,10.04,1.878,0.08,46,reviewed,us,us
2026-03-26T18:32:49.830Z,19.2754,-154.0001,10,3.1,ml,33,329,0.916,0.41,us,us7000s7wq,2026-03-27T03:00:07.020Z,"98 km ESE of Leilani Estates, Hawaii",earthquake,5.11,1.954,0.053,46,reviewed,us,us
2026-03-26T18:31:51.490Z,38.831001281738,-122.8193359375,1.4199999570847,0.82,md,10,77,0.01049,0.02,nc,nc75333452,2026-03-26T18:33:27.408Z,"8 km NW of The Geysers, CA",earthquake,0.41,0.709999979,0.25,11,automatic,nc,nc
2026-03-26T18:23:23.620Z,38.811668395996,-122.79582977295,2.6900000572205,0.76,md,7,114,0.003718,0.01,nc,nc75333447,2026-03-26T18:47:24.461Z,"5 km NW of The Geysers, CA",earthquake,0.46,2.25,0.06,8,automatic,nc,nc
2026-03-26T18:14:58.119Z,60.743,-150.36,41.4,1.9,ml,32,75,0.2,0.7,ak,aka2026fzphmm,2026-03-26T18:19:17.291Z,"26 km SE of Point Possession, Alaska",earthquake,3.7,4.8635,0.2,19,automatic,ak,ak
2026-03-26T18:11:12.770Z,36.606998443604,-121.14199829102,6.0999999046326,1.17,md,8,84,0.04961,0.28,nc,nc75333442,2026-03-26T20:07:21.009Z,"8 km N of Pinnacles, CA",earthquake,1.23,4.96999979,0.16,6,automatic,nc,nc
2026-03-26T18:11:04.730Z,60.529,-140.499,7.9,1.7,ml,11,266,0.7,0.6,ak,aka2026fzpeez,2026-03-26T20:12:48.956Z,"117 km NNW of Yakutat, Alaska",earthquake,40,9.0269,0.1,8,automatic,ak,ak
2026-03-26T18:09:55.660Z,38.06816482544,-118.92133331299,3.789999961853,1.84,md,17,142,0.2846,0.07,nc,nc75333437,2026-03-26T19:37:18.796Z,"18 km SSE of Bodie, CA",earthquake,1.27,10.2200003,0.18,13,automatic,nc,nc
2026-03-26T18:04:58.580Z,38.491,-112.89733333333,2.76,1.21,md,9,79,0.009325,0.04,uu,uu80133416,2026-03-26T18:56:28.630Z,"14 km NE of Milford, Utah",earthquake,0.26,0.65,0.15686253773682,5,reviewed,uu,uu
2026-03-26T17:59:56.230Z,39.299499511719,-122.78783416748,6.3499999046326,2.19,md,22,153,0.09548,0.12,nc,nc75333432,2026-03-26T19:17:22.650Z,"18 km NE of Upper Lake, CA",earthquake,0.37,1,0.15,16,automatic,nc,nc
2026-03-26T17:58:30.620Z,45.928333333333,-122.30316666667,7.12,1.33,ml,17,185,0.08116,0.22,uw,uw62229367,2026-03-26T18:24:46.720Z,"10 km NE of Yacolt, Washington",earthquake,0.75,1.19,0.14549581311308,9,reviewed,uw,uw
2026-03-26T17:54:23.410Z,38.490833333333,-112.90166666667,2.43,0.5,md,8,135,0.009939,0.05,uu,uu80133411,2026-03-26T18:58:26.100Z,"14 km NE of Milford, Utah",earthquake,0.44,0.61,0.36908664195271,4,reviewed,uu,uu
2026-03-26T17:51:03.870Z,38.499,-112.90416666667,2.42,1.44,md,11,84,0.005116,0.06,uu,uu80133401,2026-03-26T19:02:08.710Z,"14 km NE of Milford, Utah",earthquake,0.31,0.44,0.27685111126534,8,reviewed,uu,uu
2026-03-26T17:35:27.640Z,35.716333333333,-117.5455,6.23,1.73,ml,36,52,0.1078,0.12,ci,ci41425464,2026-03-26T17:58:11.689Z,"14 km WSW of Searles Valley, CA",earthquake,0.12,0.52,0.14045285299846,29,reviewed,ci,ci
2026-03-26T17:24:54.860Z,39.29666519165,-122.77583312988,7.4800000190735,3.72,mw,53,37,,0.13,nc,nc75333407,2026-03-27T07:47:19.259Z,"19 km NE of Upper Lake, CA",earthquake,0.19,0.74000001,,5,reviewed,nc,nc
2026-03-26T17:18:19.651Z,63.348,-151.508,0.2,2.1,ml,32,37,0.3,0.8,ak,aka2026fznkrr,2026-03-26T17:19:55.690Z,"24 km SSE of Denali National Park, Alaska",earthquake,2.9,2.5388,0.2,4,automatic,ak,ak
2026-03-26T17:15:44.363Z,12.1114,-86.3881,155.688,5.5,mww,81,127,1.617,0.93,us,us7000s7w6,2026-03-26T19:39:14.531Z,"7 km SW of Ciudad Sandino, Nicaragua",earthquake,8.36,6.801,0.046,45,reviewed,us,us
2026-03-26T17:15:17.950Z,38.500833333333,-112.9005,2.51,0.91,md,11,105,0.002124,0.07,uu,uu80133381,2026-03-26T19:39:39.330Z,"15 km NE of Milford, Utah",earthquake,0.28,0.42,0.30829568215818,5,reviewed,uu,uu
2026-03-26T17:11:47.170Z,38.500666666667,-112.90166666667,2.4,0.71,md,13,95,0.002998,0.07,uu,uu80133376,2026-03-26T17:59:53.300Z,"14 km NE of Milford, Utah",earthquake,0.29,0.35,0.26226954387667,4,reviewed,uu,uu
2026-03-26T17:09:06.564Z,57.621,-154.097,29.9,2.1,ml,16,196,0.7,0.4,ak,aka2026fznctb,2026-03-26T17:12:39.176Z,"11 km NW of Larsen Bay, Alaska",earthquake,11.9,5.5378,0.2,4,automatic,ak,ak
2026-03-26T17:06:28.683Z,31.676,-104.488,7.4329,1.6,ml,22,73,0,0.4,tx,tx2026fznamn,2026-03-26T19:07:51.727Z,"56 km S of Whites City, New Mexico",earthquake,1.4669971212936,0.77117985643168,0.1,14,reviewed,tx,tx
2026-03-26T17:03:38.446Z,-35.7502,-73.5099,10,4.4,mb,32,193,1.701,0.72,us,us7000s7uz,2026-03-26T17:19:02.040Z,"105 km NW of Quirihue, Chile",earthquake,7.46,1.863,0.17,10,reviewed,us,us
2026-03-26T16:53:42.660Z,38.757167816162,-122.80266571045,12.329999923706,0.5,md,6,170,0.03111,0.01,nc,nc75333387,2026-03-26T17:42:21.025Z,"5 km WSW of The Geysers, CA",earthquake,3.88,4.76999998,0.19,6,automatic,nc,nc
2026-03-26T16:48:11.493Z,63.521,-151.267,0.3,1.7,ml,24,69,0.4,0.8,ak,aka2026fzmksn,2026-03-26T16:49:56.767Z,"22 km E of Denali National Park, Alaska",earthquake,3.3,2.9583,0.2,4,automatic,ak,ak
2026-03-26T16:37:50.626Z,59.911,-152.755,94.3,1.9,ml,61,73,0.2,0.5,ak,aka2026fzmbun,2026-03-26T16:41:03.342Z,"53 km WNW of Anchor Point, Alaska",earthquake,3.6,1.9016,0.2,29,automatic,ak,ak
2026-03-26T16:32:37.740Z,39.484333333333,-110.35433333333,-1.35,1.17,md,5,129,0.06427,0.03,uu,uu80133371,2026-03-26T16:51:39.980Z,"7 km SSE of Sunnyside, Utah",earthquake,1,1.86,0.13926806418269,5,reviewed,uu,uu
2026-03-26T16:30:56.740Z,38.83150100708,-122.81483459473,1.5499999523163,1.08,md,20,48,0.008907,0.02,nc,nc75333382,2026-03-26T16:47:23.666Z,"8 km NW of The Geysers, CA",earthquake,0.18,0.409999996,0.17,22,automatic,nc,nc
2026-03-26T16:24:36.610Z,28.695,-98.191,6.8875,1.9,ml,16,67,0.1,0.2,tx,tx2026fzlqkc,2026-03-26T19:23:45.841Z,"18 km WNW of Pawnee, Texas",earthquake,1.2616916414851,2.0896516812317,0.1,6,reviewed,tx,tx
2026-03-26T16:20:32.961Z,39.5986,143.3643,10,4.8,mb,86,134,2.125,0.96,us,us7000s7uw,2026-03-26T16:40:18.040Z,"122 km E of Miyako, Japan",earthquake,8.1,1.892,0.057,94,reviewed,us,us
2026-03-26T16:19:46.202Z,58.712,-154.36,109.3,2.6,ml,91,46,0.2,0.6,ak,aka2026fzlmmk,2026-03-26T23:38:15.570Z,"84 km SSE of Kokhanok, Alaska",earthquake,3.6,1.5904,0.3,62,reviewed,ak,ak
2026-03-26T16:07:23.489Z,60.527,-140.002,12.7,1.8,ml,12,108,0.6,0.4,ak,aka2026fzlbrs,2026-03-26T23:34:40.435Z,"110 km N of Yakutat, Alaska",earthquake,5.6,3.2078,0.1,9,reviewed,ak,ak
2026-03-26T16:01:43.470Z,38.835834503174,-122.78266906738,1.5299999713898,1.44,md,22,69,0.006522,0.04,nc,nc75333377,2026-03-26T17:12:18.835Z,"5 km WNW of Cobb, CA",earthquake,0.23,0.340000004,0.18,22,automatic,nc,nc
2026-03-26T16:01:28.780Z,38.835334777832,-122.78316497803,1.6100000143051,1.37,md,22,133,0.006392,0.03,nc,nc75333372,2026-03-26T16:47:24.666Z,"5 km WNW of Cobb, CA",earthquake,0.23,0.340000004,0.12,26,automatic,nc,nc
2026-03-26T15:59:51.340Z,19.113666534424,-155.38667297363,39.590000152588,1.83,md,17,259,0.08253,0.0799999982,hv,hv74925212,2026-03-26T16:03:23.420Z,"13 km SE of Pāhala, Hawaii",earthquake,1.84,1.05999994,0.12585563298614,15,automatic,hv,hv
2026-03-26T15:59:45.355Z,39.5827,143.3051,10,4.6,mb,72,134,2.097,0.63,us,us7000s7up,2026-03-26T16:30:07.040Z,"117 km E of Yamada, Japan",earthquake,6.62,1.882,0.074,54,reviewed,us,us
2026-03-26T15:58:03.190Z,19.0905,-155.39816666667,40.44,1.58,ml,36,239,0.08846,0.12,hv,hv74925202,2026-03-27T03:04:08.400Z,"15 km SE of Pāhala, Hawaii",earthquake,0.75,0.64,0.26317704106459,7,reviewed,hv,hv
2026-03-26T15:55:17.020Z,19.122666666667,-155.437,42,1.77,ml,34,248,0.04031,0.1,hv,hv74925197,2026-03-26T23:37:57.420Z,"9 km SSE of Pāhala, Hawaii",earthquake,0.66,0.51,0.18983504195288,16,reviewed,hv,hv
2026-03-26T15:53:54.740Z,18.991833333333,-155.41433333333,40.49,2.08,ml,34,225,0.1689,0.21,hv,hv74925192,2026-03-26T23:11:58.120Z,"19 km ESE of Naalehu, Hawaii",earthquake,1.11,0.92,0.15807444886107,18,reviewed,hv,hv
2026-03-26T15:51:49.600Z,19.0375,-155.431,41.35,2.24,md,20,218,0.1209,0.14,hv,hv74925187,2026-03-26T22:49:57.810Z,"16 km ESE of Naalehu, Hawaii",earthquake,1.22,0.89,0.09849436780883,8,reviewed,hv,hv
2026-03-26T15:48:13.224Z,61.96,-147.271,43.3,1.6,ml,17,107,0.1,0.8,ak,aka2026fzklap,2026-03-26T23:32:57.127Z,"5 km WNW of Eureka Roadhouse, Alaska",earthquake,3.9,4.5546,0.2,13,reviewed,ak,ak
2026-03-26T15:28:57.797Z,51.254,-176.656,1.9,2.5,ml,20,246,0.6,0.6,ak,aka2026fzjuls,2026-03-26T23:30:51.578Z,"68 km S of Adak, Alaska",earthquake,6.7,6.5253,0.2,16,reviewed,ak,ak
2026-03-26T15:12:08.230Z,38.820667266846,-122.84033203125,2.079999923706,0.7,md,9,156,0.00481,0.02,nc,nc75333362,2026-03-26T15:42:20.197Z,"9 km WNW of The Geysers, CA",earthquake,0.44,0.819999993,0.39,9,automatic,nc,nc
2026-03-26T14:59:54.090Z,33.886333333333,-116.16583333333,5.57,1.18,ml,32,80,0.03952,0.16,ci,ci41425416,2026-03-26T17:23:30.441Z,"19 km NNE of Indio, CA",earthquake,0.19,0.55,0.133386633833,32,reviewed,ci,ci
2026-03-26T14:47:41.690Z,18.471833333333,-66.978833333333,11.3,2.71,md,19,152,0.03836,0.16,pr,pr71510963,2026-03-26T15:24:03.860Z,"3 km NW of San Antonio, Puerto Rico",earthquake,0.47,0.43,0.11862120745234,10,reviewed,pr,pr
2026-03-26T14:47:28.160Z,34.351166666667,-117.63166666667,11.45,0.17,ml,8,187,0.0493,0.08,ci,ci41425408,2026-03-26T16:54:34.946Z,"1 km S of Wrightwood, CA",earthquake,0.34,0.51,0.081303547315798,5,reviewed,ci,ci
2026-03-26T14:47:05.243Z,39.3964,143.4321,10,4.6,mb,46,139,2.288,0.59,us,us7000s7u7,2026-03-26T15:56:18.040Z,"127 km E of Yamada, Japan",earthquake,8.51,1.915,0.092,35,reviewed,us,us
2026-03-26T14:37:06.227Z,39.5022,143.1955,10,4.6,mb,39,178,2.079,0.88,us,us7000s7u5,2026-03-26T15:38:45.040Z,"107 km E of Yamada, Japan",earthquake,8.37,1.928,0.097,32,reviewed,us,us
2026-03-26T14:36:35.948Z,60.7,-151.92,94.6,2,ml,29,74,0.4,0.6,ak,aka2026fzibib,2026-03-26T21:59:02.442Z,"34 km WNW of Salamatof, Alaska",earthquake,3.8,3.1016,0.2,20,reviewed,ak,ak
2026-03-26T14:34:04.295Z,60.447,-140.293,0,2.4,ml,10,280,0.5,1.1,ak,aka2026fzhzfz,2026-03-26T15:55:41.698Z,"105 km NNW of Yakutat, Alaska",earthquake,11.1,0,0.2,7,reviewed,ak,ak
2026-03-26T14:31:24.220Z,38.813331604004,-122.81600189209,2.8399999141693,1.07,md,15,72,0.01106,0.02,nc,nc75333352,2026-03-26T15:07:18.960Z,"7 km NW of The Geysers, CA",earthquake,0.3,0.540000021,0.18,18,automatic,nc,nc
2026-03-26T14:28:04.984Z,51.254,-177.285,28.2,3,ml,22,227,0.5,0.5,ak,aka2026fzhtzo,2026-03-26T22:02:04.725Z,"82 km SSW of Adak, Alaska",earthquake,7.8,3.182,0.1,17,reviewed,ak,ak
2026-03-26T14:19:45.928Z,64.431,-146.701,0,3,ml,48,27,0.1,1,ak,aka2026fzhmwg,2026-03-26T17:29:49.584Z,"8 km NW of Harding-Birch Lakes, Alaska",earthquake,2.6,0,0.1,32,reviewed,ak,ak
2026-03-26T14:18:50.947Z,39.4462,143.3717,9.513,6.5,mww,121,45,2.22,0.82,us,us7000s7u4,2026-03-27T07:45:41.653Z,"122 km E of Yamada, Japan",earthquake,6.84,4.17,0.038,66,reviewed,us,us
2026-03-26T14:17:37.303Z,57.82,-154.428,55.3,1.8,ml,13,243,0.4,0.2,ak,aka2026fzhkzb,2026-03-26T16:00:31.987Z,"28 km N of Karluk, Alaska",earthquake,24.9,13.7208,0.1,11,reviewed,ak,ak
2026-03-26T14:10:05.557Z,32.015,-102.259,7.1533,1.1,ml,11,65,0,0.1,tx,tx2026fzhbms,2026-03-26T15:28:49.719Z,"11 km E of Gardendale, Texas",earthquake,1.4960413222719,0.80235935131716,0.2,6,reviewed,tx,tx
2026-03-26T14:08:43.760Z,38.4975,-112.90016666667,3.17,0.4,md,8,103,0.01137,0.05,uu,uu80133361,2026-03-26T15:19:54.200Z,"14 km NE of Milford, Utah",earthquake,0.31,0.58,0.34128114816331,5,reviewed,uu,uu
2026-03-26T13:53:27.015Z,32.013,-102.252,8.0811,0.7,ml,8,89,0,0.1,tx,tx2026fzgqbx,2026-03-26T16:54:36.371Z,"12 km E of Gardendale, Texas",earthquake,1.3604116080942,0.93745107480152,0.1,8,reviewed,tx,tx
2026-03-26T13:50:07.872Z,31.678,-104.412,6.0486,1.6,ml,27,69,0,0.2,tx,tx2026fzgnhi,2026-03-26T14:23:23.859Z,"55 km S of Whites City, New Mexico",earthquake,0.82846986360263,0.67082501951002,0.1,16,reviewed,tx,tx
2026-03-26T13:44:30.020Z,38.820835113525,-122.8476638794,1.8799999952316,1.22,md,22,80,0.00983,0.02,nc,nc75333332,2026-03-26T14:17:20.645Z,"9 km WNW of The Geysers, CA",earthquake,0.21,0.340000004,0.12,23,automatic,nc,nc
2026-03-26T13:21:21.765Z,31.662,-104.127,4.0363,1.6,ml,36,49,0,0.2,tx,tx2026fzfokc,2026-03-26T14:38:14.318Z,"49 km NW of Toyah, Texas",earthquake,0.31421833048826,0.88222737812976,0.1,16,reviewed,tx,tx
2026-03-26T13:17:17.000Z,38.492666666667,-112.89883333333,2.68,0.83,md,9,80,0.007689,0.04,uu,uu80133356,2026-03-26T15:22:13.980Z,"14 km NE of Milford, Utah",earthquake,0.34,0.57,0.59656013271872,6,reviewed,uu,uu
2026-03-26T13:16:30.549Z,31.661,-104.126,5.6,2,ml,26,89,0,0.1,tx,tx2026fzfkhg,2026-03-26T13:39:41.253Z,"49 km NW of Toyah, Texas",earthquake,0.41845694123855,0.83612823246771,0.2,16,reviewed,tx,tx
2026-03-26T13:14:35.279Z,61.931,-150.952,70.8,2.8,ml,120,24,0.3,0.7,ak,aka2026fzfhuq,2026-03-26T22:20:27.288Z,"24 km ESE of Skwentna, Alaska",earthquake,1.8,2.3132,0.2,82,reviewed,ak,ak
2026-03-26T13:13:22.765Z,60.739,-152.028,91.2,2.2,ml,15,84,0.4,0.6,ak,aka2026fzfhpg,2026-03-26T22:28:50.556Z,"40 km W of Nikiski, Alaska",earthquake,5.4,4.9281,0.3,13,reviewed,ak,ak
2026-03-26T13:11:21.658Z,51.308,-168.962,0.7,2.9,ml,17,306,1.6,0.4,ak,aka2026fzfgit,2026-03-26T23:27:03.927Z,"181 km S of Nikolski, Alaska",earthquake,27.8,19.8172,0.1,13,reviewed,ak,ak
2026-03-26T13:05:12.540Z,46.131666666667,-122.39183333333,17.56,0.39,md,6,233,0.1254,0.06,uw,uw62229327,2026-03-26T17:42:00.440Z,"24 km N of Amboy, Washington",earthquake,0.62,1.06,0.12128361175865,3,reviewed,uw,uw
2026-03-26T12:52:15.176Z,51.1325,-169.0564,10,2.9,ml,14,244,1.707,0.51,us,us7000s7zb,2026-03-27T06:29:37.040Z,"201 km S of Nikolski, Alaska",earthquake,3.42,2.018,0.091,16,reviewed,us,us
2026-03-26T12:49:18.080Z,31.649,-104.44,7.0227,1.6,ml,24,72,0,0.2,tx,tx2026fzemwp,2026-03-26T13:43:28.022Z,"58 km S of Whites City, New Mexico",earthquake,0.95788831835368,0.77113504427475,0.1,18,reviewed,tx,tx
2026-03-26T12:47:53.889Z,31.764,-104.147,6.4075,1.5,ml,24,87,0,0.1,tx,tx2026fzelqj,2026-03-26T14:01:26.908Z,"50 km SSE of Whites City, New Mexico",earthquake,0.55531120139315,0.57428150720692,0.2,21,reviewed,tx,tx
2026-03-26T12:46:49.219Z,57.678,-155.755,1.4,2,ml,25,153,0.3,0.5,ak,aka2026fzekut,2026-03-26T23:15:29.810Z,"78 km W of Karluk, Alaska",earthquake,6.9,3.893,0.2,19,reviewed,ak,ak
2026-03-26T12:45:25.080Z,38.825164794922,-122.76583099365,2.0899999141693,0.74,md,8,124,0.006184,0.01,nc,nc75333312,2026-03-26T13:07:18.191Z,"4 km W of Cobb, CA",earthquake,0.4,0.819999993,0.09,9,automatic,nc,nc
2026-03-26T12:39:06.374Z,32.112,-101.472,3.6375,1.1,ml,6,146,0.1,0.4,tx,tx2026fzeebu,2026-03-26T23:14:35.884Z,"9 km W of Forsan, Texas",earthquake,0,2.5617008209229,0.2,5,automatic,tx,tx
2026-03-26T12:33:03.801Z,52.4344,-170.6028,136.417,3.6,mb,44,201,0.571,0.95,us,us7000s7z8,2026-03-27T06:22:35.040Z,"130 km WSW of Nikolski, Alaska",earthquake,12.49,7.424,0.188,7,reviewed,us,us
2026-03-26T12:30:47.460Z,38.816165924072,-122.81533050537,3.0699999332428,0.81,md,8,106,0.008305,0.02,nc,nc75333307,2026-03-26T13:17:20.262Z,"7 km NW of The Geysers, CA",earthquake,0.73,1.72000003,0.19,10,automatic,nc,nc
2026-03-26T12:15:36.000Z,33.143,-116.54133333333,6.71,1.05,ml,53,29,0.07779,0.19,ci,ci41425352,2026-03-26T13:39:56.030Z,"9 km NE of Julian, CA",earthquake,0.16,0.44,0.21382820018665,27,reviewed,ci,ci
2026-03-26T11:50:34.355Z,61.653,-149.512,16.3,2,ml,43,44,0.2,0.7,ak,aka2026fzcogk,2026-03-26T23:12:39.317Z,"5 km WNW of Tanaina, Alaska",earthquake,2.1,2.0064,0.2,29,reviewed,ak,ak
2026-03-26T11:42:05.610Z,38.840667724609,-122.81733703613,1.1200000047684,0.98,md,10,148,0.01474,0.02,nc,nc75333297,2026-03-26T11:43:41.302Z,"8 km WNW of Cobb, CA",earthquake,0.35,0.649999976,0.2,12,automatic,nc,nc
2026-03-26T11:40:02.479Z,60.82,-139.706,2,1.8,ml,8,334,1,0.6,ak,aka2026fzcfkz,2026-03-26T16:09:39.368Z,"141 km N of Yakutat, Alaska",earthquake,26.1,7.2865,0.1,6,reviewed,ak,ak
2026-03-26T11:36:33.148Z,61.395,-150.243,46.8,1.9,ml,43,24,0.2,0.7,ak,aka2026fzccdx,2026-03-26T23:11:01.832Z,"14 km WNW of Point MacKenzie, Alaska",earthquake,2.4,3.1581,0.1,30,reviewed,ak,ak
2026-03-26T11:35:45.910Z,38.792835235596,-122.76466369629,3.170000076294,1.05,md,20,67,0.008688,0.02,nc,nc75333287,2026-03-26T11:37:21.249Z,"2 km NNW of The Geysers, CA",earthquake,0.27,0.579999983,0.3,19,automatic,nc,nc
2026-03-26T11:35:23.390Z,38.845832824707,-122.8176651001,1.9299999475479,0.77,md,12,91,0.009869,0.01,nc,nc75333282,2026-03-26T12:27:17.940Z,"9 km WNW of Cobb, CA",earthquake,0.27,0.819999993,0.2,14,automatic,nc,nc
2026-03-26T11:19:21.861Z,60.476,-139.932,5.8,2,ml,13,110,0.6,0.6,ak,aka2026fzbnmt,2026-03-26T23:09:06.094Z,"104 km N of Yakutat, Alaska",earthquake,5.3,3.0125,0.1,11,reviewed,ak,ak
2026-03-26T11:17:37.690Z,36.973833333333,-112.56033333333,21.02,1.18,md,9,132,0.06761,0.14,uu,uu80006563,2026-03-26T16:29:25.040Z,"4 km NW of Fredonia, Arizona",earthquake,0.47,0.86,0.31406585303919,6,reviewed,uu,uu
2026-03-26T11:13:21.743Z,26.3306,128.874,10,4.7,mb,41,72,0.737,1.08,us,us7000s7ru,2026-03-26T12:06:19.694Z,"79 km ESE of Taira, Japan",earthquake,6.65,1.902,0.08,47,reviewed,us,us
2026-03-26T11:07:00.798Z,15.5516,-93.1759,112.284,5.1,mb,71,119,1.235,1.25,us,us7000s7rp,2026-03-26T11:36:25.258Z,"5 km WSW of El Carmen, Mexico",earthquake,9.14,8.007,0.025,508,reviewed,us,us
2026-03-26T10:58:59.635Z,60.055,-153.305,152.1,2.3,ml,72,58,0.1,0.6,ak,aka2026fzavuu,2026-03-26T23:02:40.507Z,"53 km ENE of Pedro Bay, Alaska",earthquake,4.1,1.5823,0.4,47,reviewed,ak,ak
2026-03-26T10:53:58.756Z,31.663,-104.128,3.1134,1.6,ml,34,49,0,0.2,tx,tx2026fzarlc,2026-03-26T12:02:39.913Z,"50 km NW of Toyah, Texas",earthquake,0.32889787512286,1.1656977926139,0.2,14,reviewed,tx,tx
2026-03-26T10:38:39.706Z,64.586,-145.921,5.1,1.3,ml,10,89,0.2,0.4,ak,aka2026fzaehh,2026-03-26T23:00:19.928Z,"40 km NE of Harding-Birch Lakes, Alaska",earthquake,3.8,4.4937,0.2,6,reviewed,ak,ak
2026-03-26T10:36:13.705Z,31.662,-104.128,2.1906,1.5,ml,34,49,0,0.2,tx,tx2026fyzzxe,2026-03-26T12:38:01.285Z,"49 km NW of Toyah, Texas",earthquake,0.3513821918637,0.71577542629609,0.2,14,reviewed,tx,tx
2026-03-26T10:33:29.060Z,32.8905,-116.26566666667,6.95,0.74,ml,30,89,0.07136,0.18,ci,ci41425336,2026-03-26T13:28:16.536Z,"26 km ENE of Pine Valley, CA",earthquake,0.25,0.64,0.1720231742504,14,reviewed,ci,ci
2026-03-26T10:33:10.193Z,32.11,-101.939,7.9346,0.6,ml,15,70,0,0.1,tx,tx2026fyzznv,2026-03-26T16:30:52.955Z,"14 km W of Stanton, Texas",earthquake,0.82471798425944,0.7913751490119,0.1,11,reviewed,tx,tx
2026-03-26T10:32:44.697Z,54.6042,-159.7097,10,2.5,ml,12,216,1.36,1.08,us,us7000s7us,2026-03-27T06:06:37.040Z,"95 km SSE of Sand Point, Alaska",earthquake,3.79,2.012,0.105,12,reviewed,us,us
2026-03-26T10:21:43.820Z,48.645833333333,-123.13066666667,14.63,0.78,ml,12,114,0.03393,0.08,uw,uw62229312,2026-03-26T17:36:17.740Z,"14 km WNW of Orcas, Washington",earthquake,0.39,0.38,0.16462555852252,4,reviewed,uw,uw
2026-03-26T10:21:31.987Z,51.5028,-173.8572,10,2.8,ml,12,285,0.731,0.55,us,us7000s7z6,2026-03-27T05:56:00.040Z,"80 km SSE of Atka, Alaska",earthquake,3.09,1.936,0.115,10,reviewed,us,us
2026-03-26T10:21:03.750Z,53.448166666667,-168.09933333333,5.59,-0.38,ml,5,216,0.01748,0.11,av,av93057309,2026-03-27T07:58:47.400Z,"76 km NE of Nikolski, Alaska",earthquake,0.65,0.82,0.18511856065094,4,reviewed,av,av
2026-03-26T10:20:44.810Z,38.791332244873,-122.77950286865,2.0299999713898,0.27,md,7,142,0.00683,0.02,nc,nc75333267,2026-03-26T11:17:23.442Z,"3 km NW of The Geysers, CA",earthquake,0.73,1.42999995,0.05,8,automatic,nc,nc
2026-03-26T10:19:57.470Z,31.05,-103.231,5.2283,2.1,ml,28,80,0.1,0.2,tx,tx2026fyznvz,2026-03-26T12:21:37.893Z,"26 km SW of Coyanosa, Texas",earthquake,0.83162780901715,1.9236512823004,0.2,17,reviewed,tx,tx
2026-03-26T10:12:06.600Z,34.2095,-117.057,2.14,1.61,ml,77,22,0.05866,0.15,ci,ci41425328,2026-03-26T15:45:41.510Z,"5 km E of Running Springs, CA",earthquake,0.1,0.21,0.16290904667553,63,reviewed,ci,ci
2026-03-26T10:09:58.110Z,35.917333333333,-117.63266666667,9.12,0.81,ml,20,69,0.03372,0.16,ci,ci41425320,2026-03-26T13:28:33.187Z,"25 km E of Little Lake, CA",earthquake,0.25,0.55,0.2520178575644,9,reviewed,ci,ci
2026-03-26T10:08:08.133Z,54.512,-159.5782,34.681,2.9,ml,29,218,1.469,0.64,us,us7000s7yi,2026-03-27T05:49:33.040Z,"109 km SSE of Sand Point, Alaska",earthquake,7.62,10.717,0.105,12,reviewed,us,us
2026-03-26T10:00:15.410Z,32.764166666667,-115.88166666667,5.1,0.99,ml,23,75,0.1172,0.18,ci,ci41425312,2026-03-26T19:10:57.090Z,"11 km ENE of Ocotillo, CA",earthquake,0.26,0.69,0.14737237412994,15,reviewed,ci,ci
2026-03-26T09:59:53.010Z,31.666,-104.475,6.0999,1.8,ml,25,71,0,0.2,tx,tx2026fyywvn,2026-03-26T11:52:02.195Z,"57 km S of Whites City, New Mexico",earthquake,1.542164388377,0.47866323827115,0.2,17,reviewed,tx,tx
2026-03-26T09:51:29.710Z,60.402,-139.555,1.2,1.7,ml,10,217,0.8,0.4,ak,aka2026fyypqg,2026-03-26T21:52:28.141Z,"95 km N of Yakutat, Alaska",earthquake,8,4.2541,0.1,7,reviewed,ak,ak
2026-03-26T09:47:45.810Z,32.356,-102.057,6.2256,0.3,ml,15,60,0,0.1,tx,tx2026fyymkk,2026-03-26T15:21:42.376Z,"35 km NW of Stanton, Texas",earthquake,0.45386748621357,0.74057478331566,0.2,8,reviewed,tx,tx
2026-03-26T09:45:35.478Z,60.982,-150.946,65.4,1.5,ml,18,68,0.5,0.4,ak,aka2026fyykoj,2026-03-26T21:50:07.975Z,"14 km SE of Tyonek, Alaska",earthquake,4.3,5.4065,0.2,13,reviewed,ak,ak
2026-03-26T09:42:18.360Z,37.597332000732,-122.46416473389,8.4300003051758,1.9,md,40,90,0.03209,0.05,nc,nc75333257,2026-03-26T10:52:20.292Z,"3 km SE of Pacifica, CA",earthquake,0.23,0.310000002,0.24,26,automatic,nc,nc
2026-03-26T09:33:50.776Z,60.363,-139.599,5.8,1.7,ml,7,225,0.8,0.4,ak,aka2026fyyamb,2026-03-26T22:32:15.112Z,"91 km N of Yakutat, Alaska",earthquake,9.4,3.4705,0.1,4,reviewed,ak,ak
2026-03-26T09:31:51.056Z,52.749,-167.385,39.7,2.2,ml,13,265,0.7,0.2,ak,aka2026fyxysk,2026-03-26T22:31:25.361Z,"101 km ESE of Nikolski, Alaska",earthquake,9,18.3295,0.1,11,reviewed,ak,ak
2026-03-26T09:31:25.793Z,58.607,-156.584,13.2,1.9,ml,15,220,0.5,0.2,ak,aka2026fyxyiy,2026-03-26T22:30:20.714Z,"10 km SSE of King Salmon, Alaska",earthquake,6.9,6.4591,0.2,11,reviewed,ak,ak
2026-03-26T09:30:32.100Z,34.294666666667,-117.0875,8.75,0.69,ml,34,66,0.07773,0.13,ci,ci41425304,2026-03-26T22:19:14.671Z,"10 km NNE of Running Springs, CA",earthquake,0.18,0.34,0.094178293718424,15,reviewed,ci,ci
2026-03-26T09:17:16.818Z,31.663,-104.122,5.9973,1.4,ml,23,51,0,0.1,tx,tx2026fyxlzc,2026-03-26T15:27:27.845Z,"49 km NW of Toyah, Texas",earthquake,0.50653798534064,0.83373799937501,0.1,20,reviewed,tx,tx
2026-03-26T09:13:42.656Z,61.861,-149.675,25,1.7,ml,32,56,0.4,0.8,ak,aka2026fyxjdn,2026-03-26T22:34:37.502Z,"22 km ENE of Willow, Alaska",earthquake,2.4,2.1062,0.2,21,reviewed,ak,ak
2026-03-26T09:08:35.546Z,60.938,-140.126,6.8,1.6,ml,9,162,0.4,0.5,ak,aka2026fyxerk,2026-03-26T22:35:30.893Z,"156 km N of Yakutat, Alaska",earthquake,10.8,3.9671,0.2,7,reviewed,ak,ak
2026-03-26T09:08:34.006Z,-23.3111,170.6301,10,4.7,mb,23,109,3.015,0.71,us,us7000s7re,2026-03-26T13:03:26.040Z,"southeast of the Loyalty Islands",earthquake,5.99,1.938,0.153,17,reviewed,us,us
2026-03-26T08:55:31.353Z,-32.508,-71.6951,24.471,4,mb,34,146,0.515,0.53,us,us7000s7rb,2026-03-26T09:36:01.040Z,"44 km W of La Ligua, Chile",earthquake,4.8,6.06,0.196,7,reviewed,us,us
2026-03-26T08:51:54.941Z,39.4982,143.1921,45.294,4.6,mb,51,135,2.079,0.66,us,us7000s7rc,2026-03-26T09:07:20.040Z,"106 km E of Yamada, Japan",earthquake,6.18,7.246,0.076,51,reviewed,us,us
2026-03-26T08:47:31.537Z,54.5025,-159.6373,35,3.2,ml,28,207,1.597,0.56,us,us7000s7r9,2026-03-26T22:37:22.566Z,"108 km SSE of Sand Point, Alaska",earthquake,6.51,2.017,0.074,24,reviewed,us,us
2026-03-26T08:46:47.455Z,59.655,-152.113,74.1,1.6,ml,10,166,0.5,0.4,ak,aka2026fywlwx,2026-03-26T22:44:17.275Z,"20 km SW of Anchor Point, Alaska",earthquake,8.3,6.4658,0.1,7,reviewed,ak,ak
2026-03-26T08:40:30.776Z,44.0376,10.9974,72.371,4.2,mb,26,104,0.313,1.11,us,us7000s7r8,2026-03-26T16:31:42.638Z,"6 km WNW of Cantagallo, Italy",earthquake,7.37,4.465,0.131,16,reviewed,us,us
2026-03-26T08:35:49.780Z,58.363666666667,-154.6255,5.39,-0.46,ml,5,223,0.09464,0.25,av,av94110508,2026-03-27T07:21:14.040Z,"89 km N of Karluk, Alaska",earthquake,1.35,3.4,0.08345276415081,5,reviewed,av,av
2026-03-26T08:26:46.640Z,41.586,-112.4155,2.3,0.66,md,15,90,0.08988,0.11,uu,uu80006568,2026-03-26T16:25:25.410Z,"15 km SW of Thatcher, Utah",earthquake,0.32,2.54,0.092424279810635,9,reviewed,uu,uu
2026-03-26T08:25:26.514Z,60.928,-147.35,17,3,ml,145,41,0.1,0.8,ak,aka2026fyvtmm,2026-03-26T22:44:06.225Z,"37 km W of Tatitlek, Alaska",earthquake,1.7,1.3919,0.2,103,reviewed,ak,ak
2026-03-26T08:17:22.910Z,33.885666666667,-116.16383333333,6.52,1.06,ml,42,40,0.04047,0.17,ci,ci41425296,2026-03-26T19:21:15.746Z,"19 km NNE of Indio, CA",earthquake,0.16,0.46,0.15003434610364,32,reviewed,ci,ci
2026-03-26T08:09:28.402Z,31.664,-104.493,5.8435,3.5,ml,28,70,0,0.1,tx,tx2026fyvfnb,2026-03-27T08:24:09.772Z,"57 km S of Whites City, New Mexico",earthquake,2.677338646565,1.3359694399625,0.2,25,reviewed,tx,tx
2026-03-26T08:08:16.900Z,36.642501831055,-121.30266571045,4.2699999809265,1.25,md,7,97,0.03302,0.07,nc,nc75333242,2026-03-26T10:07:20.955Z,"16 km S of Tres Pinos, CA",earthquake,0.43,1.13,0.39,7,automatic,nc,nc
2026-03-26T08:07:34.940Z,36.054333333333,-89.824333333333,6.51,2.21,md,35,50,0.06602,0.11,nm,nm60619131,2026-03-26T12:13:40.910Z,"1 km WNW of Cooter, Missouri",earthquake,0.17,0.55,0.13226539093837,28,reviewed,nm,nm
2026-03-26T07:59:43.378Z,54.462,-159.714,19.8,3,ml,36,220,1.4,0.7,ak,aka2026fyuxla,2026-03-26T22:45:55.826Z,"109 km SSE of Sand Point, Alaska",earthquake,16.6,12.2726,0.2,25,reviewed,ak,ak
2026-03-26T07:56:36.610Z,38.823165893555,-122.8450012207,2.2699999809265,0.92,md,18,83,0.007789,0.02,nc,nc75333237,2026-03-26T08:17:23.240Z,"9 km WNW of The Geysers, CA",earthquake,0.25,0.419999987,0.2,20,automatic,nc,nc
2026-03-26T07:55:58.670Z,34.469,-117.95333333333,9.71,0.57,ml,23,37,0.02008,0.12,ci,ci41425288,2026-03-26T15:01:48.630Z,"6 km SW of Pearblossom, CA",earthquake,0.19,0.35,0.18124986467075,6,reviewed,ci,ci
2026-03-26T07:53:50.870Z,59.63,-153.056,101.6,1.8,ml,28,78,0.1,0.4,ak,aka2026fyusgo,2026-03-26T21:45:58.834Z,"61 km ESE of Pedro Bay, Alaska",earthquake,6,2.9598,0.4,19,reviewed,ak,ak
2026-03-26T07:49:56.280Z,33.707333333333,-116.75483333333,15.35,0.36,ml,23,70,0.03642,0.13,ci,ci41425280,2026-03-26T13:29:05.951Z,"5 km SW of Idyllwild, CA",earthquake,0.23,0.38,0.19267374583818,7,reviewed,ci,ci
2026-03-26T07:45:15.960Z,36.467166900635,-121.06783294678,6.4099998474121,1.09,md,9,72,0.01428,0.15,nc,nc75333232,2026-03-26T07:46:50.515Z,"10 km SE of Pinnacles, CA",earthquake,0.59,1.19000006,0.24,6,automatic,nc,nc
2026-03-26T07:37:53.926Z,40.6953,142.5904,46.463,4.9,mb,61,131,1.163,0.6,us,us7000s7qu,2026-03-26T10:51:23.790Z,"89 km NE of Kuji, Japan",earthquake,8.66,7.386,0.054,108,reviewed,us,us
2026-03-26T07:36:35.660Z,33.8845,-116.167,6.36,1.12,ml,41,58,0.04119,0.15,ci,ci41425264,2026-03-26T19:05:36.893Z,"19 km NNE of Indio, CA",earthquake,0.18,0.43,0.16023650550255,34,reviewed,ci,ci
2026-03-26T07:34:14.980Z,34.0485,-117.25783333333,16.02,1.2,ml,71,38,0.06043,0.15,ci,ci41425256,2026-03-26T18:55:31.771Z,"0 km E of Loma Linda, CA",earthquake,0.13,0.28,0.17698949185745,22,reviewed,ci,ci
2026-03-26T07:31:37.881Z,62.032,-147.081,43.1,1.5,ml,21,69,0.2,0.9,ak,aka2026fytzcq,2026-03-26T21:15:18.847Z,"11 km NNE of Eureka Roadhouse, Alaska",earthquake,3.3,4.7436,0.2,14,reviewed,ak,ak
2026-03-26T07:27:14.446Z,53.059,-166.886,23.4,2.3,ml,14,236,0.7,0.3,ak,aka2026fytvhj,2026-03-26T21:13:42.674Z,"93 km SSW of Unalaska, Alaska",earthquake,11.6,6.0085,0.2,12,reviewed,ak,ak
2026-03-26T07:25:52.010Z,60.075333333333,-153.02333333333,3.08,-0.74,ml,5,282,0.02708,0.04,av,av94110408,2026-03-27T07:10:43.410Z,"68 km ENE of Pedro Bay, Alaska",earthquake,1,0.45,0.34706890493959,5,reviewed,av,av
2026-03-26T07:22:57.450Z,17.8775,-66.832166666667,7.89,2.61,md,12,243,0.1005,0.15,pr,pr71510943,2026-03-26T07:53:12.630Z,"12 km SSE of Maria Antonia, Puerto Rico",earthquake,0.6,0.44,0.049078638450832,4,reviewed,pr,pr
2026-03-26T07:22:18.661Z,60.653,-148.063,9.8,2,ml,35,79,0.3,0.8,ak,aka2026fytrby,2026-03-26T21:16:34.817Z,"36 km ESE of Whittier, Alaska",earthquake,2.3,1.4798,0.1,25,reviewed,ak,ak
2026-03-26T07:20:32.290Z,38.823665618896,-122.84633636475,1.9500000476837,0.76,md,8,133,0.008849,0.01,nc,nc75333222,2026-03-26T07:22:11.349Z,"9 km WNW of The Geysers, CA",earthquake,0.56,0.829999983,0.43,9,automatic,nc,nc
2026-03-26T07:11:58.496Z,52.491,-169.662,16.7,2.4,ml,12,284,0.3,0.4,ak,aka2026fytica,2026-03-26T21:17:34.879Z,"73 km SW of Nikolski, Alaska",earthquake,11.7,4.9099,0.2,10,reviewed,ak,ak
2026-03-26T07:09:49.970Z,38.772834777832,-122.7448348999,1.3899999856949,1.08,md,8,145,0.01648,0.01,nc,nc75333212,2026-03-26T07:11:26.310Z,"1 km ESE of The Geysers, CA",earthquake,0.95,0.930000007,0.05,8,automatic,nc,nc
2026-03-26T07:03:26.730Z,38.816833496094,-122.81883239746,2.5099999904633,1.55,md,21,56,0.009473,0.02,nc,nc75333207,2026-03-26T07:42:21.024Z,"7 km NW of The Geysers, CA",earthquake,0.23,0.430000007,0.12,22,automatic,nc,nc
2026-03-26T07:00:25.570Z,33.145,-116.53916666667,7.47,0.76,ml,39,50,0.08048,0.19,ci,ci41425248,2026-03-26T21:42:02.288Z,"9 km NE of Julian, CA",earthquake,0.23,0.65,0.13462975168707,22,reviewed,ci,ci
2026-03-26T06:55:25.667Z,59.488,-152.587,82.3,2,ml,44,99,0.4,0.4,ak,aka2026fystxo,2026-03-26T21:20:01.654Z,"40 km WNW of Nanwalek, Alaska",earthquake,3.7,2.491,0.3,31,reviewed,ak,ak
2026-03-26T06:53:20.000Z,38.490666666667,-112.89866666667,2.4,1.2,md,9,97,0.01441,0.05,uu,uu80133341,2026-03-26T13:24:14.290Z,"14 km NE of Milford, Utah",earthquake,0.26,0.58,0.18240853274873,4,reviewed,uu,uu
2026-03-26T06:52:45.930Z,38.838333129883,-122.80016326904,1.75,1.12,md,17,101,0.01667,0.02,nc,nc75333197,2026-03-26T07:32:18.959Z,"7 km WNW of Cobb, CA",earthquake,0.24,0.560000002,0.16,19,automatic,nc,nc
2026-03-26T06:51:34.659Z,61.244,-152.411,5,0.5,ml,6,149,0,0.8,ak,aka2026fysqpl,2026-03-26T20:38:36.356Z,"71 km WNW of Tyonek, Alaska",earthquake,12.3,,1.1,5,automatic,ak,ak
2026-03-26T06:45:14.208Z,32.418,-102.076,8.4229,0.8,ml,35,70,0,0.2,tx,tx2026fyslbl,2026-03-26T12:46:15.063Z,"35 km WSW of Ackerly, Texas",earthquake,0.41686946501896,0.67780849828183,0.2,16,reviewed,tx,tx
2026-03-26T06:44:18.640Z,58.444333333333,-154.58466666667,4.51,0.02,ml,11,175,0.05341,0.27,av,av94110363,2026-03-27T07:02:41.910Z,"97 km N of Karluk, Alaska",earthquake,0.69,1.02,0.23399930182447,11,reviewed,av,av
2026-03-26T06:19:52.310Z,38.825500488281,-122.84583282471,1.9700000286102,0.63,md,8,117,0.008768,0.01,nc,nc75333192,2026-03-26T06:42:21.622Z,"9 km NW of The Geysers, CA",earthquake,0.45,0.74000001,0.2,8,automatic,nc,nc
2026-03-26T06:15:45.616Z,54.57,-159.765,3.6,3,ml,41,228,1.3,0.6,ak,aka2026fyrlhp,2026-03-26T21:22:33.306Z,"97 km SSE of Sand Point, Alaska",earthquake,5.4,4.812,0.3,31,reviewed,ak,ak
2026-03-26T06:08:11.387Z,31.661,-104.126,6.0999,1.6,ml,39,49,0,0.2,tx,tx2026fyrffh,2026-03-26T09:25:43.403Z,"49 km NW of Toyah, Texas",earthquake,0.43576606160674,0.51924916547787,0.2,18,reviewed,tx,tx
2026-03-26T05:59:38.512Z,59.531,-152.513,74.1,1.9,ml,32,100,0.4,0.5,ak,aka2026fyqxvs,2026-03-26T21:23:57.646Z,"38 km WNW of Nanwalek, Alaska",earthquake,4.3,3.208,0.3,23,reviewed,ak,ak
2026-03-26T05:54:33.790Z,32.104,-101.921,8.9355,1.5,ml,69,35,0.1,0.2,tx,tx2026fyqtma,2026-03-26T08:49:47.665Z,"12 km WSW of Stanton, Texas",earthquake,0.26197095394735,0.43853984836229,0.1,34,reviewed,tx,tx
2026-03-26T05:53:43.470Z,33.525666666667,-116.7325,4.02,0.63,ml,32,38,0.0398,0.18,ci,ci41425240,2026-03-26T13:39:38.230Z,"6 km WSW of Anza, CA",earthquake,0.18,0.37,0.15858228760978,17,reviewed,ci,ci
2026-03-26T05:49:06.991Z,51.241,-169.006,20,3.2,ml,19,304,1.6,0.4,ak,aka2026fyqpgx,2026-03-26T21:36:28.989Z,"189 km S of Nikolski, Alaska",earthquake,10.5,0,0.2,14,reviewed,ak,ak
2026-03-26T05:40:28.730Z,17.9305,-66.821833333333,10.08,2.12,md,9,223,0.06077,0.11,pr,pr71510923,2026-03-26T06:02:54.800Z,"7 km S of Indios, Puerto Rico",earthquake,0.56,0.49,0.080555894914878,3,reviewed,pr,pr
2026-03-26T05:40:02.774Z,32.416,-102.07,8.8623,1.6,ml,56,51,0,0.1,tx,tx2026fyqgyl,2026-03-26T09:05:44.630Z,"35 km WSW of Ackerly, Texas",earthquake,0.31697906978232,0.40713559276012,0.2,25,reviewed,tx,tx
2026-03-26T05:38:46.894Z,51.203,-178.193,14.5,2.4,ml,18,252,0.5,0.5,ak,aka2026fyqfwo,2026-03-26T21:34:46.221Z,"131 km SW of Adak, Alaska",earthquake,8.7,3.6714,0.1,12,reviewed,ak,ak
2026-03-26T05:36:56.766Z,54.547,-159.771,1.7,2.6,ml,17,277,1.4,0.6,ak,aka2026fyqemq,2026-03-26T21:33:15.057Z,"99 km SSE of Sand Point, Alaska",earthquake,8.1,4.9951,0.1,13,reviewed,ak,ak
2026-03-26T05:32:24.716Z,-7.2914,120.2944,549.839,4.8,mb,49,72,2.326,0.6,us,us7000s7qi,2026-03-26T05:47:51.040Z,"140 km NNE of Labuan Bajo, Indonesia",earthquake,9.87,7.936,0.092,36,reviewed,us,us
2026-03-26T05:14:59.659Z,51.199,-169.061,21,3.2,ml,13,253,1.6,0.4,ak,aka2026fyplmq,2026-03-26T21:31:09.353Z,"194 km S of Nikolski, Alaska",earthquake,22.9,22.9251,0.3,11,reviewed,ak,ak
2026-03-26T05:14:08.558Z,60.831,-148.906,19.5,1.8,ml,36,63,0.4,0.6,ak,aka2026fypkql,2026-03-26T21:30:07.209Z,"13 km WNW of Whittier, Alaska",earthquake,2.6,1.7891,0.2,24,reviewed,ak,ak
2026-03-26T05:12:44.580Z,38.81566619873,-122.81583404541,3.0199999809265,0.75,md,13,53,0.008933,0.01,nc,nc75333182,2026-03-26T05:14:21.367Z,"7 km NW of The Geysers, CA",earthquake,0.36,0.839999974,0.27,15,automatic,nc,nc
2026-03-26T05:10:20.010Z,34.208166666667,-117.0595,2.2,0.9,ml,36,49,0.05636,0.12,ci,ci41425232,2026-03-26T18:09:16.944Z,"5 km E of Running Springs, CA",earthquake,0.13,0.2,0.12583854975288,27,reviewed,ci,ci
2026-03-26T05:09:03.510Z,54.464,-159.638,45.4,3.4,ml,43,217,1.5,0.9,ak,aka2026fypgis,2026-03-26T21:27:42.906Z,"111 km SSE of Sand Point, Alaska",earthquake,9.4,31.287,0.1,31,reviewed,ak,ak
2026-03-26T05:07:53.230Z,53.896666666667,-166.62116666667,7.45,0.32,ml,7,152,0.04056,0.09,av,av93057304,2026-03-27T06:52:10.330Z,"5 km W of Dutch Harbor, Alaska",earthquake,0.33,0.67,0.39818046425377,7,reviewed,av,av
2026-03-26T05:03:51.340Z,38.786334991455,-122.7705001831,3.5999999046326,1.47,md,21,82,0.01603,0.03,nc,nc75333177,2026-03-26T05:42:21.215Z,"2 km NW of The Geysers, CA",earthquake,0.32,0.569999993,0.22,23,automatic,nc,nc
2026-03-26T05:03:36.121Z,54.6301,-159.7286,35,4.3,mwr,69,149,1.479,0.88,us,us7000s7qb,2026-03-26T17:11:02.421Z,"92 km SSE of Sand Point, Alaska",earthquake,5.21,1.631,0.052,35,reviewed,us,us
2026-03-26T04:48:49.790Z,37.493831634521,-118.87400054932,4.6900000572205,1.16,md,14,128,0.1024,0.06,nc,nc75333172,2026-03-26T06:52:23.690Z,"18 km SSE of Mammoth Lakes, CA",earthquake,0.45,1.87,0.09,14,automatic,nc,nc
2026-03-26T04:43:46.060Z,54.534333333333,-164.70716666667,1.71,0.37,ml,4,141,0.0431,0.12,av,av93057299,2026-03-27T06:25:38.990Z,"82 km ENE of Akutan, Alaska",earthquake,0.4,0.61,0.10982187351608,4,reviewed,av,av
2026-03-26T04:40:40.920Z,37.6665,-119.42133333333,14.99,1.62,md,24,115,0.1881,0.09,nc,nc75333167,2026-03-26T19:07:20.586Z,"16 km ESE of Yosemite Valley, CA",earthquake,0.32,1.35,0.359,15,reviewed,nc,nc
2026-03-26T04:39:50.483Z,-3.7243,123.3284,10,5,mww,26,63,3.789,0.42,us,us7000s7qa,2026-03-26T04:58:38.040Z,"94 km ENE of Kendari, Indonesia",earthquake,8.69,1.878,0.08,15,reviewed,us,us
2026-03-26T04:36:09.990Z,37.494167327881,-118.87149810791,4.3600001335144,1.63,md,16,128,0.1015,0.02,nc,nc75333162,2026-03-26T06:07:20.501Z,"18 km SSE of Mammoth Lakes, CA",earthquake,0.26,1.30999994,0.17,16,automatic,nc,nc
2026-03-26T04:31:31.110Z,40.567501068115,-122.09633636475,9.3900003433228,2.08,md,9,109,0.0684,0.07,nc,nc75333157,2026-03-26T05:47:24.249Z,"8 km E of Millville, CA",earthquake,0.51,1.10000002,0.07,10,automatic,nc,nc
2026-03-26T04:26:35.070Z,-37.7813,-73.4011,35,4.2,mb,35,191,2.024,0.97,us,us7000s7q5,2026-03-26T04:48:46.040Z,"2 km N of Cañete, Chile",earthquake,6.98,1.993,0.146,13,reviewed,us,us
2026-03-26T04:23:15.930Z,53.895833333333,-166.63416666667,7.69,0,ml,8,144,0.03309,0.22,av,av94110233,2026-03-27T06:23:08.740Z,"6 km W of Dutch Harbor, Alaska",earthquake,0.57,1.14,0.41140035066164,8,reviewed,av,av
2026-03-26T04:22:29.880Z,37.862167358398,-122.0504989624,8.4099998474121,1.36,md,18,68,0.04592,0.1,nc,nc75333152,2026-03-26T05:32:18.140Z,"2 km NW of Alamo, CA",earthquake,0.32,0.689999998,0.09,15,automatic,nc,nc
2026-03-26T04:13:16.720Z,53.888166666667,-166.63233333333,8.7,0.15,ml,8,138,0.03197,0.28,av,av94110218,2026-03-27T06:15:38.200Z,"5 km W of Dutch Harbor, Alaska",earthquake,0.7,1.3,0.26631388665693,8,reviewed,av,av
2026-03-26T04:11:27.610Z,60.022666666667,-153.06216666667,0.6,-0.84,ml,5,107,0.02284,0.14,av,av94110213,2026-03-27T06:11:37.830Z,"64 km ENE of Pedro Bay, Alaska",earthquake,0.57,1.78,0.21437275191259,5,reviewed,av,av
2026-03-26T04:09:40.128Z,53.891,-166.643,11.4,2.3,ml,26,149,0,0.4,ak,aka2026fynhbm,2026-03-27T06:09:08.620Z,"6 km W of Dutch Harbor, Alaska",earthquake,7.6,1.5264,0.2,20,reviewed,ak,ak
2026-03-26T04:08:11.660Z,60.752,-147.415,16.3,1.7,ml,22,59,0.2,0.7,ak,aka2026fynfut,2026-03-26T21:08:14.258Z,"42 km WSW of Tatitlek, Alaska",earthquake,2.9,1.7901,0.2,17,reviewed,ak,ak
2026-03-26T03:57:36.811Z,61.232,-140.643,10.4,1.6,ml,12,161,0.4,0.6,ak,aka2026fymwrr,2026-03-26T21:06:49.536Z,"124 km ESE of McCarthy, Alaska",earthquake,6.5,3.6421,0.1,10,reviewed,ak,ak
2026-03-26T03:53:09.260Z,51.302,-177.413,27.1,2.3,ml,21,246,0.5,0.3,ak,aka2026fymsvw,2026-03-26T21:05:57.323Z,"83 km SW of Adak, Alaska",earthquake,8.4,3.2054,0.1,14,reviewed,ak,ak
2026-03-26T03:44:07.412Z,61.531,-141.249,4.1,1.7,ml,18,73,0.4,0.5,ak,aka2026fymlbe,2026-03-26T21:04:15.371Z,"89 km E of McCarthy, Alaska",earthquake,3.4,3.4198,0.1,13,reviewed,ak,ak
2026-03-26T03:43:33.745Z,61.079,-150.722,64.6,1.6,ml,22,73,0.4,0.7,ak,aka2026fymkqf,2026-03-26T21:03:25.002Z,"17 km N of Point Possession, Alaska",earthquake,3.4,4.3532,0.2,15,reviewed,ak,ak
2026-03-26T03:40:00.510Z,37.734333333333,-111.14333333333,33.91,2.43,ml,14,159,0.3774,0.2,uu,uu80133336,2026-03-26T14:07:37.510Z,"31 km SE of Boulder Town, Utah",earthquake,0.93,0.85,0.32215174507833,12,reviewed,uu,uu
2026-03-26T03:34:38.580Z,33.665333333333,-116.72416666667,13.08,0.84,ml,47,53,0.04216,0.16,ci,ci41425216,2026-03-26T13:39:21.750Z,"8 km S of Idyllwild, CA",earthquake,0.16,0.29,0.18902899975709,25,reviewed,ci,ci
2026-03-26T03:32:27.503Z,59.797,-148.171,24.1,1.8,ml,13,199,0.4,0.5,ak,aka2026fymbau,2026-03-26T20:59:27.833Z,"31 km SSW of Chenega, Alaska",earthquake,7.6,4.1399,0.2,10,reviewed,ak,ak
2026-03-26T03:31:22.360Z,35.939334869385,-119.8613357544,22.780000686646,1.85,md,15,89,0.2218,0.24,nc,nc75333142,2026-03-26T05:07:20.048Z,"12 km SE of Kettleman City, CA",earthquake,0.96,3.50999999,0.07,9,automatic,nc,nc
2026-03-26T03:24:06.084Z,59.951,-152.957,116.5,1.9,ml,35,68,0.1,0.4,ak,aka2026fyltuu,2026-03-26T20:58:17.533Z,"65 km WNW of Anchor Point, Alaska",earthquake,5.1,2.7686,0.4,25,reviewed,ak,ak
2026-03-26T03:17:26.442Z,60.517,-140.051,7.1,1.9,ml,12,117,0.6,0.4,ak,aka2026fylock,2026-03-26T20:55:14.066Z,"109 km N of Yakutat, Alaska",earthquake,5.4,3.21,0.1,10,reviewed,ak,ak
2026-03-26T03:15:15.690Z,55.953166666667,-159.7455,20.59,0.25,ml,6,318,0.1576,0.06,av,av93057294,2026-03-27T05:35:05.940Z,"17 km WNW of Ivanof Bay, Alaska",earthquake,0.91,0.91,0.1082912150252,6,reviewed,av,av
2026-03-26T03:13:03.260Z,55.952,-159.69216666667,26.54,0.2,ml,5,313,0.1406,0.13,av,av93057289,2026-03-27T05:29:05.560Z,"14 km WNW of Ivanof Bay, Alaska",earthquake,2.53,1.17,0.050476448202249,5,reviewed,av,av
2026-03-26T03:12:06.400Z,55.951,-159.71333333333,21.2,0.55,ml,8,307,0.1481,0.33,av,av94110143,2026-03-27T05:24:35.220Z,"15 km WNW of Ivanof Bay, Alaska",earthquake,1.85,1.82,0.23439633639064,8,reviewed,av,av
2026-03-26T03:10:43.427Z,31.668,-104.399,7.1252,1.6,ml,28,70,0,0.3,tx,tx2026fylihr,2026-03-26T09:13:49.274Z,"56 km S of Whites City, New Mexico",earthquake,0.92297127772502,0.82550156446437,0.1,15,reviewed,tx,tx
2026-03-26T03:09:37.060Z,55.957666666667,-159.70883333333,22.15,0.6,ml,8,306,0.1411,0.08,av,av94110133,2026-03-27T04:56:03.780Z,"15 km WNW of Ivanof Bay, Alaska",earthquake,0.85,0.71,0.17042362135337,8,reviewed,av,av
2026-03-26T02:52:19.874Z,31.678,-104.407,5.4333,2.1,ml,33,69,0,0.2,tx,tx2026fykslh,2026-03-26T08:19:12.348Z,"55 km S of Whites City, New Mexico",earthquake,0.83093195018621,0.57860479843106,0.1,21,reviewed,tx,tx
2026-03-26T02:42:29.786Z,31.673,-104.494,6.2537,3.5,ml,25,74,0,0.1,tx,tx2026fykjyv,2026-03-27T02:58:14.196Z,"56 km S of Whites City, New Mexico",earthquake,2.8693993857894,1.694257651782,0.1,19,reviewed,tx,tx
2026-03-26T02:35:00.623Z,32.105,-101.928,8.2275,1.2,ml,51,61,0.1,0.2,tx,tx2026fykdnj,2026-03-26T10:06:48.495Z,"13 km WSW of Stanton, Texas",earthquake,0.42599984378621,0.6593130687567,0.1,23,reviewed,tx,tx
2026-03-26T02:33:30.393Z,32.279,-101.114,4.6143,1,ml,13,69,0.1,0.2,tx,tx2026fykcfg,2026-03-26T13:55:38.245Z,"12 km SW of Westbrook, Texas",earthquake,1.079253730393,1.8218468399373,0.1,8,reviewed,tx,tx
2026-03-26T02:32:08.185Z,61.519,-149.882,20.4,2.6,ml,89,31,0.4,0.9,ak,aka2026fykbap,2026-03-26T20:51:54.928Z,"3 km E of Big Lake, Alaska",earthquake,1.7,1.8047,0.2,60,reviewed,ak,ak
2026-03-26T02:31:38.954Z,31.199,-103.213,4.9719,1.3,ml,11,86,0,0.2,tx,tx2026fykapn,2026-03-26T14:09:55.826Z,"14 km WSW of Coyanosa, Texas",earthquake,1.2087945842482,0.79562819837897,0.2,15,reviewed,tx,tx
2026-03-26T02:31:21.270Z,34.979666666667,-118.88516666667,9.38,1.14,ml,23,124,0.07249,0.12,ci,ci41425200,2026-03-26T16:42:14.343Z,"6 km NE of Grapevine, CA",earthquake,0.2,0.48,0.12625256435248,10,reviewed,ci,ci
2026-03-26T02:30:03.780Z,33.768,-118.73766666667,0.16,1.9,ml,21,230,0.2427,0.24,ci,ci41425192,2026-03-26T14:28:44.716Z,"27 km SSE of Malibu, CA",earthquake,0.68,1.14,0.14852074942462,34,reviewed,ci,ci
2026-03-26T02:28:48.387Z,60.109,-148.408,2.2,1.9,ml,21,152,0.5,0.9,ak,aka2026fyjyeg,2026-03-26T20:47:31.997Z,"22 km WNW of Chenega, Alaska",earthquake,3.8,2.0599,0.2,15,reviewed,ak,ak
2026-03-26T02:26:57.164Z,60.461,-139.777,5.3,1.7,ml,13,106,0.7,0.5,ak,aka2026fyjwsg,2026-03-26T20:45:55.829Z,"101 km N of Yakutat, Alaska",earthquake,5.3,3.0673,0.1,10,reviewed,ak,ak
2026-03-26T02:25:49.331Z,32.107,-101.926,8.7646,0.9,ml,41,65,0.1,0.2,tx,tx2026fyjsor,2026-03-26T12:30:04.731Z,"13 km W of Stanton, Texas",earthquake,0.4579708993575,0.97881694212865,0.2,12,reviewed,tx,tx
2026-03-26T02:25:47.720Z,19.180999755859,-155.36466979981,30.159999847412,1.72,md,24,200,0.0642,0.129999995,hv,hv74924877,2026-03-26T02:29:41.080Z,"12 km ESE of Pāhala, Hawaii",earthquake,0.76,0.639999986,0.12746109994397,14,automatic,hv,hv
2026-03-26T02:24:22.610Z,33.527166666667,-116.73816666667,4.63,0.47,ml,26,44,0.03811,0.16,ci,ci41425184,2026-03-26T17:51:39.476Z,"7 km WSW of Anza, CA",earthquake,0.2,0.33,0.13632873090844,14,reviewed,ci,ci
2026-03-26T02:24:05.400Z,39.651166666667,-112.08666666667,1.85,1.59,ml,10,74,0.2551,0.17,uu,uu80133331,2026-03-26T13:28:12.850Z,"21 km NE of Leamington, Utah",earthquake,0.49,31.61,0.15032401840293,6,reviewed,uu,uu
2026-03-26T02:14:41.922Z,31.666,-104.449,5.4718,2.9,ml,54,71,0,0.2,tx,tx2026fyjlzi,2026-03-26T20:50:58.542Z,"56 km S of Whites City, New Mexico",earthquake,0.66956244354758,0.24266736880334,0.1,29,reviewed,tx,tx
2026-03-26T02:12:54.190Z,58.084,-156.36,14.4,1.6,ml,15,131,0.3,0.3,ak,aka2026fyjklw,2026-03-26T20:43:02.833Z,"61 km ESE of Egegik, Alaska",earthquake,6.1,3.8995,0.2,13,reviewed,ak,ak
2026-03-26T02:12:15.910Z,38.791332244873,-122.72766876221,1.0099999904633,1.5,md,19,102,0.0267,0.05,nc,nc75333127,2026-03-26T04:37:21.765Z,"3 km ENE of The Geysers, CA",earthquake,0.26,0.519999981,0.13,23,automatic,nc,nc
2026-03-26T02:07:20.142Z,32.107,-101.926,8.8623,1.7,ml,69,36,0.1,0.1,tx,tx2026fyjfqe,2026-03-26T08:35:20.961Z,"13 km W of Stanton, Texas",earthquake,0.2520726592073,0.44464827869909,0.1,37,reviewed,tx,tx
2026-03-26T02:06:13.250Z,33.6315,-116.683,15.92,0.66,ml,27,51,0.03808,0.12,ci,ci41425168,2026-03-26T13:30:24.672Z,"9 km N of Anza, CA",earthquake,0.2,0.32,0.25616917664906,16,reviewed,ci,ci
2026-03-26T02:05:15.700Z,38.832000732422,-122.81866455078,1.8500000238419,0.72,md,7,98,0.0109,0.01,nc,nc75333117,2026-03-26T02:06:50.180Z,"8 km NW of The Geysers, CA",earthquake,0.41,1.38,0.31,8,automatic,nc,nc
2026-03-26T02:04:11.810Z,38.838665008545,-122.83966827393,1.8300000429153,0.74,md,10,208,0.003266,0.02,nc,nc75333112,2026-03-26T02:05:49.819Z,"10 km NW of The Geysers, CA",earthquake,0.59,0.779999971,0.14,11,automatic,nc,nc
2026-03-26T01:56:24.620Z,38.837665557861,-122.83699798584,1.7799999713898,0.76,md,13,81,0.001498,0.01,nc,nc75333102,2026-03-26T02:22:19.798Z,"10 km NW of The Geysers, CA",earthquake,0.27,0.629999995,0.15,15,automatic,nc,nc
2026-03-26T01:55:49.048Z,58.085,-156.392,19.3,1.7,ml,11,193,0.3,0.2,ak,aka2026fyivte,2026-03-26T01:59:43.645Z,"59 km ESE of Egegik, Alaska",earthquake,8.1,5.0168,0.1,8,reviewed,ak,ak
2026-03-26T01:54:14.222Z,58.102,-156.373,2.6,1.8,ml,24,130,0.3,0.5,ak,aka2026fyiujq,2026-03-26T01:58:39.708Z,"60 km ESE of Egegik, Alaska",earthquake,4.5,4.0633,0.2,19,reviewed,ak,ak
2026-03-26T01:53:32.767Z,38.4636,-116.4897,0.0117,1.63,ml,8,199,1.062,0.1519,nn,nn00913324,2026-03-26T01:56:14.079Z,"78 km NE of Tonopah, Nevada",earthquake,,5.6622,0.34,4,automatic,nn,nn
2026-03-26T01:41:07.644Z,38.4411,-116.51,6.5878,1.9,ml,6,195,0.215,0.1007,nn,nn00913321,2026-03-26T19:16:43.523Z,"75 km ENE of Tonopah, Nevada",earthquake,,9.4262,0.06,2,reviewed,nn,nn
2026-03-26T01:39:40.260Z,38.838165283203,-122.83850097656,1.6000000238419,0.61,md,8,161,0.002392,0.01,nc,nc75333087,2026-03-26T01:57:20.687Z,"10 km NW of The Geysers, CA",earthquake,0.44,0.939999998,0.16,9,automatic,nc,nc
2026-03-26T01:39:30.200Z,60.049333333333,-153.12233333333,3.69,-0.57,ml,5,131,0.01297,0.15,av,av94110018,2026-03-27T04:23:32.120Z,"62 km ENE of Pedro Bay, Alaska",earthquake,0.66,1.18,0.22843340669023,5,reviewed,av,av
2026-03-26T01:35:57.523Z,64.765,-149.121,17.9,1.7,ml,16,115,0.2,0.3,ak,aka2026fyieqa,2026-03-26T01:42:08.772Z,"18 km N of Four Mile Road, Alaska",earthquake,3.9,2.1105,0.1,10,reviewed,ak,ak
2026-03-26T01:35:54.210Z,38.783332824707,-122.74083709717,-0.46000000834465,0.83,md,9,140,0.02271,0.02,nc,nc75333082,2026-03-26T01:37:29.685Z,"2 km ENE of The Geysers, CA",earthquake,0.27,1.96000004,0.17,8,automatic,nc,nc
2026-03-26T01:26:24.340Z,60.4485,-152.76133333333,4.97,-0.52,ml,8,136,0.009452,0.26,av,av94110003,2026-03-27T04:09:31.350Z,"75 km NW of Ninilchik, Alaska",earthquake,0.97,1.09,0.17535770711916,8,reviewed,av,av
2026-03-26T01:25:49.250Z,33.6705,-116.76666666667,10.69,0.8,ml,33,57,0.06306,0.15,ci,ci41425152,2026-03-26T13:39:04.620Z,"9 km SSW of Idyllwild, CA",earthquake,0.19,0.36,0.18905588317149,22,reviewed,ci,ci
2026-03-26T01:23:27.950Z,40.9811668396,-125.39666748047,5.0199999809265,2.46,md,29,253,1.049,0.24,nc,nc75333072,2026-03-26T04:27:39.040Z,"105 km WNW of Bayview, CA",earthquake,2.51,20.6800003,0.01,3,automatic,nc,nc
2026-03-26T01:23:03.140Z,37.488998413086,-118.87816619873,3.7400000095367,1.88,md,23,90,0.1081,0.06,nc,nc75333067,2026-03-26T02:47:22.981Z,"19 km SSE of Mammoth Lakes, CA",earthquake,0.27,1.55999994,0.17,20,automatic,nc,nc
2026-03-26T01:18:20.802Z,62.852,-150.917,99.1,2.4,ml,68,26,0.3,0.7,ak,aka2026fyhplj,2026-03-26T01:40:40.842Z,"40 km N of Petersville, Alaska",earthquake,2.1,2.5499,0.3,49,reviewed,ak,ak
2026-03-26T01:09:27.220Z,46.262166666667,-122.05383333333,11.46,0.59,md,13,169,0.09379,0.18,uw,uw62229247,2026-03-26T16:32:26.440Z,"37 km SSE of Morton, Washington",earthquake,0.5,1.09,0.22165438776911,8,reviewed,uw,uw
2026-03-26T01:06:18.914Z,-61.1426,154.6539,10,5.3,mww,23,103,7.043,0.94,us,us7000s7pa,2026-03-26T01:22:58.040Z,"Balleny Islands region",earthquake,9.8,1.918,0.08,15,reviewed,us,us
2026-03-26T01:04:22.840Z,39.380833333333,-111.89166666667,2.33,0.53,md,6,136,0.1389,0.01,uu,uu80133321,2026-03-26T13:49:27.910Z,"17 km N of Fayette, Utah",earthquake,0.49,2.52,0.11830887066002,3,reviewed,uu,uu
2026-03-26T01:02:18.340Z,18.877333333333,-65.817666666667,119.74,3.42,md,16,224,0.7319,0.28,pr,pr71510918,2026-03-26T04:01:00.970Z,"49 km N of Suárez, Puerto Rico",earthquake,3.76,2.83,0.053967391680358,7,reviewed,pr,pr
2026-03-26T01:00:03.890Z,18.1061,-68.692,158,3.72,md,11,301,0.5126,0.32,pr,pr2026085000,2026-03-26T03:41:31.040Z,"31 km SSW of Boca de Yuma, Dominican Republic",earthquake,6.02,2.09,0.01,3,reviewed,pr,pr
2026-03-26T00:55:10.346Z,52.34,-174.275,166,2.2,ml,10,213,0,0.5,ak,aka2026fygvpm,2026-03-26T01:37:18.000Z,"16 km NNW of Atka, Alaska",earthquake,101.8,6.632,0.5,7,reviewed,ak,ak
2026-03-26T00:53:00.160Z,38.836498260498,-122.79949951172,2.1600000858307,1.07,md,15,70,0.0074,0.02,nc,nc75333057,2026-03-26T01:17:24.354Z,"7 km WNW of Cobb, CA",earthquake,0.27,0.540000021,0.1,17,automatic,nc,nc
2026-03-26T00:52:44.153Z,29.305,-97.522,13.4313,1.5,ml,5,155,0.2,0.1,tx,tx2026fygtjr,2026-03-26T00:55:26.957Z,"11 km ENE of Smiley, Texas",earthquake,0,10.236880302429,0.6,5,automatic,tx,tx
2026-03-26T00:49:20.720Z,38.838165283203,-122.83750152588,1.5700000524521,1.05,md,15,85,0.001629,0.02,nc,nc75333047,2026-03-26T01:07:18.291Z,"10 km NW of The Geysers, CA",earthquake,0.26,0.419999987,0.24,17,automatic,nc,nc
2026-03-26T00:48:12.946Z,52.834,-167.174,9.2,2.3,ml,13,296,0.7,0.3,ak,aka2026fygpmn,2026-03-26T01:35:48.396Z,"114 km E of Nikolski, Alaska",earthquake,11.5,25.7927,0.1,10,reviewed,ak,ak
2026-03-26T00:32:19.817Z,32.143,-101.986,8.4229,1.3,ml,70,47,0,0.2,tx,tx2026fygbtc,2026-03-26T11:41:23.610Z,"18 km NNE of Midland, Texas",earthquake,0.30065817299116,0.80581445750417,0.1,25,reviewed,tx,tx
2026-03-26T00:26:53.809Z,30.3944,69.5344,10,4.3,mb,39,103,8.248,0.63,us,us7000s7p2,2026-03-26T00:48:41.040Z,"55 km N of Barkhan, Pakistan",earthquake,9.42,1.909,0.099,29,reviewed,us,us
2026-03-26T00:25:26.270Z,52.360166666667,-174.12483333333,6.49,0.89,ml,6,193,0.02604,0.26,av,av94109948,2026-03-27T04:04:31.030Z,"18 km NNE of Atka, Alaska",earthquake,1.1,1.32,0.53869023637797,7,reviewed,av,av
2026-03-26T00:25:13.160Z,59.72,-152.466,90.3,1.6,ml,14,112,0.3,0.2,ak,aka2026fyfvrm,2026-03-26T01:33:48.480Z,"36 km W of Anchor Point, Alaska",earthquake,7.9,4.6712,0.2,12,reviewed,ak,ak
2026-03-26T00:22:59.940Z,38.802333831787,-122.77916717529,3.1900000572205,1.64,md,32,66,0.01097,0.04,nc,nc75333042,2026-03-26T02:22:19.871Z,"3 km NW of The Geysers, CA",earthquake,0.25,0.389999986,0.13,32,automatic,nc,nc
2026-03-26T00:19:08.080Z,38.4875,-112.89733333333,2.6,1.2,md,13,81,0.005338,0.06,uu,uu80006558,2026-03-26T13:33:07.440Z,"14 km NE of Milford, Utah",earthquake,0.32,0.38,0.25312012866642,4,reviewed,uu,uu
2026-03-26T00:16:46.320Z,38.831665039062,-122.81716918945,1.6799999475479,0.77,md,18,52,0.009945,0.01,nc,nc75333037,2026-03-26T00:32:25.060Z,"8 km NW of The Geysers, CA",earthquake,0.22,0.449999988,0.17,19,automatic,nc,nc
2026-03-26T00:10:25.241Z,57.379,-156.282,92.1,2.2,ml,33,156,0.3,0.4,ak,aka2026fyfiys,2026-03-26T00:25:54.454Z,"68 km ESE of Ugashik, Alaska",earthquake,9,3.5285,0.2,24,reviewed,ak,ak
2026-03-26T00:03:16.329Z,51.853,-172.407,52,3.4,ml,26,332,1.1,0.3,ak,aka2026fyfcxu,2026-03-26T00:24:36.573Z,"128 km ESE of Atka, Alaska",earthquake,45.5,45.6342,0.1,20,reviewed,ak,ak
2026-03-25T23:59:38.285Z,51.233,-177.006,26.2,2.4,ml,19,270,0.5,0.4,ak,aka2026fyezsq,2026-03-26T00:03:41.603Z,"75 km SSW of Adak, Alaska",earthquake,10.1,4.8023,0.1,14,reviewed,ak,ak
2026-03-25T23:49:39.844Z,29.386,-97.36,6.888,1.8,ml,15,82,0.1,0.3,tx,tx2026fyerbd,2026-03-26T14:52:21.411Z,"15 km SE of Gonzales, Texas",earthquake,0.73229643771436,1.639175948482,0.2,6,reviewed,tx,tx
2026-03-25T23:47:52.950Z,38.838665008545,-122.79933166504,2.0599999427795,0.44,md,7,141,0.007024,0.01,nc,nc75333017,2026-03-26T00:07:21.904Z,"7 km WNW of Cobb, CA",earthquake,0.51,1.38,0.32,8,automatic,nc,nc
2026-03-25T23:42:52.020Z,60.012,-153.108,1.96,-1.26,ml,5,130,0.0337,0.04,av,av94109893,2026-03-27T00:21:51.580Z,"61 km ENE of Pedro Bay, Alaska",earthquake,0.29,1.61,0.15209492228884,5,reviewed,av,av
2026-03-25T23:33:19.070Z,44.9695,-123.44366666667,-0.36,1.49,md,7,104,0.1856,0.21,uw,uw62229237,2026-03-26T22:24:04.380Z,"11 km WNW of Dallas, Oregon",explosion,0.71,31.61,0.14113761986088,6,reviewed,uw,uw
2026-03-25T23:28:05.400Z,38.836833953857,-122.80083465576,1.8799999952316,1.11,md,11,70,0.008343,0.01,nc,nc75333002,2026-03-26T01:57:20.623Z,"7 km WNW of Cobb, CA",earthquake,0.31,0.800000012,0.15,13,automatic,nc,nc
2026-03-25T23:26:24.017Z,60.472,-150.006,44.4,1.9,ml,34,64,0.1,0.6,ak,aka2026fydwzc,2026-03-26T00:03:12.431Z,"10 km WSW of Cooper Landing, Alaska",earthquake,3.3,4.0068,0.2,23,reviewed,ak,ak
2026-03-25T23:21:46.030Z,19.021165847778,-155.35566711426,24.329999923706,1.71,md,13,286,0.1672,0.230000004,hv,hv74924822,2026-03-25T23:25:10.960Z,"23 km SSE of Pāhala, Hawaii",earthquake,2.25,4.71999979,0.11833427170711,15,automatic,hv,hv
2026-03-25T23:16:04.210Z,19.344,-155.34333333333,26.87,1.99,ml,45,62,0.03183,0.13,hv,hv74924817,2026-03-26T01:09:30.090Z,"15 km SW of Volcano, Hawaii",earthquake,0.36,0.42,0.22923945651624,33,reviewed,hv,hv
2026-03-25T23:04:13.453Z,-24.0835,-67.0917,194.93,4.4,mb,18,104,1.505,0.82,us,us7000s7nl,2026-03-25T23:20:02.040Z,"79 km W of San Antonio de los Cobres, Argentina",earthquake,10.81,10.811,0.19,8,reviewed,us,us
2026-03-25T22:58:08.570Z,19.183332443237,-155.37983703613,30.420000076294,1.94,md,27,178,0.05641,0.119999997,hv,hv74924807,2026-03-25T23:03:20.940Z,"10 km ESE of Pāhala, Hawaii",earthquake,0.65,0.50999999,0.14429255645758,15,automatic,hv,hv
2026-03-25T22:56:59.020Z,46.331,-122.84766666667,7.39,1.59,ml,31,46,0.1217,0.43,uw,uw62229217,2026-03-26T16:59:23.380Z,"7 km NE of Castle Rock, Washington",earthquake,0.52,0.88,0.15748202715701,18,reviewed,uw,uw
2026-03-25T22:55:24.060Z,38.499666666667,-112.89583333333,2.26,0.64,md,12,64,0.00173,0.09,uu,uu80133306,2026-03-26T13:16:38.990Z,"15 km NE of Milford, Utah",earthquake,0.25,0.36,0.51959152535974,3,reviewed,uu,uu
2026-03-25T22:46:12.060Z,35.774833333333,-117.628,10.09,1.31,ml,29,51,0.04776,0.15,ci,ci41425072,2026-03-26T13:30:47.998Z,"18 km NNE of Ridgecrest, CA",earthquake,0.18,0.4,0.16852032599342,19,reviewed,ci,ci
2026-03-25T22:40:10.050Z,40.295833587646,-124.436668396,10.689999580383,1.87,md,10,282,0.07234,0.15,nc,nc75332972,2026-03-25T23:07:21.514Z,"13 km WSW of Petrolia, CA",earthquake,3.12,1.00999999,0.01,5,automatic,nc,nc
2026-03-25T22:34:33.450Z,33.511333333333,-116.45333333333,3.99,0.86,ml,26,47,0.1255,0.17,ci,ci41425056,2026-03-26T00:39:48.815Z,"21 km ESE of Anza, CA",earthquake,0.21,0.57,0.16125104694134,14,reviewed,ci,ci
2026-03-25T22:29:10.962Z,60.616,-140.008,8.2,2.1,ml,11,108,0.5,0.7,ak,aka2026fybzsu,2026-03-26T00:01:16.415Z,"120 km N of Yakutat, Alaska",earthquake,6.2,3.8636,0.1,15,reviewed,ak,ak
2026-03-25T22:28:12.931Z,61.987,-147.175,34,1.6,ml,31,45,0.2,1,ak,aka2026fybyuu,2026-03-25T23:59:31.125Z,"5 km N of Eureka Roadhouse, Alaska",earthquake,3.2,2.6747,0.2,15,reviewed,ak,ak
2026-03-25T22:27:41.130Z,53.880833333333,-166.91366666667,5.4,0.86,ml,8,176,0.07075,0.19,av,av94109838,2026-03-27T00:10:49.930Z,"24 km W of Dutch Harbor, Alaska",earthquake,0.49,1.33,0.15085280989613,8,reviewed,av,av
2026-03-25T22:25:17.682Z,52.217,160.6922,26.504,5,mb,69,133,2.03,0.84,us,us7000s7nc,2026-03-25T22:40:47.040Z,"168 km SE of Petropavlovsk-Kamchatsky, Russia",earthquake,6.52,5.702,0.035,260,reviewed,us,us
2026-03-25T22:17:39.560Z,60.038833333333,-153.066,3.55,-0.76,ml,5,130,0.01862,0.21,av,av94109818,2026-03-27T00:06:19.620Z,"64 km ENE of Pedro Bay, Alaska",earthquake,1.05,1.67,0.26138677059896,5,reviewed,av,av
2026-03-25T22:12:07.270Z,39.6485,-112.07933333333,3.99,1.76,ml,14,64,0.2489,0.24,uu,uu80133296,2026-03-25T22:32:32.110Z,"21 km WNW of Levan, Utah",earthquake,0.63,5.35,0.16694546975348,5,reviewed,uu,uu
2026-03-25T22:11:06.736Z,60.254,-152.167,81.6,1.3,ml,20,56,0.3,0.2,ak,aka2026fybkcl,2026-03-25T22:17:31.512Z,"35 km NW of Ninilchik, Alaska",earthquake,4.8,4.0963,0.3,8,reviewed,ak,ak
2026-03-25T22:05:39.754Z,36.1745,-115.1727,14.7482,1.71,ml,15,257,0.801,0.4255,nn,nn00913307,2026-03-25T22:09:33.715Z,"3 km W of Las Vegas, Nevada",earthquake,,0.8106,0.14,7,automatic,nn,nn
2026-03-25T22:02:01.140Z,38.5025,-112.89633333333,2.22,1.05,md,12,121,0.00248,0.09,uu,uu80133291,2026-03-25T22:21:54.200Z,"15 km NE of Milford, Utah",earthquake,0.4,0.42,0.69223895676066,4,reviewed,uu,uu
2026-03-25T22:00:39.710Z,38.795166015625,-122.76049804688,3.1600000858307,1.05,md,9,118,0.005485,0.03,nc,nc75332967,2026-03-25T22:02:15.043Z,"2 km N of The Geysers, CA",earthquake,0.42,1.01999998,0.12,9,automatic,nc,nc
2026-03-25T22:00:24.002Z,35.5319,-115.6605,15.9972,1.57,ml,8,313,1.047,0.3317,nn,nn00913304,2026-03-25T22:04:19.475Z,"31 km S of Sandy Valley, Nevada",earthquake,,4.4296,0.14,3,automatic,nn,nn
2026-03-25T21:54:34.678Z,60.984,-146.935,20.2,2.5,ml,70,64,0.1,0.8,ak,aka2026fyavva,2026-03-25T22:07:02.287Z,"19 km NW of Tatitlek, Alaska",earthquake,2.3,1.6613,0.1,48,reviewed,ak,ak
2026-03-25T21:51:15.912Z,60.485,-147.841,15.2,1.9,ml,26,88,0.5,0.5,ak,aka2026fyaszx,2026-03-25T22:05:58.414Z,"47 km NNE of Chenega, Alaska",earthquake,2.9,2.1077,0.2,15,reviewed,ak,ak
2026-03-25T21:43:40.210Z,53.8765,-166.62566666667,7.71,-0.54,ml,4,132,0.03606,0.25,av,av93057279,2026-03-27T00:04:19.380Z,"5 km WSW of Dutch Harbor, Alaska",earthquake,0.82,1.97,0.21607255759664,4,reviewed,av,av
2026-03-25T21:43:15.090Z,53.899833333333,-166.65883333333,6.4,0.11,ml,5,222,0.02321,0.12,av,av93057274,2026-03-26T23:59:19.950Z,"7 km W of Dutch Harbor, Alaska",earthquake,0.53,0.76,0.14160790644334,5,reviewed,av,av
2026-03-25T21:43:13.180Z,53.900333333333,-166.71116666667,4.82,0.17,ml,6,100,0.02311,0.32,av,av94109783,2026-03-26T23:57:18.760Z,"11 km W of Dutch Harbor, Alaska",earthquake,0.99,1.39,0.13630824677011,4,reviewed,av,av
2026-03-25T21:38:52.060Z,38.81916809082,-122.79599761963,3.2799999713898,1.05,md,25,33,0.0112,0.02,nc,nc75332962,2026-03-25T21:40:30.996Z,"6 km NW of The Geysers, CA",earthquake,0.24,0.5,0.15,25,automatic,nc,nc
2026-03-25T21:27:59.630Z,33.438,-116.913,14.42,1.32,ml,49,23,0.0437,0.2,ci,ci41425032,2026-03-26T13:31:03.006Z,"4 km W of Aguanga, CA",earthquake,0.17,0.37,0.17241457038631,27,reviewed,ci,ci
2026-03-25T21:27:55.960Z,38.487833333333,-112.89616666667,3.04,0.83,md,9,95,0.01563,0.04,uu,uu80133286,2026-03-25T21:39:56.060Z,"14 km NE of Milford, Utah",earthquake,0.25,0.6,0.50812693486538,4,reviewed,uu,uu
2026-03-25T21:25:19.628Z,-7.5584,156.1295,86.697,4.9,mb,51,70,4.213,0.79,us,us7000s7n0,2026-03-25T21:53:49.040Z,"98 km NW of Gizo, Solomon Islands",earthquake,9.18,6.564,0.082,47,reviewed,us,us
2026-03-25T21:22:21.390Z,35.590000152588,-120.68783569336,8.0699996948242,1.35,md,12,125,0.07162,0.03,nc,nc75332952,2026-03-26T00:12:20.939Z,"4 km SSW of Paso Robles, CA",earthquake,0.28,0.75999999,0.25,2,automatic,nc,nc
2026-03-25T21:19:55.150Z,37.599166870117,-122.46266937256,8.4099998474121,1.49,md,13,97,0.03385,0.02,nc,nc75332947,2026-03-25T23:47:25.778Z,"3 km SE of Pacifica, CA",earthquake,0.53,0.689999998,0.24,11,automatic,nc,nc
2026-03-25T21:16:25.840Z,33.683333333333,-116.815,13.89,0.6,ml,20,85,0.09081,0.12,ci,ci41425024,2026-03-26T00:35:31.067Z,"10 km SE of Valle Vista, CA",earthquake,0.25,0.47,0.1727283169391,7,reviewed,ci,ci
2026-03-25T21:12:44.718Z,56.35,-156.56,11.6,2.4,ml,15,235,1,0.3,ak,aka2026fxzlum,2026-03-25T21:46:09.517Z,"114 km E of Chignik, Alaska",earthquake,8,4.818,0.2,7,reviewed,ak,ak
2026-03-25T21:12:30.620Z,44.145,-121.30516666667,-1.46,2.07,ml,7,250,0.0803,0.07,uw,uw62229137,2026-03-26T21:14:05.300Z,"2 km ESE of Tumalo, Oregon",explosion,0.77,31.61,0.21108312221832,7,reviewed,uw,uw
2026-03-25T21:06:22.270Z,32.791833333333,-115.99083333333,11.73,0.38,ml,7,148,0.08958,0.08,ci,ci41425016,2026-03-26T15:18:21.738Z,"6 km N of Ocotillo, CA",earthquake,0.26,0.71,0.20439212982981,5,reviewed,ci,ci
2026-03-25T21:01:44.700Z,54.140166666667,-165.96466666667,4.2,-0.82,ml,6,146,0.01435,0.2,av,av93057269,2026-03-26T23:49:48.260Z,"12 km W of Akutan, Alaska",earthquake,0.75,0.52,0.30844335514042,6,reviewed,av,av
2026-03-25T20:58:36.420Z,48.062,-120.41733333333,9.14,0.96,ml,10,59,0.0546,0.15,uw,uw62229132,2026-03-26T20:59:51.690Z,"24 km NW of Granite Falls, Washington",earthquake,0.31,0.66,0.15650007706768,7,reviewed,uw,uw
2026-03-25T20:55:05.370Z,53.899666666667,-166.63266666667,8.71,1.18,ml,18,93,0.03555,0.17,av,av94109738,2026-03-26T22:55:13.280Z,"6 km W of Dutch Harbor, Alaska",earthquake,0.37,0.41,0.2893206580343,18,reviewed,av,av
2026-03-25T20:54:25.843Z,55.195,-159.382,3.1,2.2,ml,14,245,0.8,0.6,ak,aka2026fxywar,2026-03-25T21:45:04.937Z,"72 km ESE of Sand Point, Alaska",earthquake,8.3,3.5134,0.2,8,reviewed,ak,ak
2026-03-25T20:46:01.730Z,38.787334442139,-122.76599884033,2.9100000858307,1.26,md,23,76,0.01415,0.03,nc,nc75332927,2026-03-25T22:57:19.527Z,"1 km NW of The Geysers, CA",earthquake,0.25,0.460000008,0.19,21,automatic,nc,nc
2026-03-25T20:45:59.610Z,37.264167785645,-121.64416503906,4.3800001144409,2.44,md,62,62,0.02367,0.07,nc,nc75332922,2026-03-25T22:32:20.319Z,"15 km N of Morgan Hill, CA",earthquake,0.12,0.280000001,0.12,73,automatic,nc,nc
2026-03-25T20:37:28.610Z,33.395666666667,-116.42883333333,11.11,0.57,ml,26,65,0.08598,0.21,ci,ci41424976,2026-03-26T00:31:13.382Z,"16 km NNW of Borrego Springs, CA",earthquake,0.28,0.61,0.097252700557788,10,reviewed,ci,ci
2026-03-25T20:35:50.830Z,38.770332336426,-122.73699951172,1.0900000333786,1.14,md,13,72,0.01289,0.03,nc,nc75332917,2026-03-25T22:17:23.221Z,"2 km ESE of The Geysers, CA",earthquake,0.22,0.439999998,0.2,12,automatic,nc,nc
2026-03-25T20:35:28.340Z,38.498333333333,-112.90366666667,1.07,1.02,md,9,105,0.01375,0.14,uu,uu80133266,2026-03-25T21:25:40.630Z,"14 km NE of Milford, Utah",earthquake,0.36,0.88,0.37660872276177,5,reviewed,uu,uu
2026-03-25T20:33:26.783Z,61.481,-150.584,68.5,1.7,ml,27,77,0.6,0.5,ak,aka2026fxydyq,2026-03-25T21:43:39.095Z,"7 km SSW of Susitna, Alaska",earthquake,4.5,4.8083,0.2,16,reviewed,ak,ak
2026-03-25T20:29:24.690Z,38.498333333333,-112.8965,3.26,0.15,md,8,101,0.008387,0.06,uu,uu80133261,2026-03-25T21:33:21.620Z,"15 km NE of Milford, Utah",earthquake,0.31,0.61,0.6359755989264,4,reviewed,uu,uu
2026-03-25T20:28:21.850Z,46.672333333333,-122.11933333333,21.99,0.89,ml,18,70,0.1042,0.14,uw,uw62229112,2026-03-26T20:28:32.970Z,"6 km SE of Mineral, Washington",earthquake,0.35,0.62,0.088798311630208,7,reviewed,uw,uw
2026-03-25T20:25:43.830Z,53.401166666667,-168.09883333333,4.68,-0.01,ml,6,103,0.02309,0.11,av,av94109713,2026-03-26T23:41:16.780Z,"72 km NE of Nikolski, Alaska",earthquake,0.43,0.97,0.6687783345875,6,reviewed,av,av
2026-03-25T20:24:18.460Z,55.934833333333,-159.71583333333,23.01,0.44,ml,5,318,0.1623,0.24,av,av93057264,2026-03-26T23:29:45.980Z,"14 km WNW of Ivanof Bay, Alaska",earthquake,1.71,2.69,0.11279975224387,5,reviewed,av,av
2026-03-25T20:21:17.823Z,55.957,-159.953,5.6,2.5,ml,27,157,0.2,0.7,ak,aka2026fxxtof,2026-03-26T17:24:40.040Z,"29 km WNW of Ivanof Bay, Alaska",earthquake,10.1,2.7699,0.2,18,reviewed,ak,ak
2026-03-25T20:17:04.010Z,31.9585,-116.3565,12.2,1.72,ml,19,88,0.2411,0.15,ci,ci41424960,2026-03-25T21:01:52.765Z,"27 km ENE of Ensenada, B.C., MX",earthquake,0.28,1.67,0.29155507371949,17,reviewed,ci,ci
2026-03-25T20:16:48.590Z,53.897833333333,-166.636,7.32,-0.1,ml,7,144,0.03295,0.15,av,av94109693,2026-03-26T23:34:47.290Z,"6 km W of Dutch Harbor, Alaska",earthquake,0.4,0.79,0.29878529257118,7,reviewed,av,av
2026-03-25T20:05:47.318Z,-24.9332,-179.8168,538.513,4.5,mb,11,240,4.612,0.41,us,us7000s7lv,2026-03-25T20:44:56.040Z,"south of the Fiji Islands",earthquake,16.87,22.086,0.144,14,reviewed,us,us
2026-03-25T20:02:01.500Z,60.108833333333,-152.9935,3.86,-0.27,ml,5,312,0.06247,0.08,av,av94109688,2026-03-26T22:42:42.600Z,"71 km ENE of Pedro Bay, Alaska",earthquake,0.86,1.34,0.10851401121479,5,reviewed,av,av
2026-03-25T19:52:52.188Z,54.2657,-161.5156,3.497,2.4,ml,18,229,0.849,0.46,us,us7000s7n1,2026-03-26T17:10:41.040Z,"102 km SSE of King Cove, Alaska",earthquake,1.38,8.044,0.115,10,reviewed,us,us
2026-03-25T19:49:38.832Z,60.222,-152.371,83.1,1.8,ml,33,58,0.3,0.3,ak,aka2026fxwsec,2026-03-25T21:37:48.380Z,"43 km WNW of Ninilchik, Alaska",earthquake,4.4,2.5965,0.4,23,reviewed,ak,ak
2026-03-25T19:45:37.109Z,55.2,-159.278,11.7,2.4,ml,19,243,0.8,0.4,ak,aka2026fxwosv,2026-03-25T21:35:56.311Z,"79 km ESE of Sand Point, Alaska",earthquake,7.4,3.3471,0.1,15,reviewed,ak,ak
2026-03-25T19:44:17.010Z,38.778499603271,-122.88366699219,18.639999389648,1.12,md,6,216,0.05227,0.07,nc,nc75332912,2026-03-25T21:07:21.734Z,"11 km W of The Geysers, CA",earthquake,2.79,4.84000015,0.21,2,automatic,nc,nc
2026-03-25T19:41:19.300Z,38.79666519165,-122.76950073242,2.1500000953674,0.26,md,7,111,0.00861,0.04,nc,nc75332907,2026-03-25T20:37:22.541Z,"2 km NNW of The Geysers, CA",earthquake,0.56,0.959999979,0.05,8,automatic,nc,nc
2026-03-25T19:38:46.620Z,32.807833333333,-116.63616666667,18.25,0.96,ml,19,72,0.09123,0.12,ci,ci41424920,2026-03-25T21:14:18.129Z,"10 km W of Pine Valley, CA",earthquake,0.23,0.46,0.18325810426195,15,reviewed,ci,ci
2026-03-25T19:26:14.569Z,31.32,-103.323,5.3308,1.6,ml,20,86,0.1,0.2,tx,tx2026fxvxwk,2026-03-25T22:10:31.716Z,"17 km SSE of Barstow, Texas",earthquake,1.1405499064713,2.3632634919198,0.1,15,reviewed,tx,tx
2026-03-25T19:20:51.159Z,35.1765,-98.16266667,12.06,1.82,ml,94,128,0.082783755,0.26,ok,ok2026fxdb,2026-03-25T19:46:49.928Z,"9 km E of Gracemont, Oklahoma",earthquake,,0.9,0.25,41,reviewed,ok,ok
2026-03-25T19:18:09.934Z,53.408,-167.017,12.6,2,ml,17,221,0.4,0.2,ak,aka2026fxvrbh,2026-03-25T21:30:51.830Z,"60 km SSW of Unalaska, Alaska",earthquake,17.3,12.5479,0.3,10,reviewed,ak,ak
2026-03-25T19:15:40.120Z,31.944333333333,-116.36716666667,15.82,3.3,ml,29,68,0.244,0.23,ci,ci41424896,2026-03-26T17:02:55.040Z,"25 km ENE of Ensenada, B.C., MX",earthquake,0.32,1.49,0.16247176352179,94,reviewed,ci,ci
2026-03-25T19:11:46.600Z,38.502333333333,-112.90033333333,2.18,1.63,md,12,92,0.002782,0.07,uu,uu80133251,2026-03-25T20:36:48.250Z,"15 km NE of Milford, Utah",earthquake,0.31,0.38,0.36193465629447,4,reviewed,uu,uu
2026-03-25T19:08:24.891Z,40.3443,24.1041,10,4.9,mww,58,55,1.26,0.72,us,us7000s7l9,2026-03-26T20:40:55.665Z,"10 km E of Ouranoupolis, Greece",earthquake,3.21,1.868,0.057,30,reviewed,us,us
2026-03-25T19:07:29.110Z,47.663333333333,-120.2115,2.13,0.53,ml,5,112,0.01032,0.09,uw,uw62229077,2026-03-26T19:46:02.050Z,"1 km S of Entiat, Washington",earthquake,0.44,0.53,0.017978395735845,3,reviewed,uw,uw
2026-03-25T18:50:47.926Z,59.709,-150.827,50.1,2,ml,38,138,0,0.6,ak,aka2026fxutmu,2026-03-25T21:27:36.513Z,"18 km SSE of Fox River, Alaska",earthquake,3.9,2.4095,0.2,18,reviewed,ak,ak
2026-03-25T18:37:39.150Z,38.775833129883,-122.76100158691,14.260000228882,0.86,md,7,116,0.00631,0.07,nc,nc75332892,2026-03-25T19:07:19.971Z,"0 km WSW of The Geysers, CA",earthquake,1.84,8.51000023,0.08,7,automatic,nc,nc
2026-03-25T18:37:37.963Z,54.54,-160.11,7.1,2.4,ml,15,270,1.2,0.8,ak,aka2026fxuifh,2026-03-25T21:25:17.389Z,"92 km SSE of Sand Point, Alaska",earthquake,9,5.3003,0.1,12,reviewed,ak,ak
2026-03-25T18:35:23.850Z,32.905333333333,-116.93766666667,-0.19,1.24,ml,26,82,0.07874,0.2,ci,ci41424856,2026-03-25T21:09:41.288Z,"6 km NNW of Lakeside, CA",quarry blast,0.41,31.61,0.13595210798606,18,reviewed,ci,ci
2026-03-25T18:35:16.036Z,59.206,-153.621,102.8,1.8,ml,24,92,0.2,0.2,ak,aka2026fxugcp,2026-03-25T21:24:47.917Z,"63 km SE of Pope-Vannoy Landing, Alaska",earthquake,7.6,4.1341,0.4,11,reviewed,ak,ak
2026-03-25T18:34:28.770Z,38.129833221435,-122.14233398438,4.1700000762939,1.92,md,8,219,0.008864,0.08,nc,nc75332887,2026-03-25T19:47:24.229Z,"8 km ENE of Vallejo, CA",earthquake,0.94,0.519999981,0.26,7,automatic,nc,nc
2026-03-25T18:33:18.188Z,51.311,-177.882,19.9,2.2,ml,17,248,0.4,0.5,ak,aka2026fxuelb,2026-03-25T21:22:28.776Z,"106 km SW of Adak, Alaska",earthquake,8.6,4.0974,0.1,13,reviewed,ak,ak
2026-03-25T18:25:03.110Z,19.158166885376,-155.43299865723,37.569999694824,1.82,md,24,207,0.02766,0.189999998,hv,hv74924677,2026-03-25T18:28:28.400Z,"6 km SE of Pāhala, Hawaii",earthquake,1.13,1.13999999,0.18035304218752,16,automatic,hv,hv
2026-03-25T18:04:50.090Z,38.496333333333,-112.89733333333,2.5,0.82,md,12,74,0.004013,0.07,uu,uu80133231,2026-03-25T19:10:09.100Z,"14 km NE of Milford, Utah",earthquake,0.27,0.36,0.57639830999274,6,reviewed,uu,uu
2026-03-25T18:01:16.266Z,53.089,-166.9999,27.894,2.9,ml,17,215,0.636,0.43,us,us7000s7mt,2026-03-26T16:49:32.040Z,"92 km SSW of Unalaska, Alaska",earthquake,4.35,11.717,0.105,12,reviewed,us,us
2026-03-25T17:58:05.080Z,60.028,-153.06466666667,5.6,-0.71,ml,5,116,0.02599,0.27,av,av94109538,2026-03-26T21:57:38.780Z,"64 km ENE of Pedro Bay, Alaska",earthquake,1.13,1.79,0.18909533779599,5,reviewed,av,av
2026-03-25T17:36:54.000Z,60.048,-153.0805,0.17,-0.79,ml,5,111,0.01265,0.07,av,av94109533,2026-03-26T21:55:37.540Z,"64 km ENE of Pedro Bay, Alaska",earthquake,0.51,1.03,0.39870843568057,5,reviewed,av,av
2026-03-25T17:33:21.110Z,19.252833333333,-65.173,21.21,3.21,md,11,255,0.9188,0.27,pr,pr71510903,2026-03-26T00:36:33.740Z,"104 km NNW of Charlotte Amalie, U.S. Virgin Islands",earthquake,1.3,23.27,0.17404502971348,7,reviewed,pr,pr
2026-03-25T17:23:14.130Z,38.79999923706,-122.81700134277,2.9100000858307,1.04,md,16,81,0.013,0.02,nc,nc75332877,2026-03-25T17:42:20.419Z,"6 km WNW of The Geysers, CA",earthquake,0.33,0.569999993,0.23,19,automatic,nc,nc
2026-03-25T17:04:40.730Z,39.577499389648,-123.3544998169,8.7200002670288,1.88,md,17,99,0.08208,0.13,nc,nc75332872,2026-03-25T18:12:18.599Z,"15 km N of Brooktrails, CA",earthquake,0.44,1,0.16,11,automatic,nc,nc
2026-03-25T17:02:42.030Z,55.9665,-159.79616666667,22.62,0.43,ml,5,321,0.169,0.12,av,av93057254,2026-03-26T22:07:40.700Z,"20 km WNW of Ivanof Bay, Alaska",earthquake,1.31,1.61,0.077194711600929,5,reviewed,av,av
2026-03-25T17:01:24.310Z,55.9595,-159.721,22.41,0.2,ml,5,315,0.1438,0.06,av,av93057249,2026-03-27T00:32:51.230Z,"16 km WNW of Ivanof Bay, Alaska",earthquake,1.01,1.03,0.14977247174279,5,reviewed,av,av
2026-03-25T17:00:31.470Z,36.303333333333,-89.512333333333,8.81,1.99,md,30,34,0.04068,0.08,nm,nm60619101,2026-03-25T17:22:53.880Z,"4 km NNW of Ridgely, Tennessee",earthquake,0.16,0.3,0.10553194109832,23,reviewed,nm,nm
2026-03-25T16:57:19.360Z,55.973666666667,-159.714,23.63,0.58,ml,6,303,0.1304,0.17,av,av94109508,2026-03-26T21:50:07.130Z,"16 km WNW of Ivanof Bay, Alaska",earthquake,1.11,1.29,0.15940697847186,6,reviewed,av,av
2026-03-25T16:25:22.290Z,32.445333333333,-116.288,13.2,1.09,ml,12,229,0.2441,0.19,ci,ci41424744,2026-03-25T17:30:04.555Z,"25 km SE of Campo, CA",earthquake,0.82,2.39,0.32208534693594,10,reviewed,ci,ci
2026-03-25T16:24:32.861Z,51.669,-176.649,75,1.9,ml,15,227,0.2,0.2,ak,aka2026fxpxlv,2026-03-25T21:19:27.410Z,"22 km S of Adak, Alaska",earthquake,26,5.8531,0.3,9,reviewed,ak,ak
2026-03-25T16:20:48.570Z,39.5755,-123.36033333333,9.2,3.48,mw,69,64,0.08071,0.17,nc,nc75332857,2026-03-26T00:27:18.031Z,"15 km N of Brooktrails, CA",earthquake,0.16,0.38,,12,reviewed,nc,nc
2026-03-25T16:06:43.680Z,40.369834899902,-121.1678314209,9.039999961853,1.93,md,8,177,0.06348,0.16,nc,nc75332847,2026-03-25T17:07:19.179Z,"9 km NE of Chester, CA",earthquake,1.36,1.62,0.1,5,automatic,nc,nc
2026-03-25T16:01:24.797Z,23.0806,94.4277,88.876,4.3,mb,34,100,1.92,0.93,us,us7000s7jm,2026-03-25T16:32:28.040Z,"62 km S of Mawlaik, Burma (Myanmar)",earthquake,12.05,7.835,0.113,22,reviewed,us,us
2026-03-25T15:57:33.230Z,33.291833333333,-116.744,13.48,1.1,ml,43,22,0.05706,0.14,ci,ci41424720,2026-03-25T20:50:48.220Z,"6 km NNE of Lake Henshaw, CA",earthquake,0.14,0.4,0.14044662582717,22,reviewed,ci,ci
2026-03-25T15:49:33.460Z,38.789165496826,-122.76733398438,3.3099999427795,0.93,md,7,93,0.01658,0.01,nc,nc75332837,2026-03-25T16:12:22.803Z,"2 km NW of The Geysers, CA",earthquake,0.72,1.90999997,0.22,9,automatic,nc,nc
2026-03-25T15:47:53.250Z,38.490333333333,-112.89716666667,2.86,1.4,md,9,96,0.01394,0.04,uu,uu80133226,2026-03-25T17:54:46.270Z,"14 km NE of Milford, Utah",earthquake,0.27,0.52,0.43721505512762,5,reviewed,uu,uu
2026-03-25T15:43:50.670Z,38.820331573486,-122.76316833496,1.8099999427795,0.94,md,14,119,0.01141,0.09,nc,nc75332827,2026-03-25T16:07:18.763Z,"3 km W of Cobb, CA",earthquake,0.4,0.75999999,0.15,13,automatic,nc,nc
2026-03-25T15:42:48.982Z,52.3123,160.7369,10,4.7,mb,36,137,2.013,1.13,us,us7000s7jj,2026-03-25T16:03:31.040Z,"165 km ESE of Petropavlovsk-Kamchatsky, Russia",earthquake,12.03,1.92,0.088,39,reviewed,us,us
2026-03-25T15:42:21.980Z,44.819166666667,-110.70166666667,4.21,1.03,ml,11,212,0.092,0.14,uu,uu80133221,2026-03-25T16:48:49.070Z,"17 km S of Mammoth, Wyoming",earthquake,1.15,0.76,0.19600067426583,5,reviewed,uu,uu
2026-03-25T15:34:25.310Z,44.797,-110.7155,4.13,1.13,ml,14,69,0.06965,0.15,uu,uu80133216,2026-03-25T16:54:13.740Z,"19 km S of Mammoth, Wyoming",earthquake,0.31,0.81,0.25620481565767,5,reviewed,uu,uu
2026-03-25T15:33:17.007Z,-12.4198,166.5673,94.21,4.9,mww,81,65,3.072,0.84,us,us7000s7ji,2026-03-25T15:51:48.040Z,"193 km NNW of Sola, Vanuatu",earthquake,4.08,6.782,0.093,11,reviewed,us,us
2026-03-25T15:29:24.361Z,40.3632,-126.1744,10,3.4,ml,40,253,1.402,0.71,us,us7000s7jg,2026-03-26T19:06:56.780Z,"163 km W of Ferndale, California",earthquake,9.08,2.02,0.042,74,reviewed,us,us
2026-03-25T15:28:54.670Z,33.519166666667,-116.73966666667,3.87,0.03,ml,12,46,0.04612,0.06,ci,ci41424696,2026-03-25T20:44:30.898Z,"7 km WSW of Anza, CA",earthquake,0.15,0.32,0.068246916819599,7,reviewed,ci,ci
2026-03-25T15:26:37.220Z,44.802333333333,-110.71516666667,4.62,1.58,ml,20,76,0.07627,0.18,uu,uu80133211,2026-03-25T16:11:27.620Z,"19 km S of Mammoth, Wyoming",earthquake,0.37,0.61,0.24526018264316,6,reviewed,uu,uu
2026-03-25T15:15:09.260Z,44.801333333333,-110.71566666667,4.17,1.31,ml,17,75,0.07399,0.18,uu,uu80133206,2026-03-25T16:15:44.450Z,"19 km S of Mammoth, Wyoming",earthquake,0.35,0.77,0.22822772770214,5,reviewed,uu,uu
2026-03-25T15:12:49.440Z,38.836498260498,-122.79000091553,1.7699999809265,0.83,md,9,79,0.001927,0.02,nc,nc75332812,2026-03-25T15:52:17.664Z,"6 km WNW of Cobb, CA",earthquake,0.41,1.00999999,0.19,10,automatic,nc,nc
2026-03-25T15:04:38.290Z,38.548000335693,-121.80283355713,4.0700001716614,2.9,md,6,165,0.809,0.15,nc,nc75332802,2026-03-26T16:26:44.592Z,"5 km W of Davis, CA",earthquake,4.96,14.3599997,0.43,3,automatic,nc,nc
2026-03-25T15:03:01.949Z,51.343,-177.964,8.3,2.3,ml,14,292,0.4,0.6,ak,aka2026fxnffu,2026-03-25T21:17:09.343Z,"109 km WSW of Adak, Alaska",earthquake,9.6,4.0575,0.1,9,reviewed,ak,ak
2026-03-25T15:00:14.400Z,60.052666666667,-153.0115,3.96,-0.41,ml,5,265,0.02656,0.12,av,av94109413,2026-03-26T21:24:28.210Z,"67 km ENE of Pedro Bay, Alaska",earthquake,0.73,0.69,0.26390524549159,5,reviewed,av,av
2026-03-25T14:51:10.706Z,61.019,-151.201,71.6,1.8,ml,36,43,0.3,0.7,ak,aka2026fxmvaa,2026-03-25T21:16:20.703Z,"6 km SSW of Tyonek, Alaska",earthquake,4.2,4.1036,0.1,24,reviewed,ak,ak
2026-03-25T14:50:40.680Z,36.072333333333,-117.891,2.73,0.8,ml,17,100,0.05381,0.12,ci,ci41424664,2026-03-25T17:06:02.466Z,"6 km ENE of Coso Junction, CA",earthquake,0.2,0.52,0.16772987064097,9,reviewed,ci,ci
2026-03-25T14:49:10.064Z,51.33,-178.98,2,2.8,ml,31,203,0.2,0.6,ak,aka2026fxmtgx,2026-03-26T21:21:57.020Z,"173 km WSW of Adak, Alaska",earthquake,5.5,2.4152,0.2,24,reviewed,ak,ak
2026-03-25T14:40:44.282Z,63.044,-150.767,121,3,ml,65,35,0.7,0.7,ak,aka2026fxmmug,2026-03-25T21:11:47.038Z,"61 km N of Petersville, Alaska",earthquake,2.3,2.5403,0.3,47,reviewed,ak,ak
2026-03-25T14:39:00.590Z,38.493333333333,-112.89933333333,2.43,1.12,ml,11,99,0.01292,0.06,uu,uu80133201,2026-03-25T16:19:38.100Z,"14 km NE of Milford, Utah",earthquake,0.22,0.55,0.12370470555008,2,reviewed,uu,uu
2026-03-25T14:35:37.467Z,-13.6846,66.0263,10,4.7,mb,34,71,13.724,0.54,us,us7000s7jf,2026-03-25T15:23:34.040Z,"Mid-Indian Ridge",earthquake,10.56,1.821,0.106,27,reviewed,us,us
2026-03-25T14:27:24.574Z,54.754,-160.563,9,2.5,ml,17,250,0.8,0.7,ak,aka2026fxmamy,2026-03-25T21:09:29.993Z,"64 km S of Sand Point, Alaska",earthquake,7.7,3.8833,0.1,13,reviewed,ak,ak
2026-03-25T14:21:04.310Z,19.184,-155.50483333333,31.2,1.62,ml,44,93,0.04939,0.14,hv,hv74924592,2026-03-25T20:38:08.300Z,"3 km SW of Pāhala, Hawaii",earthquake,0.45,0.63,0.21140709869934,10,reviewed,hv,hv
2026-03-25T14:16:51.039Z,51.85,176.237,20,3.8,ml,23,202,1.4,1,ak,aka2026fxlrys,2026-03-25T21:10:03.137Z,"235 km ESE of Attu Station, Alaska",earthquake,27,0,0.1,18,reviewed,ak,ak
2026-03-25T14:14:50.076Z,61.358,-150.686,58.8,1.5,ml,22,121,0.1,0.5,ak,aka2026fxlpqs,2026-03-25T21:02:57.682Z,"22 km SSW of Susitna, Alaska",earthquake,6.4,4.829,0.1,10,reviewed,ak,ak
2026-03-25T14:08:32.860Z,38.822666168213,-122.8450012207,2.3599998950958,1.51,md,27,58,0.007802,0.02,nc,nc75332787,2026-03-25T14:42:19.196Z,"9 km WNW of The Geysers, CA",earthquake,0.21,0.330000013,0.18,27,automatic,nc,nc
2026-03-25T14:08:31.250Z,34.132666666667,-117.65233333333,12.08,1.11,ml,41,66,0.0168,0.14,ci,ci41424624,2026-03-25T17:53:29.030Z,"4 km N of Upland, CA",earthquake,0.21,0.36,0.12544621585147,25,reviewed,ci,ci
2026-03-25T14:07:46.920Z,52.074666666667,-176.14116666667,0.84,-0.32,ml,5,170,0.0189,0.35,av,av93057244,2026-03-26T20:51:55.370Z,"40 km ENE of Adak, Alaska",earthquake,1.03,2.17,0.24162977403783,5,reviewed,av,av
2026-03-25T13:55:40.887Z,59.935,-151.739,80.6,2.7,ml,71,80,0.5,0.7,ak,aka2026fxkzer,2026-03-25T21:00:44.125Z,"1 km SSW of Happy Valley, Alaska",earthquake,2.7,2.5374,0.1,48,reviewed,ak,ak
2026-03-25T13:53:45.766Z,51.499,-179.736,64.4,2.8,ml,27,175,0.5,0.3,ak,aka2026fxkxuv,2026-03-25T20:57:27.327Z,"218 km WSW of Adak, Alaska",earthquake,12,5.0895,0.1,18,reviewed,ak,ak
2026-03-25T13:52:18.222Z,63.16,-150.724,129.3,2,ml,29,44,0.7,0.4,ak,aka2026fxkwet,2026-03-25T20:54:26.431Z,"65 km SE of Denali National Park, Alaska",earthquake,4.4,4.2042,0.3,17,reviewed,ak,ak
2026-03-25T13:51:08.560Z,38.498,-112.9045,2.15,0.85,md,10,105,0.01446,0.13,uu,uu80133196,2026-03-25T16:21:24.450Z,"14 km NE of Milford, Utah",earthquake,0.39,0.69,0.58438929811872,5,reviewed,uu,uu
2026-03-25T13:50:08.100Z,19.396999359131,-155.25717163086,23.639999389648,1.7,md,35,45,0.0127,0.180000007,hv,hv74924582,2026-03-25T13:55:17.510Z,"5 km SSW of Volcano, Hawaii",earthquake,0.43,0.529999971,0.13056857105978,14,automatic,hv,hv
2026-03-25T13:45:37.190Z,33.6335,-116.68016666667,16.15,0.39,ml,16,53,0.03571,0.1,ci,ci41424616,2026-03-25T17:42:41.965Z,"9 km N of Anza, CA",earthquake,0.22,0.34,0.23681088619531,11,reviewed,ci,ci
2026-03-25T13:37:32.870Z,33.490333333333,-116.44933333333,12.44,0.69,ml,39,47,0.1498,0.16,ci,ci41424608,2026-03-25T14:42:45.367Z,"22 km ESE of Anza, CA",earthquake,0.16,0.6,0.25193945149086,19,reviewed,ci,ci
2026-03-25T13:36:15.880Z,33.004,-116.35816666667,10.1,0.97,ml,36,38,0.05455,0.19,ci,ci41424600,2026-03-25T14:42:59.201Z,"24 km ESE of Julian, CA",earthquake,0.22,0.43,0.27038910445237,22,reviewed,ci,ci
2026-03-25T13:32:40.270Z,44.6045,-110.33066666667,2.23,0.77,md,7,88,0.06323,0.14,uu,uu80133191,2026-03-25T19:33:04.520Z,"50 km SE of Mammoth, Wyoming",earthquake,0.47,9.24,0.37333271704421,4,reviewed,uu,uu
2026-03-25T13:25:36.267Z,52.5361,-131.652,10,4.1,mb,22,175,0.37,0.39,us,us7000s7j3,2026-03-26T13:53:51.563Z,"216 km SSW of Prince Rupert, Canada",earthquake,6.9,1.929,0.084,39,reviewed,us,us
2026-03-25T13:23:18.150Z,19.034833908081,-155.36749267578,33.080001831055,1.72,md,18,218,0.1496,0.129999995,hv,hv74924567,2026-03-25T13:27:14.960Z,"21 km SSE of Pāhala, Hawaii",earthquake,0.97,1.14999998,0.11810127633878,16,automatic,hv,hv
2026-03-25T13:18:39.690Z,38.772834777832,-122.73600006103,1.0700000524521,1.04,md,11,95,0.02116,0.02,nc,nc75332777,2026-03-25T13:52:20.859Z,"2 km ESE of The Geysers, CA",earthquake,0.25,0.50999999,0.25,11,automatic,nc,nc
2026-03-25T13:16:06.329Z,57.33,-155.96,88.6,2.4,ml,45,142,0.4,0.5,ak,aka2026fxjqsz,2026-03-25T20:49:59.815Z,"88 km ESE of Ugashik, Alaska",earthquake,7,3.2404,0.2,30,reviewed,ak,ak
2026-03-25T13:15:23.010Z,33.061833333333,-116.6015,13.26,0.82,ml,35,44,0.01938,0.22,ci,ci41424584,2026-03-25T14:43:14.242Z,"2 km S of Julian, CA",earthquake,0.24,0.55,0.25203028554903,19,reviewed,ci,ci
2026-03-25T13:04:38.090Z,35.624,-98.0315,5.95,2.22,ml,96,48,0,0.13,ok,ok2026fwqq,2026-03-25T16:53:44.767Z,"8 km ENE of Calumet, Oklahoma",earthquake,,0.2,0.25,43,reviewed,ok,ok
2026-03-25T12:55:08.950Z,35.6915,-117.52816666667,4.61,0.3,ml,19,70,0.08903,0.13,ci,ci41424568,2026-03-25T14:43:29.260Z,"14 km SW of Searles Valley, CA",earthquake,0.24,0.49,0.17913923069852,4,reviewed,ci,ci
2026-03-25T12:52:37.962Z,37.1529,-117.3651,2.5995,1.98,ml,17,105,0.157,0.1347,nn,nn00913278,2026-03-25T16:08:57.614Z,"60 km WNW of Beatty, Nevada",earthquake,,6.5178,0.51,5,reviewed,nn,nn
2026-03-25T12:41:59.730Z,34.036833333333,-117.2375,17.82,0.8,ml,41,58,0.07807,0.17,ci,ci41424552,2026-03-26T18:20:20.164Z,"3 km ESE of Loma Linda, CA",earthquake,0.22,0.43,0.14496380401633,24,reviewed,ci,ci
2026-03-25T12:24:48.750Z,39.391166666667,-111.88766666667,14.26,0.87,md,11,79,0.1283,0.2,uu,uu80006553,2026-03-25T16:23:46.330Z,"18 km N of Fayette, Utah",earthquake,0.54,0.96,0.25648915642993,8,reviewed,uu,uu
2026-03-25T12:16:58.930Z,38.829666137695,-122.81816864014,1.7000000476837,0.98,md,17,69,0.008899,0.01,nc,nc75332772,2026-03-25T12:47:21.407Z,"8 km NW of The Geysers, CA",earthquake,0.2,0.409999996,0.26,17,automatic,nc,nc
2026-03-25T12:11:04.600Z,34.057166666667,-117.26833333333,16.31,1.66,ml,78,26,0.07595,0.15,ci,ci41424528,2026-03-25T12:50:55.830Z,"1 km NNW of Loma Linda, CA",earthquake,0.12,0.26,0.2082684839934,26,reviewed,ci,ci
2026-03-25T11:57:13.690Z,53.366666666667,-168.13716666667,8,-0.57,ml,6,163,0.01794,0.3,av,av93057234,2026-03-26T08:42:22.280Z,"67 km NE of Nikolski, Alaska",earthquake,1.66,1.35,0.080092069689102,5,reviewed,av,av
2026-03-25T11:49:07.555Z,31.668,-104.335,6.0486,1.6,ml,29,68,0.1,0.2,tx,tx2026fxgudd,2026-03-25T14:41:37.732Z,"56 km S of Whites City, New Mexico",earthquake,0.65330978218975,0.79968321765833,0.2,23,reviewed,tx,tx
2026-03-25T11:48:37.770Z,52.3251,160.8592,10,4.6,mb,63,176,2.076,0.67,us,us7000s7ir,2026-03-25T12:24:55.040Z,"171 km ESE of Petropavlovsk-Kamchatsky, Russia",earthquake,9.54,1.95,0.067,66,reviewed,us,us
2026-03-25T11:40:04.800Z,38.797832489014,-122.71783447266,1.9400000572205,1.74,md,24,56,0.03204,0.07,nc,nc75332767,2026-03-25T12:12:20.172Z,"3 km S of Cobb, CA",earthquake,0.31,0.600000024,0.1,27,automatic,nc,nc
2026-03-25T11:38:41.604Z,51.913,176.268,21.2,3.5,ml,15,198,1.4,0.8,ak,aka2026fxglgy,2026-03-25T20:47:47.873Z,"234 km ESE of Attu Station, Alaska",earthquake,60.4,25.3587,0.1,12,reviewed,ak,ak
2026-03-25T11:33:27.281Z,60.363,-152.72,128.2,1.6,ml,32,118,0.1,0.5,ak,aka2026fxggqt,2026-03-25T20:44:09.008Z,"67 km WNW of Ninilchik, Alaska",earthquake,6.7,2.7369,0.5,21,reviewed,ak,ak
2026-03-25T11:31:12.439Z,34.7434,135.1061,10,4.1,mb,25,112,1.434,1.21,us,us7000s7iw,2026-03-26T02:26:19.061Z,"9 km NW of Kobe, Japan",earthquake,4.33,1.642,0.175,9,reviewed,us,us
2026-03-25T11:29:47.970Z,17.822,-66.856166666667,12.35,2.25,md,9,242,0.1538,0.12,pr,pr71510863,2026-03-25T12:02:42.690Z,"17 km SSE of Guánica, Puerto Rico",earthquake,0.66,0.49,0.075392124763246,5,reviewed,pr,pr
2026-03-25T11:25:11.160Z,33.701166666667,-116.81466666667,15.71,0.56,ml,26,69,0.08663,0.16,ci,ci41424496,2026-03-25T19:50:02.252Z,"9 km SE of Valle Vista, CA",earthquake,0.25,0.5,0.15610913251612,12,reviewed,ci,ci
2026-03-25T11:24:45.220Z,38.4925,-112.8985,2.6,0.86,md,11,99,0.01299,0.05,uu,uu80133186,2026-03-25T13:11:09.620Z,"14 km NE of Milford, Utah",earthquake,0.26,0.55,0.46619569172534,7,reviewed,uu,uu
2026-03-25T10:59:33.633Z,-5.8203,152.0742,10,5,mb,38,141,1.621,0.51,us,us7000s7in,2026-03-25T11:15:38.040Z,"164 km S of Kokopo, Papua New Guinea",earthquake,11.94,1.92,0.095,35,reviewed,us,us
2026-03-25T10:56:44.089Z,51.864,176.252,18.9,3.9,ml,31,201,1.4,0.9,ak,aka2026fxeyre,2026-03-25T20:38:49.176Z,"235 km ESE of Attu Station, Alaska",earthquake,28.8,8.7764,0.1,25,reviewed,ak,ak
2026-03-25T10:54:11.930Z,60.562666666667,-152.90366666667,4.69,-0.42,ml,8,151,0.01268,0.08,av,av94109173,2026-03-26T08:21:50.140Z,"87 km W of Salamatof, Alaska",earthquake,0.37,0.65,0.098145128902796,8,reviewed,av,av
2026-03-25T10:52:41.248Z,64.572,-147.851,16.8,1.7,ml,20,78,0.1,0.3,ak,aka2026fxexmp,2026-03-25T20:35:48.533Z,"26 km S of South Van Horn, Alaska",earthquake,3.3,1.6063,0.1,12,reviewed,ak,ak
2026-03-25T10:46:29.690Z,58.175333333333,-155.3615,1.73,0.54,ml,12,65,0.03919,0.08,av,av94109163,2026-03-26T08:27:50.520Z,"86 km NW of Karluk, Alaska",earthquake,0.19,0.38,0.18465271610879,12,reviewed,av,av
2026-03-25T10:46:21.310Z,33.229833333333,-116.09083333333,9.8,0.55,ml,35,55,0.1012,0.24,ci,ci41424488,2026-03-25T12:50:25.629Z,"10 km NNE of Ocotillo Wells, CA",earthquake,0.27,0.75,0.23387334151077,3,reviewed,ci,ci
2026-03-25T10:37:51.631Z,32.308,-101.832,6.3232,0.8,ml,34,32,0,0.2,tx,tx2026fxeksg,2026-03-25T15:54:38.741Z,"20 km NNW of Stanton, Texas",earthquake,0.41412684938134,0.48865851285555,0.2,18,reviewed,tx,tx
2026-03-25T10:35:12.300Z,38.794498443604,-122.77549743652,3.5599999427795,1.08,md,23,76,0.009795,0.03,nc,nc75332762,2026-03-25T10:57:18.639Z,"3 km NW of The Geysers, CA",earthquake,0.28,0.519999981,0.11,22,automatic,nc,nc
2026-03-25T10:31:12.060Z,38.493166666667,-112.89983333333,2.62,0.86,md,9,99,0.01333,0.05,uu,uu80133181,2026-03-25T13:22:13.240Z,"14 km NE of Milford, Utah",earthquake,0.32,0.48,0.28570162558253,4,reviewed,uu,uu
2026-03-25T10:23:41.226Z,59.53,-151.701,60.4,2,ml,19,139,0.5,0.4,ak,aka2026fxdyoi,2026-03-25T20:32:56.103Z,"6 km NNW of Seldovia Village, Alaska",earthquake,5.8,6.8073,0.2,8,reviewed,ak,ak
2026-03-25T10:19:27.190Z,61.318333333333,-152.29333333333,-3.19,-0.19,ml,7,177,0.0706,0.32,av,av94109108,2026-03-26T07:25:17.350Z,"67 km WNW of Beluga, Alaska",earthquake,0.92,3.33,0.096843948868556,7,reviewed,av,av
2026-03-25T10:17:29.823Z,-15.6261,-174.4632,198.051,5.2,mb,96,55,3.105,0.72,us,us7000s7ha,2026-03-25T10:31:26.040Z,"80 km WNW of Hihifo, Tonga",earthquake,9.69,7.204,0.105,30,reviewed,us,us
2026-03-25T10:13:28.820Z,34.314166666667,-118.373,4.26,2.42,ml,124,14,0.04675,0.22,ci,ci41424480,2026-03-27T02:46:10.714Z,"5 km N of Lake View Terrace, CA",earthquake,0.11,0.35,0.14182623025567,162,reviewed,ci,ci
2026-03-25T10:12:12.030Z,33.162666666667,-116.53733333333,15.55,0.45,ml,36,52,0.09586,0.18,ci,ci41424472,2026-03-25T13:03:02.016Z,"11 km NNE of Julian, CA",earthquake,0.24,0.52,0.090665110913615,8,reviewed,ci,ci
2026-03-25T10:10:59.550Z,-15.5143,-174.3933,198.327,5.6,mww,38,98,2.988,0.93,us,us7000s7h9,2026-03-26T10:29:21.971Z,"80 km NW of Hihifo, Tonga",earthquake,11.17,9.396,0.069,20,reviewed,us,us
2026-03-25T10:02:38.310Z,33.395833333333,-116.42166666667,13.3,0.4,ml,35,67,0.09953,0.17,ci,ci41424464,2026-03-25T13:03:18.751Z,"16 km NNW of Borrego Springs, CA",earthquake,0.23,0.51,0.097267027928891,11,reviewed,ci,ci
2026-03-25T09:52:34.180Z,47.465666666667,-122.7925,48.03,2.4,ml,62,24,0.02392,0.12,uw,uw62228997,2026-03-25T15:17:11.254Z,"3 km ENE of Belfair, Washington",earthquake,0.3,0.43,0.18904503712882,45,reviewed,uw,uw
2026-03-25T09:41:17.910Z,34.0005,-116.66633333333,14.78,1.24,ml,63,26,0.04088,0.15,ci,ci41424456,2026-03-25T13:05:06.940Z,"9 km WSW of Morongo Valley, CA",earthquake,0.13,0.29,0.14525289884158,26,reviewed,ci,ci
2026-03-25T09:38:05.038Z,51.847,176.206,33,4,ml,27,203,1.4,0.8,ak,aka2026fxcllv,2026-03-25T20:31:21.703Z,"233 km ESE of Attu Station, Alaska",earthquake,30.1,23.7086,0.1,20,reviewed,ak,ak
2026-03-25T09:34:55.347Z,51.837,176.223,29.3,4.1,ml,23,203,1.4,0.6,ak,aka2026fxcime,2026-03-25T20:29:25.896Z,"235 km ESE of Attu Station, Alaska",earthquake,29.3,14.2763,0.1,17,reviewed,ak,ak
2026-03-25T09:30:20.563Z,51.99,176.303,9.4,3.4,ml,10,193,1.4,0.6,ak,aka2026fxceuz,2026-03-25T20:23:41.062Z,"232 km ESE of Attu Station, Alaska",earthquake,48.4,17.6193,0.1,7,reviewed,ak,ak
2026-03-25T09:27:21.160Z,33.529,-116.734,4.39,0.3,ml,21,41,0.03638,0.13,ci,ci41424440,2026-03-25T13:03:36.463Z,"6 km WSW of Anza, CA",earthquake,0.17,0.32,0.10475895218824,5,reviewed,ci,ci
2026-03-25T09:13:19.470Z,36.0065,-89.885333333333,5,2.33,md,46,62,0.05008,0.2,nm,nm60619091,2026-03-25T14:35:50.800Z,"5 km SSW of Holland, Missouri",earthquake,0.24,0.32,0.058909958676551,37,reviewed,nm,nm
2026-03-25T09:13:08.920Z,34.21,-117.05766666667,2.08,1.33,ml,70,26,0.05824,0.17,ci,ci41424432,2026-03-26T16:19:19.838Z,"5 km E of Running Springs, CA",earthquake,0.12,0.23,0.15994515648329,46,reviewed,ci,ci
2026-03-25T09:12:19.650Z,60.011333333333,-153.0665,-0.79,-1.25,ml,5,104,0.02462,0.06,av,av94109003,2026-03-26T06:51:45.740Z,"63 km ENE of Pedro Bay, Alaska",earthquake,0.24,2.99,0.18215752089443,5,reviewed,av,av
2026-03-25T09:10:20.390Z,34.226666666667,-117.49283333333,7.52,0.51,ml,23,95,0.01127,0.13,ci,ci41424416,2026-03-25T18:46:28.321Z,"4 km S of Lytle Creek, CA",earthquake,0.23,0.37,0.11082801938583,13,reviewed,ci,ci
2026-03-25T09:10:20.190Z,35.956833333333,-117.39066666667,2.74,0.71,ml,20,50,0.1092,0.2,ci,ci41424424,2026-03-25T18:37:54.838Z,"21 km N of Searles Valley, CA",earthquake,0.26,1.04,0.15043589135789,10,reviewed,ci,ci
2026-03-25T09:08:35.390Z,33.704333333333,-116.737,17.86,0.97,ml,58,25,0.02308,0.16,ci,ci41424408,2026-03-25T13:04:16.090Z,"4 km SSW of Idyllwild, CA",earthquake,0.15,0.25,0.18635922947032,28,reviewed,ci,ci
2026-03-25T08:53:40.970Z,-35.7419,-73.641,19.759,4.3,mb,30,165,1.808,0.49,us,us7000s7gz,2026-03-26T09:13:11.040Z,"115 km NNW of Tomé, Chile",earthquake,7.98,7.267,0.237,6,reviewed,us,us
2026-03-25T08:50:58.400Z,33.520166666667,-116.74016666667,3.39,1.23,ml,73,20,0.04515,0.21,ci,ci41424400,2026-03-25T13:04:48.970Z,"7 km WSW of Anza, CA",earthquake,0.13,0.39,0.19635089261652,25,reviewed,ci,ci
2026-03-25T08:50:21.796Z,32.172,-101.031,4.5898,1.3,ml,10,66,0.3,0.1,tx,tx2026fxawbv,2026-03-25T16:25:12.372Z,"20 km S of Westbrook, Texas",earthquake,1.1974667420074,2.740035519514,0.2,9,reviewed,tx,tx
2026-03-25T08:40:48.450Z,33.873333333333,-117.75533333333,13.96,1.98,ml,107,25,0.03848,0.19,ci,ci41424392,2026-03-25T17:06:02.950Z,"6 km ESE of Yorba Linda, CA",earthquake,0.14,0.25,0.13517537181244,120,reviewed,ci,ci
2026-03-25T08:38:25.454Z,63.826,-148.915,103,2.9,ml,44,81,0.4,0.6,ak,aka2026fxakxt,2026-03-25T20:20:32.269Z,"4 km SE of Healy, Alaska",earthquake,4.3,4.2534,0.4,32,reviewed,ak,ak
2026-03-25T08:29:58.085Z,60.839,-151.558,80.1,2.4,ml,35,105,0.4,0.5,ak,aka2026fxaenc,2026-03-25T20:20:32.207Z,"22 km NW of Nikiski, Alaska",earthquake,5.8,3.894,0.3,24,reviewed,ak,ak
2026-03-25T08:27:09.644Z,32.856,-100.897,5.2979,0.8,ml,8,90,0,0.1,tx,tx2026fxaccj,2026-03-25T16:45:43.109Z,"15 km N of Snyder, Texas",earthquake,1.2421176542213,0.79909288743791,0.2,5,reviewed,tx,tx
2026-03-25T08:23:38.745Z,32.11,-102.156,7.9346,1.8,ml,46,53,0,0.1,tx,tx2026fwzvvv,2026-03-25T09:13:43.927Z,"14 km NNW of Midland, Texas",earthquake,0.30995551531056,0.47588938299392,0.2,24,reviewed,tx,tx
2026-03-25T08:16:35.189Z,36.6253,70.8069,192.712,4.4,mb,29,159,2.149,0.92,us,us7000s7gs,2026-03-26T08:37:59.040Z,"26 km S of Jurm, Afghanistan",earthquake,9.52,8.962,0.169,10,reviewed,us,us
2026-03-25T07:58:53.697Z,32.002,-101.693,10.5225,0.8,ml,6,89,0.1,0.1,tx,tx2026fwzdos,2026-03-25T15:32:39.532Z,"16 km SSE of Stanton, Texas",earthquake,0.9692119226541,1.4610472855888,0.1,6,reviewed,tx,tx
2026-03-25T07:52:53.568Z,54.4972,-159.8569,10,2.6,ml,15,257,1.333,0.59,us,us7000s7l2,2026-03-26T06:48:25.040Z,"102 km SSE of Sand Point, Alaska",earthquake,7.22,2.018,0.128,8,reviewed,us,us
2026-03-25T07:52:40.700Z,33.881833333333,-116.85783333333,15.6,0.83,ml,45,34,0.06962,0.13,ci,ci41424384,2026-03-25T13:04:32.620Z,"5 km SSE of Banning, CA",earthquake,0.14,0.38,0.16578194290751,23,reviewed,ci,ci
2026-03-25T07:45:35.170Z,48.913166666667,-121.9865,1.82,1.38,ml,8,74,0.1025,0.09,uw,uw62228987,2026-03-25T17:32:37.220Z,"3 km NW of Glacier, Washington",earthquake,0.27,0.46,0.057892143973481,5,reviewed,uw,uw
2026-03-25T07:44:58.530Z,18.963333333333,-65.845166666667,22.7,3.15,md,20,231,0.6889,0.31,pr,pr71510858,2026-03-25T08:11:27.360Z,"59 km N of Loíza, Puerto Rico",earthquake,1.06,22.63,0.068130477624973,5,reviewed,pr,pr
2026-03-25T07:40:19.810Z,37.755500793457,-121.94483184815,6.6599998474121,1.43,md,10,124,0.03288,0.1,nc,nc75332732,2026-03-25T09:47:24.123Z,"4 km SE of San Ramon, CA",earthquake,0.43,0.829999983,0.19,9,automatic,nc,nc
2026-03-25T07:36:23.520Z,51.734833333333,-178.81233333333,8.46,0.75,ml,5,286,0.0353,0.24,av,av94108893,2026-03-25T22:25:52.100Z,"151 km W of Adak, Alaska",earthquake,1.71,0.92,0.26607453941247,5,reviewed,av,av
2026-03-25T07:35:18.363Z,31.624,-104.085,6.0999,1.5,ml,30,65,0,0.2,tx,tx2026fwyixz,2026-03-25T10:23:18.706Z,"44 km NW of Toyah, Texas",earthquake,0.56947137870156,0.44883246075313,0.2,22,reviewed,tx,tx
2026-03-25T07:35:09.202Z,-18.3714,-175.3058,238.847,4.6,mb,39,85,5.145,1.09,us,us7000s7gp,2026-03-25T07:58:25.040Z,"143 km WNW of Neiafu, Tonga",earthquake,12.01,8.352,0.063,75,reviewed,us,us
2026-03-25T07:31:59.960Z,55.966333333333,-159.7295,21.93,0.37,ml,6,315,0.1417,0.07,av,av93057219,2026-03-26T06:16:43.900Z,"16 km WNW of Ivanof Bay, Alaska",earthquake,0.62,0.78,0.14727543377824,6,reviewed,av,av
2026-03-25T07:30:15.170Z,31.291,-103.372,5.8435,1.7,ml,35,45,0,0.3,tx,tx2026fwyeye,2026-03-25T15:55:26.574Z,"18 km ESE of Lindsay, Texas",earthquake,0.44890415305551,2.466237059638,0.2,27,reviewed,tx,tx
2026-03-25T07:29:03.890Z,33.971166666667,-117.228,12.76,0.65,ml,38,75,0.05167,0.18,ci,ci41424368,2026-03-25T13:04:46.201Z,"5 km N of Moreno Valley, CA",earthquake,0.22,0.49,0.20766930861765,16,reviewed,ci,ci
2026-03-25T07:22:47.201Z,31.682,-104.234,6.4203,1.5,ml,30,63,0,0.2,tx,tx2026fwxypl,2026-03-25T11:03:04.527Z,"56 km SSE of Whites City, New Mexico",earthquake,0.53846417005804,0.5581563802371,0.2,19,reviewed,tx,tx
2026-03-25T07:21:59.085Z,53.936,-166.196,17.9,1.6,ml,16,184,0.2,0.2,ak,aka2026fwxxxw,2026-03-25T20:12:21.638Z,"23 km ENE of Unalaska, Alaska",earthquake,12.5,6.9606,0.1,13,reviewed,ak,ak
2026-03-25T07:21:33.519Z,59.929,-152.292,87.8,1.7,ml,24,101,0.4,0.3,ak,aka2026fwxxof,2026-03-25T20:10:59.349Z,"30 km WNW of Anchor Point, Alaska",earthquake,7,3.7924,0.3,10,reviewed,ak,ak
2026-03-25T07:12:41.657Z,52.489,-168.814,21.7,2.4,ml,11,255,0.6,0.3,ak,aka2026fwxpyt,2026-03-25T20:08:50.567Z,"50 km S of Nikolski, Alaska",earthquake,16.1,7.4802,0.1,7,reviewed,ak,ak
2026-03-25T07:04:53.629Z,53.271,-164.735,15.804,3.1,ml,27,216,1.017,0.44,us,us7000s7lt,2026-03-26T06:42:18.040Z,"118 km SE of Akutan, Alaska",earthquake,4.14,9.602,0.085,18,reviewed,us,us
2026-03-25T07:04:38.790Z,32.306,-101.843,7.8857,1.6,ml,78,23,0,0.2,tx,tx2026fwxipk,2026-03-25T08:54:44.007Z,"20 km NNW of Stanton, Texas",earthquake,0.23849605639368,0.67823211290168,0.2,49,reviewed,tx,tx
2026-03-25T06:49:46.700Z,33.895,-116.93033333333,12.57,1.15,ml,63,28,0.09222,0.14,ci,ci41424360,2026-03-26T18:37:23.910Z,"6 km SE of Beaumont, CA",earthquake,0.12,0.44,0.19844836772055,23,reviewed,ci,ci
2026-03-25T06:47:44.179Z,61.311,-150.792,64.8,1.5,ml,15,170,0.5,0.6,ak,aka2026fwwuji,2026-03-25T20:05:59.671Z,"24 km NE of Beluga, Alaska",earthquake,8,7.3065,0.3,6,reviewed,ak,ak
2026-03-25T06:42:23.935Z,52.6567,-167.8381,10,2.7,ml,16,233,0.728,0.89,us,us7000s7ls,2026-03-26T06:34:10.040Z,"75 km ESE of Nikolski, Alaska",earthquake,4.8,2,0.115,10,reviewed,us,us
2026-03-25T06:23:38.988Z,31.663,-104.128,3.2416,1.5,ml,38,49,0,0.2,tx,tx2026fwvzqy,2026-03-25T10:12:12.460Z,"50 km NW of Toyah, Texas",earthquake,0.27879335493145,0.76061420459157,0.2,19,reviewed,tx,tx
2026-03-25T06:12:25.650Z,38.497,-112.89733333333,2.71,0.29,md,9,76,0.009555,0.05,uu,uu80133171,2026-03-25T13:31:25.220Z,"14 km NE of Milford, Utah",earthquake,0.26,0.61,0.29043406288844,5,reviewed,uu,uu
2026-03-25T06:06:43.250Z,38.798332214355,-122.72533416748,2.1500000953674,1.14,md,10,111,0.02696,0.02,nc,nc75332702,2026-03-25T08:37:21.620Z,"3 km S of Cobb, CA",earthquake,0.37,0.980000019,0.13,12,automatic,nc,nc
2026-03-25T05:59:51.270Z,38.837833404541,-122.83633422852,1.3899999856949,1.08,md,16,81,0.001004,0.01,nc,nc75332697,2026-03-25T06:17:21.631Z,"10 km NW of The Geysers, CA",earthquake,0.23,0.5,0.21,18,automatic,nc,nc
2026-03-25T05:58:24.590Z,33.528,-116.73416666667,4.2,0.42,ml,31,39,0.03737,0.15,ci,ci41424352,2026-03-25T13:04:31.493Z,"6 km WSW of Anza, CA",earthquake,0.17,0.33,0.11630638098179,12,reviewed,ci,ci
2026-03-25T05:50:29.378Z,44.8497,146.7254,168.308,4.4,mb,55,132,3.046,1.02,us,us7000s7gf,2026-03-25T07:01:16.040Z,"99 km WSW of Kuril’sk, Russia",earthquake,8.77,8.053,0.074,53,reviewed,us,us
2026-03-25T05:48:32.640Z,33.1625,-116.11166666667,11.74,0.73,ml,39,61,0.1129,0.21,ci,ci41424344,2026-03-26T21:00:18.846Z,"3 km NE of Ocotillo Wells, CA",earthquake,0.22,0.47,0.17911331723166,21,reviewed,ci,ci
2026-03-25T05:38:36.963Z,31.662,-104.302,7.5867,1.6,ml,38,86,0,0.2,tx,tx2026fwumvn,2026-03-25T09:42:44.550Z,"57 km S of Whites City, New Mexico",earthquake,0.78150222412683,0.73003321343211,0.2,22,reviewed,tx,tx
2026-03-25T05:38:27.139Z,32.749,-100.67,8.8135,1.9,ml,34,72,0.1,0.2,tx,tx2026fwumsi,2026-03-25T08:31:25.855Z,"15 km NNE of Hermleigh, Texas",earthquake,0.77665781834212,1.7489161310923,0.2,20,reviewed,tx,tx
2026-03-25T05:35:09.790Z,33.209,-116.06666666667,9.09,0.86,ml,43,53,0.08255,0.18,ci,ci41424336,2026-03-26T19:57:25.360Z,"9 km NE of Ocotillo Wells, CA",earthquake,0.18,0.58,0.16177455839356,28,reviewed,ci,ci
2026-03-25T05:34:49.550Z,60.001,-153.093,0.89,-0.75,ml,5,104,0.03063,0.03,av,av94108763,2026-03-26T03:06:34.850Z,"61 km ENE of Pedro Bay, Alaska",earthquake,0.21,0.86,0.17978228846409,5,reviewed,av,av
2026-03-25T05:25:35.383Z,55.265,-159.722,10.3,2.4,ml,12,236,0.8,0.5,ak,aka2026fwubqd,2026-03-25T20:03:38.254Z,"50 km E of Sand Point, Alaska",earthquake,11.4,4.3233,0.2,7,reviewed,ak,ak
2026-03-25T05:22:56.850Z,34.209,-117.05883333333,1.77,0.62,ml,22,74,0.05707,0.11,ci,ci41424328,2026-03-25T20:02:12.113Z,"5 km E of Running Springs, CA",earthquake,0.16,0.23,0.055421351472344,11,reviewed,ci,ci
2026-03-25T05:19:02.548Z,51.282,-174.366,1.3,2.7,ml,20,276,0.9,0.8,ak,aka2026fwtwaj,2026-03-25T20:03:15.388Z,"102 km S of Atka, Alaska",earthquake,10.9,5.2698,0.1,12,reviewed,ak,ak
2026-03-25T05:15:32.690Z,33.643333333333,-116.71133333333,13.68,0.75,ml,31,53,0.04038,0.13,ci,ci41424320,2026-03-25T13:05:23.218Z,"10 km NNW of Anza, CA",earthquake,0.18,0.34,0.2703035451227,17,reviewed,ci,ci
2026-03-25T05:14:53.832Z,32.361,-102.057,7.0068,0.6,ml,17,64,0,0.2,tx,tx2026fwtsbv,2026-03-25T14:11:58.781Z,"36 km NW of Stanton, Texas",earthquake,0.61819337670771,0.964530286292,0.2,12,reviewed,tx,tx
2026-03-25T05:13:16.200Z,39.308334350586,-123.20933532715,2.9700000286102,1.53,md,12,75,0.009863,0.06,nc,nc75332687,2026-03-25T07:52:18.318Z,"5 km N of Redwood Valley, CA",earthquake,0.28,0.529999971,0.13,7,automatic,nc,nc
2026-03-25T05:10:11.060Z,38.825332641602,-122.76667022705,1.960000038147,1.09,md,14,122,0.005722,0.02,nc,nc75332682,2026-03-25T05:11:46.128Z,"4 km W of Cobb, CA",earthquake,0.3,0.529999971,0.17,17,automatic,nc,nc
2026-03-25T05:05:27.140Z,32.955833333333,-116.33283333333,9.04,0.89,ml,38,39,0.02479,0.17,ci,ci41424312,2026-03-25T13:06:33.269Z,"24 km NE of Pine Valley, CA",earthquake,0.19,0.41,0.25874694420611,20,reviewed,ci,ci
2026-03-25T05:04:46.154Z,60.86,-152.571,127.4,1.6,ml,20,142,0.3,0.3,ak,aka2026fwtiju,2026-03-25T20:01:56.582Z,"72 km WNW of Nikiski, Alaska",earthquake,15.3,4.6249,0.6,10,reviewed,ak,ak
2026-03-25T05:03:25.760Z,35.7305,-118.04616666667,7.82,0.94,ml,24,40,0.1593,0.12,ci,ci41424304,2026-03-25T13:06:21.398Z,"23 km WNW of Inyokern, CA",earthquake,0.16,0.86,0.16346895568986,12,reviewed,ci,ci
2026-03-25T04:55:16.604Z,62.415,-149.559,21.9,2.7,ml,48,69,0.7,0.9,ak,aka2026fwtbwd,2026-03-25T20:01:25.883Z,"28 km E of Chase, Alaska",earthquake,2.7,3.516,0.2,32,reviewed,ak,ak
2026-03-25T04:40:28.582Z,51.323,-176.131,25.1,2.2,ml,11,286,0.6,0.3,ak,aka2026fwsotj,2026-03-25T19:59:30.046Z,"70 km SSE of Adak, Alaska",earthquake,12.4,7.2705,0.2,6,reviewed,ak,ak
2026-03-25T04:40:23.340Z,34.209166666667,-117.05833333333,1.96,1.34,ml,61,36,0.05751,0.14,ci,ci41424296,2026-03-26T16:29:07.911Z,"5 km E of Running Springs, CA",earthquake,0.11,0.18,0.17014549755358,44,reviewed,ci,ci
2026-03-25T04:26:57.650Z,38.84366607666,-122.8321685791,1.7699999809265,0.32,md,9,184,0.005694,0.01,nc,nc75332667,2026-03-25T04:28:35.603Z,"10 km WNW of Cobb, CA",earthquake,0.76,0.99000001,0.16,8,automatic,nc,nc
2026-03-25T04:26:02.230Z,35.087833333333,-118.744,10,1.31,ml,32,47,0.06047,0.13,ci,ci41424288,2026-03-26T16:35:57.125Z,"16 km SSE of Arvin, CA",earthquake,0.18,0.3,0.088465899928135,22,reviewed,ci,ci
2026-03-25T04:24:17.060Z,38.827331542969,-122.81533050537,2.4400000572205,0.68,md,10,71,0.005684,0.02,nc,nc75332652,2026-03-25T04:25:56.694Z,"8 km NW of The Geysers, CA",earthquake,0.4,1.36000001,0.3,12,automatic,nc,nc
2026-03-25T04:13:02.350Z,17.963166666667,-66.7275,16.34,2.43,md,15,161,0.08312,0.19,pr,pr71510848,2026-03-25T04:36:49.000Z,"3 km SSW of Tallaboa, Puerto Rico",earthquake,0.48,0.78,0.15505404710607,4,reviewed,pr,pr
2026-03-25T03:58:36.540Z,51.8605,-177.9775,1.66,0.09,ml,4,162,0.03896,0.11,av,av94108658,2026-03-26T02:50:34.760Z,"92 km W of Adak, Alaska",earthquake,0.6,1.44,0.16878523099105,4,reviewed,av,av
2026-03-25T03:47:50.830Z,19.157166666667,-155.45766666667,32.02,1.37,ml,34,169,0.00455,0.13,hv,hv74924382,2026-03-25T20:44:11.490Z,"5 km SSE of Pāhala, Hawaii",earthquake,0.56,0.72,0.17118945279503,11,reviewed,hv,hv
2026-03-25T03:43:44.960Z,35.621,-98.0375,6.6,1.06,ml,47,111,0.1574690992,0.1,ok,ok2026fvyd,2026-03-26T20:36:39.453Z,"7 km ENE of Calumet, Oklahoma",earthquake,,0.2,0.23,20,reviewed,ok,ok
2026-03-25T03:42:53.317Z,28.949,-98.026,8.6651,1.2,ml,12,71,0,0.3,tx,tx2026fwqrdu,2026-03-25T14:45:04.422Z,"3 km SSW of Falls City, Texas",earthquake,0.7615607578854,1.1159420490631,0.2,5,reviewed,tx,tx
2026-03-25T03:34:12.710Z,51.858166666667,-177.7995,5.3,0.67,ml,5,263,0.04494,0.06,av,av93057214,2026-03-26T02:57:04.230Z,"80 km W of Adak, Alaska",earthquake,0.57,0.77,0.26513256617883,5,reviewed,av,av
2026-03-25T03:30:11.915Z,31.959,-103.896,7.8558,1.4,ml,42,40,0.1,0.1,tx,tx2026fwqgez,2026-03-25T09:34:43.503Z,"33 km SSE of Malaga, New Mexico",earthquake,0.33457235737123,0.64086223330504,0.2,24,reviewed,tx,tx
2026-03-25T03:29:00.856Z,57.39,-155.517,82.6,1.9,ml,15,223,0.5,0.3,ak,aka2026fwqffw,2026-03-25T19:58:06.070Z,"66 km WSW of Karluk, Alaska",earthquake,18.3,7.8508,0.2,8,reviewed,ak,ak
2026-03-25T03:24:40.310Z,35.907,-117.67666666667,9.01,0.25,ml,13,94,0.04605,0.14,ci,ci41424264,2026-03-25T18:18:24.180Z,"21 km E of Little Lake, CA",earthquake,0.31,0.68,0.21192159855964,8,reviewed,ci,ci
2026-03-25T03:12:40.369Z,35.619,-98.03983333,7.82,1.15,ml,47,40,0.1565692758,0.09,ok,ok2026fvxc,2026-03-26T17:52:14.017Z,"7 km ENE of Calumet, Oklahoma",earthquake,,0.2,0.24,22,reviewed,ok,ok
2026-03-25T02:49:36.180Z,38.491666666667,-112.89466666667,2.09,1,md,13,73,0.007198,0.06,uu,uu80133166,2026-03-25T13:13:50.600Z,"14 km NE of Milford, Utah",earthquake,0.21,0.33,0.2131458482875,5,reviewed,uu,uu
2026-03-25T02:49:20.674Z,51.2633,-176.2353,35,2.5,ml,13,237,0.609,1.05,us,us7000s7lp,2026-03-25T20:15:57.040Z,"73 km SSE of Adak, Alaska",earthquake,3.13,2.015,0.128,8,reviewed,us,us
2026-03-25T02:44:17.780Z,18.816833333333,-67.4045,13.95,3.14,md,21,210,0.4053,0.31,pr,pr71510838,2026-03-25T03:35:59.350Z,"48 km NW of San Antonio, Puerto Rico",earthquake,0.93,1.97,0.046001714773761,11,reviewed,pr,pr
2026-03-25T02:42:52.570Z,35.6175,-98.0335,7.37,0.98,ml,39,76,0.1619682163,0.14,ok,ok2026fvwd,2026-03-26T17:43:43.872Z,"7 km ENE of Calumet, Oklahoma",earthquake,,0.4,0.19,16,reviewed,ok,ok
2026-03-25T02:42:08.670Z,38.837833404541,-122.78316497803,1.9199999570847,0.23,md,9,79,0.005636,0.01,nc,nc75332642,2026-03-25T02:57:19.229Z,"5 km WNW of Cobb, CA",earthquake,0.51,0.430000007,0.16,9,automatic,nc,nc
2026-03-25T02:39:12.240Z,34.046166666667,-117.24666666667,17.62,0.63,ml,33,83,0.1024,0.15,ci,ci41424248,2026-03-26T19:31:18.043Z,"1 km E of Loma Linda, CA",earthquake,0.2,0.49,0.11008826729819,20,reviewed,ci,ci
2026-03-25T02:32:11.240Z,58.506833333333,-154.39033333333,13.64,-0.09,ml,5,227,0.08313,0.19,av,av93057204,2026-03-26T02:34:33.980Z,"100 km WNW of Aleneva, Alaska",earthquake,1.15,0.78,0.26184042363551,5,reviewed,av,av
2026-03-25T02:24:39.961Z,-18.7237,-175.268,212.009,4.9,mb,55,58,5.068,1.52,us,us7000s7fx,2026-03-25T02:44:55.040Z,"135 km W of Neiafu, Tonga",earthquake,9.93,7.489,0.031,322,reviewed,us,us
2026-03-25T02:13:07.951Z,52.308,-169.3822,6.579,2.4,ml,12,344,1.285,0.36,us,us7000s7g6,2026-03-25T19:56:22.309Z,"78 km SSW of Nikolski, Alaska",earthquake,28.07,30.706,0.128,8,reviewed,us,us
2026-03-25T02:10:54.690Z,33.639,-117.35233333333,10.29,1.71,ml,65,31,0.04207,0.19,ci,ci41424232,2026-03-25T13:07:47.773Z,"1 km W of Lakeland Village, CA",earthquake,0.15,0.31,0.24615652910389,31,reviewed,ci,ci
2026-03-25T02:06:01.530Z,35.958667755127,-120.51249694824,10.069999694824,1.61,md,32,42,0.01356,0.07,nc,nc75332622,2026-03-25T02:22:18.992Z,"10 km NW of Parkfield, CA",earthquake,0.25,0.349999994,0.25,18,automatic,nc,nc
2026-03-25T02:02:26.143Z,51.2308,-177.1744,35,2.4,ml,13,255,0.623,0.24,us,us7000s7ln,2026-03-25T20:34:54.040Z,"80 km SSW of Adak, Alaska",earthquake,5.01,2.018,0.128,8,reviewed,us,us
2026-03-25T02:01:32.651Z,32.757,-100.668,6.4209,1.9,ml,27,71,0.1,0.2,tx,tx2026fwnhuk,2026-03-25T09:23:09.793Z,"16 km NNE of Hermleigh, Texas",earthquake,0.9650444279132,2.2533885816615,0.1,17,reviewed,tx,tx
2026-03-25T02:00:07.790Z,34.4,-116.15766666667,2.69,2.52,ml,45,41,0.2153,0.15,ci,ci41424224,2026-03-25T15:26:14.420Z,"30 km NNW of Twentynine Palms, CA",earthquake,0.16,0.71,0.16724618502086,111,reviewed,ci,ci
2026-03-25T01:59:40.307Z,51.483,-176.82,18.7,2,ml,10,277,0.4,0.2,ak,aka2026fwngej,2026-03-25T19:54:12.924Z,"45 km SSW of Adak, Alaska",earthquake,11.8,8.0439,0.1,7,reviewed,ak,ak
2026-03-25T01:41:46.406Z,31.711,-104.178,7.2662,2.6,ml,49,64,0.1,0.2,tx,tx2026fwmqrf,2026-03-25T08:13:35.917Z,"54 km SSE of Whites City, New Mexico",earthquake,0.45531055769068,0.53296536715949,0.2,36,reviewed,tx,tx
2026-03-25T01:29:45.740Z,38.487333333333,-112.907,-0.37,1.05,md,8,98,0.02139,0.23,uu,uu80133151,2026-03-25T13:46:28.160Z,"13 km NE of Milford, Utah",earthquake,0.64,0.52,0.22775008701713,4,reviewed,uu,uu
2026-03-25T01:29:38.920Z,35.62216667,-98.03216667,6.49,1.6,ml,89,48,0.1610683929,0.15,ok,ok2026fvts,2026-03-25T17:15:53.112Z,"8 km ENE of Calumet, Oklahoma",earthquake,,0.3,0.24,34,reviewed,ok,ok
2026-03-25T01:29:12.270Z,33.6785,-116.98566666667,10.95,0.43,ml,19,69,0.03236,0.1,ci,ci41424208,2026-03-25T13:08:09.775Z,"8 km S of Hemet, CA",earthquake,0.19,0.24,0.13062346423497,7,reviewed,ci,ci
2026-03-25T01:27:56.320Z,38.486833333333,-112.89216666667,2.08,1.43,md,18,75,0.001992,0.12,uu,uu80133146,2026-03-25T13:48:19.670Z,"14 km NE of Milford, Utah",earthquake,0.25,0.4,0.52356606559684,9,reviewed,uu,uu
2026-03-25T01:22:35.906Z,53.402,-165.766,21,2.3,ml,20,237,0.6,0.4,ak,aka2026fwmafr,2026-03-25T19:52:29.205Z,"73 km SE of Unalaska, Alaska",earthquake,7.6,4.5128,0.1,13,reviewed,ak,ak
2026-03-25T01:22:22.140Z,33.639333333333,-119.3365,-0.19,2.89,ml,29,97,0.3011,0.38,ci,ci41424200,2026-03-25T15:06:24.099Z,"32 km NW of Santa Barbara Is., CA",earthquake,0.46,1.88,0.13731832104566,107,reviewed,ci,ci
2026-03-25T01:12:07.440Z,38.496833333333,-112.89766666667,2.19,0.37,md,11,128,0.003495,0.06,uu,uu80133141,2026-03-25T13:40:03.040Z,"14 km NE of Milford, Utah",earthquake,0.24,0.36,0.16900554773944,3,reviewed,uu,uu
2026-03-25T01:10:44.962Z,59.486,-152.503,74.1,1.4,ml,17,174,0.4,0.4,ak,aka2026fwlqan,2026-03-25T19:52:03.210Z,"36 km WNW of Nanwalek, Alaska",earthquake,11.5,4.9948,0.2,7,reviewed,ak,ak
2026-03-25T01:06:25.724Z,54.4524,-160.0537,19.914,2.3,ml,16,268,1.26,0.37,us,us7000s7g5,2026-03-25T19:49:38.441Z,"102 km SSE of Sand Point, Alaska",earthquake,9.14,17.518,0.128,8,reviewed,us,us
2026-03-25T01:02:59.320Z,38.497166666667,-112.89833333333,2.13,0.66,md,12,78,0.003179,0.06,uu,uu80133136,2026-03-25T13:34:03.050Z,"14 km NE of Milford, Utah",earthquake,0.34,0.39,0.4514070076408,4,reviewed,uu,uu
2026-03-25T00:40:10.470Z,53.971,-166.23166666667,11.5,0.47,ml,15,174,0.176,0.18,av,av93057199,2026-03-26T01:05:28.760Z,"22 km ENE of Dutch Harbor, Alaska",earthquake,1.2,4.06,0.24766296184345,15,reviewed,av,av
2026-03-25T00:34:38.341Z,54.526,-160.273,7.6,2.6,ml,20,253,1.1,0.6,ak,aka2026fwkkyp,2026-03-25T19:47:56.101Z,"91 km S of Sand Point, Alaska",earthquake,7.5,4.9848,0.1,15,reviewed,ak,ak
2026-03-25T00:28:12.850Z,33.886833333333,-116.16766666667,5.71,0.65,ml,18,79,0.03881,0.13,ci,ci41424176,2026-03-25T18:23:42.284Z,"19 km NNE of Indio, CA",earthquake,0.25,0.47,0.14025803457944,9,reviewed,ci,ci
2026-03-25T00:25:45.763Z,61.702,-150.723,61.6,1.7,ml,12,135,0.6,1,ak,aka2026fwkcrl,2026-03-25T19:47:33.253Z,"20 km NNW of Susitna, Alaska",earthquake,12.8,9.7669,0.1,7,reviewed,ak,ak
2026-03-25T00:23:10.542Z,60.4823,-139.5139,5,2.9,ml,13,175,1.047,0.84,us,us7000s7fh,2026-03-25T19:45:49.329Z,"104 km N of Yakutat, Alaska",earthquake,5.32,1.994,0.077,22,reviewed,us,us
2026-03-25T00:22:07.329Z,38.445,-116.5032,8.5383,1.77,ml,9,151,0.218,0.1506,nn,nn00913240,2026-03-25T00:44:18.026Z,"76 km ENE of Tonopah, Nevada",earthquake,,2.5924,0.25,4,reviewed,nn,nn
2026-03-25T00:19:49.141Z,60.381,-151.63,60.6,2.6,ml,55,80,0.4,0.6,ak,aka2026fwjyck,2026-03-25T19:42:31.314Z,"17 km W of Cohoe, Alaska",earthquake,5.8,4.971,0.2,37,reviewed,ak,ak
2026-03-25T00:15:38.600Z,38.759166717529,-122.74050140381,1.6799999475479,0.95,md,14,100,0.007163,0.04,nc,nc75332582,2026-03-25T00:42:22.408Z,"2 km SE of The Geysers, CA",earthquake,0.28,0.430000007,0.2,12,automatic,nc,nc
2026-03-25T00:13:17.930Z,19.204166666667,-155.48483333333,31.21,1.41,ml,37,84,0.04597,0.12,hv,hv74924337,2026-03-25T03:01:24.530Z,"0 km WNW of Pāhala, Hawaii",earthquake,0.45,0.6,0.11493718859701,5,reviewed,hv,hv
2026-03-25T00:11:07.760Z,60.5015,-152.775,1.8,-1.45,ml,6,116,0.03704,0.17,av,av94108433,2026-03-25T23:31:55.210Z,"79 km NW of Ninilchik, Alaska",earthquake,0.44,1.58,0.1426223870922,6,reviewed,av,av
2026-03-24T23:57:49.352Z,37.7961,-116.623,4.7749,1.77,ml,9,204,0.549,0.4983,nn,nn00913239,2026-03-25T00:01:24.601Z,"54 km E of Goldfield, Nevada",earthquake,,1.0798,0.36,2,automatic,nn,nn
2026-03-24T23:50:18.740Z,45.065666666667,-123.07133333333,17.6,1.13,ml,13,88,0.0259,0.13,uw,uw62228967,2026-03-25T18:28:50.150Z,"9 km WNW of Brooks, Oregon",earthquake,0.3,0.56,0.091951585285431,4,reviewed,uw,uw
2026-03-24T23:48:54.210Z,53.354833333333,-168.196,26.38,0.01,ml,4,294,0.02056,0.03,av,av93057189,2026-03-25T05:50:02.120Z,"64 km NE of Nikolski, Alaska",earthquake,1.38,0.49,0.24827807324865,3,reviewed,av,av
2026-03-24T23:46:02.160Z,56.863666666667,-158.16716666667,0.93,-0.21,ml,5,120,0.02262,0.15,av,av94108418,2026-03-25T05:37:30.470Z,"65 km NNE of Chignik, Alaska",earthquake,0.45,0.22,0.23703880571234,4,reviewed,av,av
2026-03-24T23:44:01.240Z,38.777500152588,-122.71099853516,2.2400000095367,1.03,md,6,110,0.01306,0,nc,nc75332572,2026-03-25T00:07:21.079Z,"2 km W of Anderson Springs, CA",earthquake,0.55,1.11000001,0.13,6,automatic,nc,nc
2026-03-24T23:41:59.661Z,51.154,-178.26,19.8,3.2,ml,28,213,0.5,0.7,ak,aka2026fwirnp,2026-03-25T21:43:43.368Z,"138 km SW of Adak, Alaska",earthquake,5.8,3.0391,0.1,22,reviewed,ak,ak
2026-03-24T23:41:39.363Z,53.518,-167.423,6.1,1.8,ml,14,194,0.3,0.6,ak,aka2026fwirfl,2026-03-25T04:05:30.633Z,"70 km SW of Unalaska, Alaska",earthquake,17.5,3.5351,0.2,12,reviewed,ak,ak
2026-03-24T23:35:44.900Z,40.033332824707,-121.28717041016,14.380000114441,2.08,md,9,65,0.1282,0.14,nc,nc75332567,2026-03-25T01:17:23.578Z,"4 km NW of Belden, CA",earthquake,0.6,2.01999998,0.23,8,automatic,nc,nc
2026-03-24T23:18:47.230Z,35.041333333333,-117.66616666667,-0.79,1.54,ml,33,61,0.1095,0.14,ci,ci41424168,2026-03-25T17:11:18.539Z,"5 km NNW of Boron, CA",quarry blast,0.28,31.61,0.17749078576306,26,reviewed,ci,ci
2026-03-24T23:01:57.080Z,60.422166666667,-152.5885,5.91,-0.32,ml,5,309,0.08391,0.08,av,av94108398,2026-03-25T05:27:59.900Z,"65 km NW of Ninilchik, Alaska",earthquake,0.96,1.5,0.36592341112003,5,reviewed,av,av
2026-03-24T22:59:03.409Z,-5.6309,147.2365,175.248,4.4,mb,28,83,3.566,0.53,us,us7000s7f1,2026-03-25T01:02:41.040Z,"122 km NNW of Finschhafen, Papua New Guinea",earthquake,10.09,6.272,0.103,27,reviewed,us,us
2026-03-24T22:56:32.387Z,60.85,-152.384,125.5,1.8,ml,20,118,0.3,0.4,ak,aka2026fwhejq,2026-03-25T21:30:17.222Z,"62 km WNW of Nikiski, Alaska",earthquake,15.3,4.0384,0.8,8,reviewed,ak,ak
2026-03-24T22:56:09.731Z,60.352,-143.105,0,1.3,ml,6,169,0.2,0.6,ak,aka2026fwhdzp,2026-03-25T04:01:20.485Z,"120 km S of McCarthy, Alaska",earthquake,6.1,0,0.3,6,reviewed,ak,ak
2026-03-24T22:49:25.260Z,38.789165496826,-122.75733184815,2.460000038147,1.04,md,15,75,0.01159,0.02,nc,nc75332562,2026-03-24T23:07:20.659Z,"1 km N of The Geysers, CA",earthquake,0.26,0.579999983,0.04,16,automatic,nc,nc
2026-03-24T22:46:40.510Z,54.132666666667,-165.97933333333,20.85,-0.47,ml,6,148,0.03311,0.19,av,av93057179,2026-03-25T05:23:00.410Z,"13 km W of Akutan, Alaska",earthquake,1.37,1.14,0.24279941575787,6,reviewed,av,av
2026-03-24T22:45:40.480Z,54.165833333333,-165.95133333333,18.79,0.86,ml,5,159,0.004083,0.19,av,av94108373,2026-03-25T05:09:58.690Z,"12 km WNW of Akutan, Alaska",earthquake,1.51,1.16,0.3065288078562,5,reviewed,av,av
2026-03-24T22:44:29.920Z,54.111166666667,-166.01583333333,19.32,0.63,ml,14,68,0.021,0.21,av,av93057169,2026-03-25T05:05:29.330Z,"15 km W of Akutan, Alaska",earthquake,0.94,0.64,0.29940780113764,13,reviewed,av,av
2026-03-24T22:43:52.750Z,54.111333333333,-166.01266666667,19.57,0.63,ml,13,69,0.02108,0.23,av,av94108368,2026-03-25T04:59:57.990Z,"15 km W of Akutan, Alaska",earthquake,1.19,0.81,0.35570353295964,12,reviewed,av,av
2026-03-24T22:35:48.738Z,52.2052,160.7438,10,4.9,mb,61,99,2.063,0.52,us,us7000s7ex,2026-03-24T23:05:20.040Z,"172 km SE of Petropavlovsk-Kamchatsky, Russia",earthquake,9.54,1.873,0.036,247,reviewed,us,us
2026-03-24T22:30:23.910Z,34.175333333333,-117.92683333333,-0.91,1.09,ml,17,67,0.04513,0.14,ci,ci41424128,2026-03-25T17:01:41.222Z,"5 km NNW of Azusa, CA",quarry blast,0.33,31.61,0.13215050646331,18,reviewed,ci,ci
2026-03-24T22:29:23.299Z,38.1323,-117.9817,4.9745,1.6,ml,12,141,0.415,0.1625,nn,nn00913236,2026-03-25T00:28:28.305Z,"30 km SSE of Mina, Nevada",earthquake,,2.167,0.22,8,reviewed,nn,nn
2026-03-24T22:15:47.307Z,59.874,-154.836,14.1,2,ml,29,196,0.8,0.9,ak,aka2026fwfvgs,2026-03-25T21:24:58.755Z,"11 km S of Nondalton, Alaska",earthquake,11.6,5.7478,0.1,12,reviewed,ak,ak
2026-03-24T22:15:05.980Z,36.837501525879,-121.07566833496,27.489999771118,1.28,md,7,233,0.06717,0.25,nc,nc75332557,2026-03-25T00:42:22.327Z,"22 km ENE of Tres Pinos, CA",earthquake,3.27,2.82999992,0.12,5,automatic,nc,nc
2026-03-24T22:12:16.210Z,30.871,-103.306,7.6636,1.3,ml,13,85,0.2,0.1,tx,tx2026fwfsdo,2026-03-25T16:05:32.278Z,"40 km W of Fort Stockton, Texas",earthquake,0.93224491260555,2.8069708736268,0.2,16,reviewed,tx,tx
2026-03-24T22:07:03.940Z,60.448,-139.605,0.7,2.4,ml,13,89,0.8,0.8,ak,aka2026fwfnub,2026-03-25T21:19:47.886Z,"100 km N of Yakutat, Alaska",earthquake,3.9,3.6763,0.1,13,reviewed,ak,ak
2026-03-24T22:02:17.627Z,-24.2287,-65.8955,275.713,4.3,mb,27,97,2.45,0.32,us,us7000s7es,2026-03-24T22:47:12.040Z,"25 km NNE of Santa Rosa de Tastil, Argentina",earthquake,12.45,13.941,0.265,4,reviewed,us,us
2026-03-24T21:57:36.710Z,-18.5821,-175.7059,268.101,4.6,mb,35,139,5.142,0.62,us,us7000s7er,2026-03-25T05:31:35.917Z,"181 km W of Neiafu, Tonga",earthquake,14.6,9.057,0.094,34,reviewed,us,us
2026-03-24T21:57:12.995Z,58.057,-152.954,53.4,1.8,ml,12,127,0.3,0.3,ak,aka2026fwfffv,2026-03-25T21:16:24.849Z,"2 km W of Aleneva, Alaska",earthquake,7.9,7.6241,0.2,6,reviewed,ak,ak
2026-03-24T21:57:02.541Z,39.6162,20.5997,10,4.2,mb,21,103,1.534,0.64,us,us7000s7eq,2026-03-25T00:56:28.040Z,"14 km SW of Rodotópi, Greece",earthquake,3.95,1.958,0.146,13,reviewed,us,us
2026-03-24T21:51:12.599Z,35.9602,-115.1811,3.47,2.11,ml,19,225,0.545,0.2866,nn,nn00913232,2026-03-24T21:55:10.226Z,"9 km SE of Enterprise, Nevada",earthquake,,5.6921,0.35,11,automatic,nn,nn
2026-03-24T21:50:53.180Z,38.4925,-112.895,2.76,0.66,md,12,77,0.008136,0.05,uu,uu80133126,2026-03-24T22:29:07.430Z,"14 km NE of Milford, Utah",earthquake,0.22,0.4,0.64862268081024,6,reviewed,uu,uu
2026-03-24T21:49:29.731Z,56.83,-154.212,0.8,2.2,ml,14,261,1.3,0.6,ak,aka2026fweyqd,2026-03-25T21:14:16.263Z,"13 km S of Akhiok, Alaska",earthquake,11.3,5.8386,0.1,8,reviewed,ak,ak
2026-03-24T21:47:02.640Z,33.6425,-116.693,15.74,0.93,ml,29,50,0.03082,0.14,ci,ci41424104,2026-03-25T00:07:45.457Z,"10 km N of Anza, CA",earthquake,0.19,0.33,0.18148942163165,25,reviewed,ci,ci
2026-03-24T21:36:17.819Z,58.244,-154.696,5,0.9,ml,9,255,0.2,0.1,ak,aka2026fwenft,2026-03-25T03:18:23.670Z,"76 km N of Karluk, Alaska",earthquake,20.2,,0.2,5,automatic,ak,ak
2026-03-24T21:36:05.440Z,55.947,-159.6995,23.41,0.52,ml,6,315,0.1471,0.29,av,av93057159,2026-03-25T04:44:27.030Z,"14 km WNW of Ivanof Bay, Alaska",earthquake,1.88,2.15,0.12922463574802,6,reviewed,av,av
2026-03-24T21:35:07.800Z,56.002833333333,-159.69,24.94,0.37,ml,5,305,0.09998,0.13,av,av93057154,2026-03-25T03:29:53.390Z,"17 km NW of Ivanof Bay, Alaska",earthquake,1.04,1.27,0.16245251973818,5,reviewed,av,av
2026-03-24T21:31:07.431Z,61.029,-151.367,74.5,1.5,ml,14,127,0.4,0.4,ak,aka2026fweium,2026-03-25T21:09:08.330Z,"13 km WSW of Tyonek, Alaska",earthquake,17.6,9.358,0.4,9,reviewed,ak,ak
2026-03-24T21:29:30.757Z,53.463,-165.464,17.1,2.2,ml,17,240,0.7,0.4,ak,aka2026fwehnx,2026-03-25T21:06:41.771Z,"77 km SSE of Akutan, Alaska",earthquake,6.4,5.1486,0.1,13,reviewed,ak,ak
2026-03-24T21:17:03.106Z,61.217,-150.561,26.9,1.9,ml,16,121,0.7,0.4,ak,aka2026fwdwri,2026-03-25T21:04:37.864Z,"29 km ENE of Beluga, Alaska",earthquake,11.6,5.9508,0.3,7,reviewed,ak,ak
2026-03-24T21:16:14.400Z,33.534,-117.00783333333,5.05,0.73,ml,19,51,0.08265,0.14,ci,ci41424088,2026-03-25T17:02:15.396Z,"14 km ENE of Temecula, CA",earthquake,0.23,0.55,0.18517753692346,19,reviewed,ci,ci
2026-03-24T21:04:41.038Z,57.409,-154.109,14.8,3.2,ml,46,182,0.9,0.5,ak,aka2026fwdmas,2026-03-25T21:01:56.356Z,"16 km SSW of Larsen Bay, Alaska",earthquake,3.7,2.6113,0.3,24,reviewed,ak,ak
2026-03-24T21:03:37.913Z,51.9396,176.2823,10,3.9,ml,19,341,1.38,0.71,us,us7000s7eh,2026-03-24T21:26:29.848Z,"233 km ESE of Attu Station, Alaska",earthquake,5.37,2.028,0.105,12,reviewed,us,us
2026-03-24T20:59:35.992Z,52.2269,176.4127,10,5.2,mb,106,54,1.322,0.51,us,us7000s7ee,2026-03-24T21:36:55.918Z,"229 km ESE of Attu Station, Alaska",earthquake,5.86,1.838,0.04,202,reviewed,us,us
2026-03-24T20:59:06.900Z,38.529167175293,-122.60649871826,6.1599998474121,1.49,md,15,107,0.0908,0.08,nc,nc75332537,2026-03-24T23:12:19.696Z,"6 km SSW of Calistoga, CA",earthquake,0.34,1.34000003,0.12,14,automatic,nc,nc
2026-03-24T20:55:50.072Z,60.5964,-139.5252,5,3.3,ml,19,128,0.813,0.7,us,us7000s7fa,2026-03-26T16:21:30.040Z,"117 km N of Yakutat, Alaska",earthquake,5.1,2.237,0.052,48,reviewed,us,us
2026-03-24T20:52:22.750Z,60.514333333333,-152.76033333333,28.68,-0.63,ml,8,63,0.04164,0.09,av,av94108248,2026-03-25T03:13:53.300Z,"79 km NW of Ninilchik, Alaska",earthquake,0.74,0.56,0.29725661740085,8,reviewed,av,av
2026-03-24T20:47:59.352Z,-21.8413,68.9125,10,4.9,mb,62,145,5.585,0.66,us,us7000s7ed,2026-03-24T21:36:49.040Z,"Mid-Indian Ridge",earthquake,8.41,2.486,0.074,58,reviewed,us,us
2026-03-24T20:46:59.960Z,19.197999954224,-155.47933959961,29.479999542236,1.71,md,24,150,0.08675,0.170000002,hv,hv74924242,2026-03-24T20:51:01.810Z,"0 km S of Pāhala, Hawaii",earthquake,0.72,0.99000001,0.17330752586069,13,automatic,hv,hv
2026-03-24T20:46:27.688Z,61.718,-150.778,69.5,2.6,ml,35,91,0.6,0.6,ak,aka2026fwcwgw,2026-03-26T15:28:59.040Z,"23 km NW of Susitna, Alaska",earthquake,3.8,4.337,0.1,22,reviewed,ak,ak
2026-03-24T20:13:51.980Z,60.047,-153.0765,-2.62,-0.56,ml,5,105,0.01224,0.11,av,av94108188,2026-03-25T03:09:52.030Z,"64 km ENE of Pedro Bay, Alaska",earthquake,0.36,1.58,0.31804919192511,5,reviewed,av,av
2026-03-24T20:13:50.579Z,32.363,-102.179,8.374,0.6,ml,23,65,0,0.1,tx,tx2026fwbueq,2026-03-25T15:05:12.068Z,"33 km ENE of McKinney Acres, Texas",earthquake,0.48709696417877,0.51844301860302,0.2,15,reviewed,tx,tx
2026-03-24T20:02:16.100Z,38.80033493042,-122.76183319092,3.6600000858307,0.68,md,18,87,0.001683,0.02,nc,nc75332512,2026-03-24T20:17:20.565Z,"3 km N of The Geysers, CA",earthquake,0.32,0.670000017,0.19,18,automatic,nc,nc
2026-03-24T19:48:31.803Z,59.176,-150.541,26.7,2.2,ml,11,273,0.6,0.7,ak,aka2026fwayit,2026-03-24T23:51:17.039Z,"60 km SE of Halibut Cove, Alaska",earthquake,14,6.5334,0.3,7,reviewed,ak,ak
2026-03-24T19:46:08.760Z,32.583,-116.6765,3.37,0.82,ml,10,174,0.05998,0.17,ci,ci41424032,2026-03-24T21:05:17.765Z,"4 km WNW of Tecate, B.C., MX",earthquake,0.71,0.6,0.034450404415148,8,reviewed,ci,ci
2026-03-24T19:40:50.640Z,58.293333333333,-154.974,3.14,-0.52,ml,7,151,0.04757,0.11,av,av94108178,2026-03-25T03:07:51.820Z,"86 km NNW of Karluk, Alaska",earthquake,0.31,0.86,0.26792853460971,8,reviewed,av,av
2026-03-24T19:28:39.074Z,52.3288,-169.8091,11.091,2.7,ml,19,217,0.461,0.56,us,us7000s7f8,2026-03-26T15:14:36.040Z,"93 km SW of Nikolski, Alaska",earthquake,3.49,11.662,0.097,14,reviewed,us,us
2026-03-24T19:22:13.347Z,30.774,-103.331,1.9214,1.8,ml,20,86,0.1,0.2,tx,tx2026fwabsg,2026-03-25T10:36:12.001Z,"45 km WSW of Fort Stockton, Texas",earthquake,1.1744582303009,1.4259668647777,0.1,14,reviewed,tx,tx
2026-03-24T19:18:48.756Z,59.138,-150.63,18.2,2.2,ml,27,175,0.6,0.5,ak,aka2026fvzyuu,2026-03-24T23:00:25.577Z,"61 km SSE of Halibut Cove, Alaska",earthquake,6,3.1108,0.2,18,reviewed,ak,ak
2026-03-24T19:15:35.965Z,52.3142,-169.8309,10.922,2.3,ml,15,218,0.478,0.46,us,us7000s7me,2026-03-26T14:47:10.040Z,"95 km SW of Nikolski, Alaska",earthquake,2.67,8.889,0.105,12,reviewed,us,us
2026-03-24T19:13:32.080Z,17.942,-66.960333333333,12.68,2.25,md,8,220,0.08388,0.08,pr,pr71510818,2026-03-24T19:25:50.130Z,"6 km WSW of Guánica, Puerto Rico",earthquake,0.6,0.31,0.16917495163074,6,reviewed,pr,pr
2026-03-24T19:02:59.813Z,60.16,-152.273,88.8,2.2,ml,57,62,0.4,0.7,ak,aka2026fvzlcx,2026-03-25T20:49:04.004Z,"35 km WNW of Ninilchik, Alaska",earthquake,3,2.2202,0.2,34,reviewed,ak,ak
2026-03-24T19:00:35.230Z,36.047832489014,-120.61333465576,9.1800003051758,1.41,md,16,136,0.06735,0.07,nc,nc75332492,2026-03-24T21:17:21.944Z,"23 km NW of Parkfield, CA",earthquake,0.45,0.889999986,0.16,6,automatic,nc,nc
2026-03-24T18:39:48.260Z,38.774166107178,-122.74366760254,1.3099999427795,1.43,md,19,77,0.01933,0.03,nc,nc75332477,2026-03-24T20:27:18.625Z,"1 km ESE of The Geysers, CA",earthquake,0.27,0.430000007,0.14,19,automatic,nc,nc
2026-03-24T18:35:49.206Z,31.893,-103.46,6.2024,1.7,ml,20,50,0,0.1,tx,tx2026fvykzm,2026-03-24T22:23:29.145Z,"24 km NNE of Mentone, Texas",earthquake,0.60721021432098,1.6076017425064,0.1,19,reviewed,tx,tx
2026-03-24T18:29:15.910Z,34.023833333333,-117.5865,5.19,0.79,ml,24,65,0.0282,0.16,ci,ci41423960,2026-03-24T18:56:29.687Z,"5 km SE of Ontario, CA",earthquake,0.26,0.41,0.17340746875546,10,reviewed,ci,ci
2026-03-24T18:20:52.171Z,61.547,-146.282,33.4,1.6,ml,19,97,0.2,0.6,ak,aka2026fvyavg,2026-03-25T20:43:55.100Z,"46 km N of Valdez, Alaska",earthquake,4.5,2.9968,0.2,9,reviewed,ak,ak
2026-03-24T18:10:17.377Z,58.023,-154.654,90.2,1.6,ml,16,148,0.2,0.2,ak,aka2026fvxrrq,2026-03-24T18:15:34.671Z,"51 km NNW of Karluk, Alaska",earthquake,8.4,4.2756,0.3,12,reviewed,ak,ak
2026-03-24T18:04:39.427Z,57.806,-156.222,111.3,1.5,ml,18,129,0.1,0.4,ak,aka2026fvxmni,2026-03-24T20:57:11.519Z,"77 km ENE of Ugashik, Alaska",earthquake,21.3,6.8873,0.3,14,automatic,ak,ak
2026-03-24T18:03:03.550Z,33.532,-117.33233333333,16.11,0.94,ml,25,77,0.1123,0.17,ci,ci41423920,2026-03-24T20:06:05.090Z,"9 km SSW of Wildomar, CA",earthquake,0.28,0.58,0.35832127550777,7,reviewed,ci,ci
2026-03-24T17:54:44.830Z,38.822334289551,-122.76550292969,2.1300001144409,1.08,md,17,118,0.008825,0.02,nc,nc75332452,2026-03-24T18:22:19.824Z,"4 km W of Cobb, CA",earthquake,0.28,0.600000024,0.08,17,automatic,nc,nc
2026-03-24T17:46:42.310Z,33.664333333333,-116.754,15.6,0.61,ml,26,65,0.06079,0.12,ci,ci41423912,2026-03-24T18:25:40.741Z,"9 km SSW of Idyllwild, CA",earthquake,0.18,0.38,0.19690355210084,16,reviewed,ci,ci
2026-03-24T17:45:52.030Z,38.821166992188,-122.84799957275,1.9700000286102,1.03,md,18,81,0.009413,0.01,nc,nc75332442,2026-03-24T18:12:21.801Z,"9 km WNW of The Geysers, CA",earthquake,0.23,0.400000006,0.22,19,automatic,nc,nc
2026-03-24T17:41:05.339Z,31.631,-104.367,6.0999,2.6,ml,54,76,0.1,0.2,tx,tx2026fvwsnx,2026-03-26T14:44:46.040Z,"60 km S of Whites City, New Mexico",earthquake,0.58140205068847,0.60798745586744,0.1,31,reviewed,tx,tx
2026-03-24T17:36:49.313Z,51.651,-177.407,86.2,2,ml,16,211,0.2,0.2,ak,aka2026fvwovv,2026-03-25T20:41:28.546Z,"58 km WSW of Adak, Alaska",earthquake,29.4,4.8944,0.3,10,reviewed,ak,ak
2026-03-24T17:32:20.742Z,60.999,-147.765,28.6,1.3,ml,8,115,0.2,0.2,ak,aka2026fvwkzz,2026-03-24T20:54:40.112Z,"55 km ENE of Whittier, Alaska",earthquake,8.4,3.3851,0.4,7,reviewed,ak,ak
2026-03-24T17:25:05.680Z,38.800834655762,-122.77633666992,2.2300000190735,1.27,md,20,70,0.01185,0.05,nc,nc75332437,2026-03-24T18:42:19.903Z,"3 km NNW of The Geysers, CA",earthquake,0.26,0.469999999,0.2,22,automatic,nc,nc
2026-03-24T17:23:02.977Z,31.856,-101.71,8.96,1.4,ml,24,55,0,0.1,tx,tx2026fvwczr,2026-03-24T23:49:39.143Z,"21 km W of Garden City, Texas",earthquake,0.47805373192625,0.81246554037329,0.2,19,reviewed,tx,tx
2026-03-24T17:22:20.820Z,35.62433333,-98.03283333,7.28,1.06,ml,52,63,0.159268746,0.11,ok,ok2026fvdq,2026-03-25T17:46:39.664Z,"8 km ENE of Calumet, Oklahoma",earthquake,,0.2,0.26,23,reviewed,ok,ok
2026-03-24T17:16:32.291Z,52.3877,-169.715,12.398,2.7,ml,16,216,0.399,0.77,us,us7000s7m7,2026-03-26T14:43:01.040Z,"84 km SW of Nikolski, Alaska",earthquake,3.56,8.637,0.105,12,reviewed,us,us
2026-03-24T17:15:02.135Z,61.627,-141.861,0,2,ml,22,75,0.5,0.5,ak,aka2026fvvwbo,2026-03-24T20:47:25.166Z,"60 km ENE of McCarthy, Alaska",earthquake,3.3,0,0.1,15,reviewed,ak,ak
2026-03-24T17:10:05.790Z,19.252332687378,-155.3946685791,29.969999313354,1.88,md,25,112,0.01499,0.180000007,hv,hv74924152,2026-03-24T17:14:27.310Z,"10 km ENE of Pāhala, Hawaii",earthquake,0.61,0.949999988,0.19177374916405,13,automatic,hv,hv
2026-03-24T17:02:50.720Z,38.831832885742,-122.8176651001,1.6599999666214,0.48,md,9,84,0.0103,0.01,nc,nc75332427,2026-03-24T17:57:20.587Z,"8 km NW of The Geysers, CA",earthquake,0.32,0.980000019,0.24,10,automatic,nc,nc
2026-03-24T16:58:24.550Z,19.202333450317,-155.48167419434,32.810001373291,1.83,md,32,86,0.04863,0.140000001,hv,hv74924142,2026-03-24T17:01:55.850Z,"0 km WSW of Pāhala, Hawaii",earthquake,0.52,0.930000007,0.22837985817571,12,automatic,hv,hv
2026-03-24T16:58:13.700Z,37.02799987793,-121.47966766357,10.340000152588,0.9,md,7,110,0.004691,0.03,nc,nc75332412,2026-03-24T17:17:24.340Z,"8 km ENE of Gilroy, CA",earthquake,0.97,1.01999998,0.21,6,automatic,nc,nc
2026-03-24T16:58:12.848Z,60.584,-139.844,5.1,1.7,ml,14,91,0.5,0.9,ak,aka2026fvvhra,2026-03-25T20:30:02.103Z,"115 km N of Yakutat, Alaska",earthquake,5.2,3.9398,0.1,10,reviewed,ak,ak
2026-03-24T16:55:57.289Z,51.877,176.065,32.4,4.3,ml,18,203,1.5,1.6,ak,aka2026fvvfqb,2026-03-24T18:05:12.765Z,"223 km ESE of Attu Station, Alaska",earthquake,33.5,22.3397,0.1,13,reviewed,ak,ak
2026-03-24T16:50:14.850Z,38.831001281738,-122.81649780273,1.5800000429153,1.05,md,19,47,0.009103,0.01,nc,nc75332407,2026-03-24T17:07:18.350Z,"8 km NW of The Geysers, CA",earthquake,0.21,0.360000014,0.16,22,automatic,nc,nc
2026-03-24T16:43:29.836Z,51.4687,-176.6553,35,4.6,mb,76,146,0.423,1.42,us,us7000s7cn,2026-03-24T17:03:40.379Z,"45 km S of Adak, Alaska",earthquake,3.29,1.896,0.042,169,reviewed,us,us
2026-03-24T16:39:05.682Z,61.419,-146.606,14.5,2.1,ml,49,83,0.3,0.8,ak,aka2026fvurcs,2026-03-25T20:21:32.531Z,"34 km NNW of Valdez, Alaska",earthquake,2.4,1.3944,0.2,33,reviewed,ak,ak
2026-03-24T16:29:57.348Z,52.417,-169.726,11.8,2.3,ml,14,218,0.4,0.5,ak,aka2026fvujgn,2026-03-25T20:18:03.391Z,"82 km SW of Nikolski, Alaska",earthquake,9.7,3.8112,0.2,12,reviewed,ak,ak
2026-03-24T16:27:14.280Z,37.756500244141,-121.94616699219,6.6500000953674,1.33,md,9,122,0.03233,0.11,nc,nc75332402,2026-03-24T17:32:21.593Z,"4 km SE of San Ramon, CA",earthquake,0.5,0.959999979,0.15,8,automatic,nc,nc
2026-03-24T16:23:16.845Z,55.186,-159.636,1.5,2.4,ml,18,235,0.9,0.5,ak,aka2026fvudne,2026-03-25T20:15:05.150Z,"57 km ESE of Sand Point, Alaska",earthquake,9.1,4.1722,0.1,12,reviewed,ak,ak
2026-03-24T16:22:56.700Z,18.122833333333,-66.1275,25.14,2.63,md,18,66,0.02539,0.24,pr,pr71510803,2026-03-24T16:41:05.120Z,"2 km WSW of G. L. Garcia, Puerto Rico",earthquake,0.51,0.86,0.13835304526681,11,reviewed,pr,pr
2026-03-24T16:06:59.080Z,48.849166666667,-123.5535,9.46,0.84,ml,9,109,0.1042,0.21,uw,uw62228712,2026-03-24T18:49:48.950Z,"3 km W of Ganges, Canada",earthquake,0.55,1.93,0.16629618711214,3,reviewed,uw,uw
2026-03-24T15:54:45.905Z,62.618,-150.474,73.4,1.5,ml,20,64,0.2,0.4,ak,aka2026fvtexe,2026-03-25T19:42:57.031Z,"20 km NE of Petersville, Alaska",earthquake,4.3,3.8149,0.3,10,reviewed,ak,ak
2026-03-24T15:51:47.230Z,55.953333333333,-159.77666666667,25.8,0.52,ml,5,320,0.1695,0.07,av,av93057144,2026-03-25T01:16:47.290Z,"19 km WNW of Ivanof Bay, Alaska",earthquake,1.27,1.23,0.11997615053811,5,reviewed,av,av
2026-03-24T15:48:39.128Z,61.001,-150.959,64.9,1.7,ml,32,58,0.3,0.4,ak,aka2026fvszqt,2026-03-25T19:36:13.803Z,"12 km SE of Tyonek, Alaska",earthquake,3.9,4.0812,0.2,19,reviewed,ak,ak
2026-03-24T15:47:34.680Z,60.522,-152.74116666667,3.71,-1.34,ml,7,124,0.04068,0.04,av,av94107908,2026-03-25T02:53:21.040Z,"78 km W of Salamatof, Alaska",earthquake,0.29,0.82,0.17156803420951,7,reviewed,av,av
2026-03-24T15:40:43.680Z,33.538833333333,-116.71,6.2,0.56,ml,24,38,0.03495,0.11,ci,ci41423816,2026-03-24T19:17:14.636Z,"4 km WSW of Anza, CA",earthquake,0.16,0.36,0.12796585434129,11,reviewed,ci,ci
2026-03-24T15:38:10.101Z,38.3585,-115.8335,6.5065,1.79,ml,11,145,0.195,0.165,nn,nn00913219,2026-03-24T16:52:34.455Z,"79 km N of Rachel, Nevada",earthquake,,1.9427,0.16,7,reviewed,nn,nn
2026-03-24T15:35:52.670Z,59.363666666667,-153.42716666667,-0.22,0.41,ml,8,170,0.01816,0.15,av,av94107893,2026-03-25T02:49:51.750Z,"60 km SE of Pedro Bay, Alaska",earthquake,0.34,0.54,0.18401934074713,8,reviewed,av,av
2026-03-24T15:33:39.501Z,54.504,-160.35,3.8,2.3,ml,15,272,1.1,0.5,ak,aka2026fvsmtj,2026-03-25T19:17:32.860Z,"93 km S of Sand Point, Alaska",earthquake,8.3,4.6653,0.1,10,reviewed,ak,ak
2026-03-24T15:31:01.360Z,38.79700088501,-122.80200195312,1.9299999475479,0.76,md,7,114,0.008702,0.01,nc,nc75332372,2026-03-24T16:17:23.916Z,"5 km WNW of The Geysers, CA",earthquake,0.56,0.860000014,0.11,8,automatic,nc,nc
2026-03-24T15:23:36.080Z,33.153833333333,-116.45116666667,12.44,0.88,ml,38,36,0.0771,0.2,ci,ci41423784,2026-03-24T18:26:13.431Z,"13 km SSW of Borrego Springs, CA",earthquake,0.23,0.58,0.18836901652042,19,reviewed,ci,ci
2026-03-24T15:22:43.230Z,33.1545,-116.44083333333,13.15,0.71,ml,27,49,0.07702,0.16,ci,ci41423768,2026-03-24T18:26:25.241Z,"13 km SSW of Borrego Springs, CA",earthquake,0.24,0.6,0.078592371660547,11,reviewed,ci,ci
2026-03-24T15:10:53.330Z,38.796333312988,-122.77816772461,3.710000038147,1.02,md,14,74,0.008245,0.02,nc,nc75332362,2026-03-24T15:52:20.748Z,"3 km NW of The Geysers, CA",earthquake,0.38,0.939999998,0.26,16,automatic,nc,nc
2026-03-24T15:05:47.206Z,54.403,-161.405,5.9,2.1,ml,11,296,0.8,0.6,ak,aka2026fvrosf,2026-03-25T19:09:25.082Z,"93 km SE of King Cove, Alaska",earthquake,10.1,5.4447,0.2,8,reviewed,ak,ak
2026-03-24T15:03:21.800Z,33.143,-116.53066666667,6.8,0.57,ml,19,69,0.08353,0.18,ci,ci41423752,2026-03-24T17:33:09.662Z,"10 km NE of Julian, CA",earthquake,0.3,0.8,0.15099571319568,9,reviewed,ci,ci
2026-03-24T14:50:46.505Z,59.621,-153.373,114.5,1.7,ml,35,94,0.1,0.2,ak,aka2026fvrbsi,2026-03-25T18:34:39.925Z,"45 km ESE of Pedro Bay, Alaska",earthquake,5.7,2.7905,0.4,19,reviewed,ak,ak
2026-03-24T14:47:08.710Z,38.795333862305,-122.77799987793,3.5,0.49,md,8,93,0.008044,0.01,nc,nc75332347,2026-03-24T14:48:44.482Z,"3 km NW of The Geysers, CA",earthquake,0.69,1.25,0.23,9,automatic,nc,nc
2026-03-24T14:43:02.450Z,38.83716583252,-122.79049682617,1.710000038147,0.31,md,6,77,0.001247,0.02,nc,nc75332342,2026-03-24T15:07:22.448Z,"6 km WNW of Cobb, CA",earthquake,0.59,1.47000003,0.19,8,automatic,nc,nc
2026-03-24T14:36:12.740Z,38.836334228516,-122.80716705322,2.079999923706,0.31,md,9,87,0.01312,0.01,nc,nc75332337,2026-03-24T14:37:50.454Z,"7 km WNW of Cobb, CA",earthquake,0.42,1.63,0.21,9,automatic,nc,nc
2026-03-24T14:30:10.850Z,38.836166381836,-122.78483581543,2.1900000572205,1.24,md,17,71,0.00485,0.02,nc,nc75332327,2026-03-24T15:27:21.566Z,"6 km WNW of Cobb, CA",earthquake,0.23,0.419999987,0.23,20,automatic,nc,nc
2026-03-24T14:29:24.660Z,38.844665527344,-122.77349853516,7.8499999046326,0.75,md,6,229,0.01445,0.03,nc,nc75332322,2026-03-24T15:07:21.448Z,"5 km WNW of Cobb, CA",earthquake,2.23,5.1500001,0.34,8,automatic,nc,nc
2026-03-24T14:23:06.410Z,19.406666666667,-155.49333333333,7.57,1.71,ml,35,68,0.05097,0.19,hv,hv74924092,2026-03-24T18:40:01.260Z,"22 km N of Pāhala, Hawaii",earthquake,0.29,0.51,0.30516486530166,15,reviewed,hv,hv
2026-03-24T14:13:49.530Z,61.167,-152.258,9.6,0.6,ml,9,119,0,0.3,ak,aka2026fvpvxs,2026-03-25T00:48:14.780Z,"61 km W of Tyonek, Alaska",earthquake,10.3,9.1458,0.3,4,automatic,ak,ak
2026-03-24T14:13:44.505Z,53.667,-166.142,81.6,1.7,ml,16,212,0.3,0.2,ak,aka2026fvpvwq,2026-03-25T01:02:26.059Z,"34 km SE of Unalaska, Alaska",earthquake,40.2,9.4191,0.3,11,reviewed,ak,ak
2026-03-24T13:58:39.248Z,52.294,-169.65,1.4,2.4,ml,13,223,0.5,0.7,ak,aka2026fvpiwt,2026-03-25T01:00:09.557Z,"89 km SW of Nikolski, Alaska",earthquake,11.2,7.6341,0.1,11,reviewed,ak,ak
2026-03-24T13:56:58.425Z,61.44,-150.932,68.2,1.5,ml,22,73,0.4,0.5,ak,aka2026fvphkn,2026-03-25T00:55:47.171Z,"25 km WSW of Susitna, Alaska",earthquake,4.9,4.477,0.2,11,reviewed,ak,ak
2026-03-24T13:56:44.350Z,38.797164916992,-122.76616668701,-0.81999999284744,0.74,md,7,163,0.01746,0.16,nc,nc75332317,2026-03-24T14:32:20.226Z,"2 km NNW of The Geysers, CA",earthquake,0.75,3.69000006,0.36,9,automatic,nc,nc
2026-03-24T13:46:50.610Z,53.951333333333,-166.682,9.37,-0.36,ml,8,134,0.01654,0.12,av,av94107748,2026-03-25T00:44:45.420Z,"11 km NW of Dutch Harbor, Alaska",earthquake,0.37,0.57,0.1313687462198,8,reviewed,av,av
2026-03-24T13:38:44.528Z,52.354,-169.835,6.5,2.6,ml,20,218,0.4,0.6,ak,aka2026fvorzo,2026-03-25T00:50:08.653Z,"92 km SW of Nikolski, Alaska",earthquake,8.5,4.2237,0.2,16,reviewed,ak,ak
2026-03-24T13:34:08.820Z,38.838333129883,-122.78649902344,0.91000002622604,0.33,md,9,87,0.003004,0.02,nc,nc75332312,2026-03-24T14:07:21.045Z,"6 km WNW of Cobb, CA",earthquake,0.49,1.23000002,0.24,9,automatic,nc,nc
2026-03-24T13:31:29.070Z,41.4955,-112.9355,1.57,0.97,md,12,194,0.3084,0.15,uu,uu80133106,2026-03-24T15:55:53.370Z,"52 km SW of Howell, Utah",earthquake,1.07,31.61,0.15743481578325,9,reviewed,uu,uu
2026-03-24T13:29:01.105Z,52.189,-170.218,3,2.9,ml,11,224,0.6,1,ak,aka2026fvojhf,2026-03-25T00:47:21.101Z,"124 km SW of Nikolski, Alaska",earthquake,11,4.4934,0.3,9,reviewed,ak,ak
2026-03-24T13:27:56.122Z,32.749,-100.679,6.6162,1,ml,11,81,0.1,0.1,tx,tx2026fvoijx,2026-03-24T16:29:01.305Z,"14 km NNE of Hermleigh, Texas",earthquake,0.63211575679881,1.2864014972976,0.2,7,reviewed,tx,tx
2026-03-24T13:26:48.126Z,51.777,-177.605,86,2,ml,15,170,0.1,0.3,ak,aka2026fvohkr,2026-03-25T00:43:42.737Z,"67 km W of Adak, Alaska",earthquake,32.5,3.5971,0.4,10,reviewed,ak,ak
2026-03-24T13:24:55.680Z,34.022166666667,-117.5945,5.03,1.21,ml,51,36,0.0153,0.14,ci,ci41423704,2026-03-24T16:31:14.058Z,"5 km SE of Ontario, CA",earthquake,0.14,0.23,0.16321915137283,35,reviewed,ci,ci
2026-03-24T13:21:55.810Z,19.137333333333,-155.4885,32.64,1.71,ml,35,165,0.03075,0.13,hv,hv74924057,2026-03-24T19:31:36.290Z,"7 km S of Pāhala, Hawaii",earthquake,0.49,0.54,0.14756042730578,9,reviewed,hv,hv
2026-03-24T13:21:06.033Z,52.393,-169.829,13.2,2.5,ml,16,217,0.4,0.7,ak,aka2026fvocly,2026-03-25T00:29:02.039Z,"89 km SW of Nikolski, Alaska",earthquake,10.1,4.2245,0.2,12,reviewed,ak,ak
2026-03-24T13:16:08.052Z,52.345,-169.871,11.2,3.1,ml,17,217,0.5,0.6,ak,aka2026fvnyff,2026-03-25T00:27:39.198Z,"95 km SW of Nikolski, Alaska",earthquake,9.9,4.0813,0.1,13,reviewed,ak,ak
2026-03-24T13:04:27.850Z,36.134166666667,-117.88533333333,4.88,0.89,ml,21,93,0.02971,0.13,ci,ci41423696,2026-03-24T17:06:11.022Z,"11 km NNE of Coso Junction, CA",earthquake,0.21,0.37,0.27193475181057,10,reviewed,ci,ci
2026-03-24T12:55:16.659Z,60.469,-139.622,3.1,1.8,ml,18,53,0.5,0.9,ak,aka2026fvngfs,2026-03-25T00:25:33.689Z,"102 km N of Yakutat, Alaska",earthquake,3.7,2.8441,0.1,13,reviewed,ak,ak
2026-03-24T12:52:17.020Z,38.4875,-112.8955,2.89,0.39,md,9,94,0.01568,0.05,uu,uu80133101,2026-03-24T13:48:31.190Z,"14 km NE of Milford, Utah",earthquake,0.21,0.59,0.39832549879782,6,reviewed,uu,uu
2026-03-24T12:37:50.220Z,19.278833333333,-155.0395,42.21,1.94,md,28,229,0.08491,0.11,hv,hv74924012,2026-03-24T18:32:31.180Z,"23 km SSE of Fern Forest, Hawaii",earthquake,0.94,0.61,0.058141056075141,7,reviewed,hv,hv
2026-03-24T12:25:33.800Z,33.141833333333,-116.538,6.15,0.75,ml,38,40,0.07862,0.21,ci,ci41423664,2026-03-24T13:36:44.491Z,"9 km NE of Julian, CA",earthquake,0.21,0.63,0.18928546924322,15,reviewed,ci,ci
2026-03-24T12:23:34.040Z,33.5265,-117.017,4.13,0.77,ml,32,48,0.08772,0.16,ci,ci41423656,2026-03-24T18:02:31.911Z,"13 km ENE of Temecula, CA",earthquake,0.21,0.6,0.18957386041348,31,reviewed,ci,ci
2026-03-24T12:09:07.320Z,62.020666666667,-143.97666666667,2.36,0.23,ml,4,177,0.09972,0.09,av,av93057129,2026-03-25T01:05:15.640Z,"61 km ENE of Kenny Lake, Alaska",earthquake,0.86,1.57,0.11525760703818,4,reviewed,av,av
2026-03-24T12:06:27.580Z,33.701166666667,-116.80533333333,15.69,0.6,ml,25,89,0.07895,0.12,ci,ci41423648,2026-03-24T13:37:01.271Z,"9 km WSW of Idyllwild, CA",earthquake,0.21,0.38,0.29408818083671,16,reviewed,ci,ci
2026-03-24T11:58:20.874Z,38.3884,-115.3373,3.1484,1.92,ml,8,131,0.199,0.1819,nn,nn00913214,2026-03-25T01:19:08.653Z,"59 km SSW of Lund, Nevada",earthquake,,2.7288,0.33,3,reviewed,nn,nn
2026-03-24T11:44:53.310Z,38.770000457764,-122.71116638184,6.6100001335144,0.74,md,7,131,0.009469,0.04,nc,nc75332302,2026-03-24T12:22:21.355Z,"2 km WSW of Anderson Springs, CA",earthquake,2.65,4.1500001,0.26,8,automatic,nc,nc
2026-03-24T11:41:41.120Z,19.190166666667,-155.494,31.58,1.22,ml,31,80,0.04587,0.13,hv,hv74923987,2026-03-24T19:16:33.950Z,"2 km SW of Pāhala, Hawaii",earthquake,0.47,0.68,0.14418235870849,3,reviewed,hv,hv
2026-03-24T11:39:27.728Z,-7.6672,-80.05,43.978,4.4,mb,30,185,4.092,0.41,us,us7000s7ax,2026-03-24T12:16:22.040Z,"60 km WSW of Pacasmayo, Peru",earthquake,11,11.086,0.098,30,reviewed,us,us
2026-03-24T11:37:03.800Z,36.068,-117.855,2.66,0.61,ml,13,77,0.04948,0.09,ci,ci41423640,2026-03-24T13:37:05.192Z,"9 km ENE of Coso Junction, CA",earthquake,0.15,0.19,0.076875568911639,5,reviewed,ci,ci
2026-03-24T11:21:00.520Z,38.822498321533,-122.84733581543,2.1500000953674,0.76,md,11,108,0.008994,0.01,nc,nc75332297,2026-03-24T11:57:18.207Z,"9 km WNW of The Geysers, CA",earthquake,0.28,0.449999988,0.36,13,automatic,nc,nc
2026-03-24T11:16:54.460Z,60.050333333333,-153.038,2.59,-0.74,ml,5,224,0.01465,0.15,av,av94107618,2026-03-25T00:21:13.220Z,"66 km ENE of Pedro Bay, Alaska",earthquake,0.92,0.9,0.27686352435933,5,reviewed,av,av
2026-03-24T11:09:28.140Z,40.54016494751,-120.69233703613,5.5300002098083,2.18,md,12,111,0.08908,0.1,nc,nc75332292,2026-03-24T11:32:19.041Z,"14 km NNW of Susanville, CA",earthquake,0.61,1.13,0.11,9,automatic,nc,nc
2026-03-24T11:01:04.676Z,51.372,-175.962,21.2,2.4,ml,12,251,0.6,0.3,ak,aka2026fvjlvp,2026-03-25T00:19:38.708Z,"72 km SE of Adak, Alaska",earthquake,12.1,12.2262,0.2,8,reviewed,ak,ak
2026-03-24T10:59:01.300Z,18.042,-66.249,15.39,2,md,10,143,0.01894,0.12,pr,pr71510783,2026-03-24T11:14:33.390Z,"2 km SSW of Vázquez, Puerto Rico",earthquake,0.43,0.53,0.1286342687102,7,reviewed,pr,pr
2026-03-24T10:52:50.655Z,61.732,-151.417,77.2,1.6,ml,24,56,0.3,0.6,ak,aka2026fvjesy,2026-03-25T00:17:25.981Z,"28 km S of Skwentna, Alaska",earthquake,3.3,3.4317,0.2,11,reviewed,ak,ak
2026-03-24T10:49:54.760Z,33.414666666667,-116.64266666667,6.84,-0.05,ml,27,43,0.08669,0.14,ci,ci41423632,2026-03-24T13:38:15.640Z,"15 km N of Warner Springs, CA",earthquake,0.19,0.66,0.062115632643008,4,reviewed,ci,ci
2026-03-24T10:43:00.150Z,34.0645,-116.37416666667,3.66,0.66,ml,23,78,0.01394,0.18,ci,ci41423624,2026-03-24T13:37:22.972Z,"8 km SE of Yucca Valley, CA",earthquake,0.22,0.4,0.23066054382068,12,reviewed,ci,ci
2026-03-24T10:40:22.254Z,38.438,-116.512,8.6428,1.76,ml,10,184,0.213,0.1837,nn,nn00913211,2026-03-24T22:53:37.880Z,"75 km ENE of Tonopah, Nevada",earthquake,,2.0865,0.13,4,reviewed,nn,nn
2026-03-24T10:39:42.990Z,19.200833333333,-155.49716666667,31.21,1.45,ml,29,119,0.04733,0.13,hv,hv74923972,2026-03-24T20:51:16.030Z,"1 km W of Pāhala, Hawaii",earthquake,0.55,0.68,0.28370376377627,7,reviewed,hv,hv
2026-03-24T10:28:56.140Z,33.5365,-117.01583333333,3.48,0.57,ml,34,38,0.07828,0.23,ci,ci41423616,2026-03-24T20:12:22.348Z,"13 km ENE of Temecula, CA",earthquake,0.23,0.93,0.21302899940001,13,reviewed,ci,ci
2026-03-24T10:17:55.790Z,19.954666137695,-155.43099975586,35.830001831055,1.88,md,21,195,0.109,0.170000002,hv,hv74923952,2026-03-24T10:22:16.850Z,"11 km SW of Pa‘auilo, Hawaii",earthquake,0.72,0.910000026,0.083795144414691,10,automatic,hv,hv
2026-03-24T10:14:36.620Z,53.397166666667,-168.17933333333,1.84,-0.31,ml,6,210,0.02472,0.18,av,av94107578,2026-03-25T00:10:13.540Z,"68 km NE of Nikolski, Alaska",earthquake,0.61,1.18,0.17065193838184,5,reviewed,av,av
2026-03-24T10:10:52.341Z,53.163,-166.615,29.2,2.1,ml,16,220,0.7,0.4,ak,aka2026fvhuln,2026-03-25T00:12:57.190Z,"79 km S of Unalaska, Alaska",earthquake,12,5.6488,0.2,12,reviewed,ak,ak
2026-03-24T10:05:38.840Z,52.399166666667,-174.12366666667,5.43,0.72,ml,6,233,0.00684,0.11,av,av94107563,2026-03-25T00:03:41.120Z,"23 km NNE of Atka, Alaska",earthquake,0.8,0.61,0.32024178059285,6,reviewed,av,av
2026-03-24T10:01:18.307Z,61.166,-140.008,10.9,1.5,ml,14,85,0.5,0.6,ak,aka2026fvhmil,2026-03-25T00:10:41.296Z,"158 km ESE of McCarthy, Alaska",earthquake,4.5,3.306,0.1,8,reviewed,ak,ak
2026-03-24T10:00:57.350Z,36.4675,-89.564166666667,9.7,1.33,md,22,91,0.05434,0.05,nm,nm60619066,2026-03-25T13:35:35.610Z,"7 km SE of Marston, Missouri",earthquake,0.61,0.78,0.075846852148031,18,reviewed,nm,nm
2026-03-24T09:58:43.360Z,17.819333333333,-64.888833333333,7.41,3.13,md,7,162,0.1358,0.33,pr,pr71510773,2026-03-24T11:02:23.703Z,"18 km NW of Saint Croix, U.S. Virgin Islands",earthquake,1.64,2.08,0.12172018224754,6,reviewed,pr,pr
2026-03-24T09:53:24.657Z,31.436,-103.873,4.2926,2.3,ml,45,67,0.1,0.2,tx,tx2026fvhekm,2026-03-24T10:37:09.698Z,"15 km NNW of Toyah, Texas",earthquake,0.54566528269756,0.51628230765346,0.2,30,reviewed,tx,tx
2026-03-24T09:52:47.430Z,32.9575,-116.3345,9.11,0.92,ml,43,41,0.02632,0.2,ci,ci41423608,2026-03-24T13:37:58.420Z,"24 km NE of Pine Valley, CA",earthquake,0.2,0.48,0.27102156726119,19,reviewed,ci,ci
2026-03-24T09:52:19.870Z,60.501666666667,-152.678,4.02,-0.77,ml,4,311,0.01515,0.08,av,av94107553,2026-03-25T00:01:39.990Z,"75 km NW of Ninilchik, Alaska",earthquake,0.8,0.55,0.15000614908673,4,reviewed,av,av
2026-03-24T09:46:58.910Z,38.837501525879,-122.83616638184,1.7200000286102,0.72,md,11,80,0.001209,0.02,nc,nc75332277,2026-03-24T10:07:19.476Z,"10 km NW of The Geysers, CA",earthquake,0.29,0.579999983,0.33,12,automatic,nc,nc
2026-03-24T09:37:43.650Z,35.362666666667,-117.78866666667,6.39,0.86,ml,29,74,0.1059,0.16,ci,ci41423600,2026-03-24T19:52:28.703Z,"14 km W of Johannesburg, CA",earthquake,0.2,0.57,0.13272347005891,15,reviewed,ci,ci
2026-03-24T09:33:24.050Z,19.465666666667,-155.43983333333,6.98,2.07,ml,43,47,0.08177,0.14,hv,hv74923922,2026-03-24T18:55:03.430Z,"21 km W of Volcano, Hawaii",earthquake,0.26,0.51,0.30653616534908,34,reviewed,hv,hv
2026-03-24T09:29:11.470Z,54.741333333333,-163.8745,23.49,1.09,ml,7,105,0.078,0.17,av,av94107533,2026-03-24T19:43:50.610Z,"32 km WSW of False Pass, Alaska",earthquake,0.99,1.06,0.32529240287225,7,reviewed,av,av
2026-03-24T09:28:35.954Z,60.534,-139.933,5.1,1.7,ml,16,88,0.5,0.9,ak,aka2026fvgkdk,2026-03-25T00:03:23.941Z,"110 km N of Yakutat, Alaska",earthquake,3.3,3.1447,0.1,13,reviewed,ak,ak
2026-03-24T09:23:20.960Z,53.3005,159.6396,89.235,4.4,mb,142,115,1.183,0.55,us,us7000s7am,2026-03-24T11:43:55.040Z,"72 km ENE of Petropavlovsk-Kamchatsky, Russia",earthquake,9.78,7.186,0.044,149,reviewed,us,us
2026-03-24T09:17:26.870Z,18.893333435059,-155.18800354004,37.900001525879,1.83,md,8,301,0.3677,0.0799999982,hv,hv74923907,2026-03-24T09:20:52.860Z,"45 km ESE of Naalehu, Hawaii",earthquake,5,5.94999981,0.085697137228995,12,automatic,hv,hv
2026-03-24T09:15:36.490Z,32.939666666667,-116.41,4.93,0.46,ml,23,96,0.03206,0.15,ci,ci41423592,2026-03-24T13:37:41.775Z,"17 km NE of Pine Valley, CA",earthquake,0.21,0.31,0.089462586135106,5,reviewed,ci,ci
2026-03-24T09:14:55.926Z,69.533,-144.124,5,2.7,ml,38,92,0.2,0.8,ak,aka2026fvfyjk,2026-03-25T00:01:32.332Z,"69 km SSW of Kaktovik, Alaska",earthquake,3.5,0,0.2,23,reviewed,ak,ak
2026-03-24T09:11:30.760Z,39.604,-111.23233333333,-1.8,1.17,md,18,44,0.0423,0.14,uu,uu80006543,2026-03-24T15:49:02.030Z,"8 km SW of Clear Creek, Utah",earthquake,0.32,0.48,0.11662037394297,12,reviewed,uu,uu
2026-03-24T09:07:19.643Z,-20.021,-70.9608,23.996,4.6,mb,40,146,0.818,0.65,us,us7000s7a9,2026-03-25T04:31:22.779Z,"87 km WNW of Puerto, Chile",earthquake,4.87,5.718,0.101,29,reviewed,us,us
2026-03-24T09:03:49.221Z,53.9306,-163.8081,35,3.5,ml,20,200,0.778,0.44,us,us7000s7a8,2026-03-24T23:56:35.366Z,"105 km SSW of False Pass, Alaska",earthquake,5.7,2.013,0.081,20,reviewed,us,us
2026-03-24T08:49:53.478Z,57.712,-154.052,26.5,2.6,ml,48,103,0.6,0.6,ak,aka2026fvfcui,2026-03-24T23:52:53.642Z,"19 km NNW of Larsen Bay, Alaska",earthquake,3,2.0733,0.2,36,reviewed,ak,ak
2026-03-24T08:48:56.532Z,60.475,-139.656,0.7,1.7,ml,18,53,0.5,0.6,ak,aka2026fvfbzf,2026-03-24T23:39:32.857Z,"103 km N of Yakutat, Alaska",earthquake,3.2,3.2395,0.1,14,reviewed,ak,ak
2026-03-24T08:42:25.859Z,31.62,-104.381,1.8958,1.6,ml,26,84,0.1,0.2,tx,tx2026fvewjm,2026-03-24T10:23:09.873Z,"61 km S of Whites City, New Mexico",earthquake,0.75170812686838,0.85314000659175,0.1,15,reviewed,tx,tx
2026-03-24T08:34:38.707Z,-23.9111,-179.6566,489.894,4.7,mb,54,100,5.533,1.31,us,us7000s7a4,2026-03-24T09:09:20.040Z,"south of the Fiji Islands",earthquake,12.19,7.662,0.068,65,reviewed,us,us
2026-03-24T08:32:00.669Z,31.706,-104.182,7.3303,1.6,ml,33,60,0.1,0.2,tx,tx2026fvemsj,2026-03-24T09:11:43.687Z,"55 km W of Mentone, Texas",earthquake,0.50018932127194,0.65651482474253,0.2,19,reviewed,tx,tx
2026-03-24T08:24:41.010Z,40.657001495361,-124.97250366211,-0.37000000476837,2.27,md,12,300,0.6054,0.26,nc,nc75332267,2026-03-24T10:32:18.639Z,"60 km W of Ferndale, CA",earthquake,11.7,7.13999987,0.02,2,automatic,nc,nc
2026-03-24T08:20:43.960Z,46.4495,-119.3495,16.4,1.11,ml,16,109,0.0466,0.11,uw,uw62228692,2026-03-24T08:30:15.190Z,"16 km N of West Richland, Washington",earthquake,0.31,0.76,0.35204924600827,15,reviewed,uw,uw
2026-03-24T08:20:03.990Z,17.972,-66.840666666667,13.15,2.03,md,13,165,0.02631,0.08,pr,pr71510763,2026-03-24T08:35:19.540Z,"3 km SW of Indios, Puerto Rico",earthquake,0.51,0.34,0.11442942798317,9,reviewed,pr,pr
2026-03-24T08:11:36.527Z,59.859,-152.891,102.5,1.6,ml,26,73,0.1,0.4,ak,aka2026fvdvvo,2026-03-24T23:36:51.908Z,"60 km W of Anchor Point, Alaska",earthquake,5.7,2.8641,0.6,11,reviewed,ak,ak
2026-03-24T08:10:01.760Z,37.770999908447,-121.94733428955,5.9000000953674,1.66,md,15,66,0.02026,0.1,nc,nc75332262,2026-03-24T09:52:18.359Z,"3 km ESE of San Ramon, CA",earthquake,0.32,0.649999976,0.07,14,automatic,nc,nc
2026-03-24T07:58:53.150Z,36.088665008545,-120.95666503906,-0.23000000417232,0.9,md,10,136,0.1676,0.26,nc,nc75332257,2026-03-24T08:00:29.338Z,"7 km SE of San Lucas, CA",earthquake,2.07,16.0699997,0.28,2,automatic,nc,nc
2026-03-24T07:58:14.380Z,58.36,-154.49383333333,5.76,0.26,ml,10,212,0.137,0.21,av,av94107423,2026-03-24T23:13:07.900Z,"88 km N of Karluk, Alaska",earthquake,0.81,2.38,0.25439832668774,10,reviewed,av,av
2026-03-24T07:48:25.440Z,32.8535,-115.8655,9.52,0.97,ml,27,60,0.09337,0.18,ci,ci41423576,2026-03-24T17:55:12.425Z,"18 km NE of Ocotillo, CA",earthquake,0.22,0.64,0.19158619835123,12,reviewed,ci,ci
2026-03-24T07:48:20.351Z,63.188,-150.536,120,1.6,ml,21,48,0.7,0.6,ak,aka2026fvdbtp,2026-03-24T23:32:10.538Z,"71 km SE of Denali National Park, Alaska",earthquake,3.9,3.7164,0.3,9,reviewed,ak,ak
2026-03-24T07:43:18.660Z,18.030333333333,-66.791333333333,15.54,1.73,md,8,147,0.09321,0.12,pr,pr71510758,2026-03-24T08:15:43.230Z,"1 km N of Guayanilla, Puerto Rico",earthquake,0.55,1.07,0.20778334793111,6,reviewed,pr,pr
2026-03-24T07:42:38.880Z,33.251333333333,-116.0835,9.65,1.03,ml,52,51,0.0867,0.23,ci,ci41423568,2026-03-24T17:31:54.438Z,"13 km NNE of Ocotillo Wells, CA",earthquake,0.2,0.67,0.13499882181414,27,reviewed,ci,ci
2026-03-24T07:40:08.500Z,33.686166666667,-117.9465,13.36,0.92,ml,26,132,0.003345,0.23,ci,ci41423560,2026-03-24T17:23:35.387Z,"3 km SSE of Fountain Valley, CA",earthquake,0.37,0.6,0.21188671441518,14,reviewed,ci,ci
2026-03-24T07:39:16.230Z,54.504166666667,-164.649,3.7,0.19,ml,4,125,0.04494,0.05,av,av94107403,2026-03-24T23:10:06.460Z,"84 km ENE of Akutan, Alaska",earthquake,0.57,2.67,0.11050632824619,4,reviewed,av,av
2026-03-24T07:36:49.486Z,62.402,-148.399,21.2,2,ml,65,35,0.4,1,ak,aka2026fvcrvh,2026-03-24T23:26:29.275Z,"67 km N of Chickaloon, Alaska",earthquake,2,1.9948,0.2,37,reviewed,ak,ak
2026-03-24T07:31:48.630Z,39.023333333333,-122.61633333333,4.65,1.39,md,35,78,0.09471,0.11,nc,nc75332237,2026-03-24T19:42:19.314Z,"5 km E of Clearlake Oaks, CA",earthquake,0.18,0.66,0.247,33,reviewed,nc,nc
2026-03-24T07:31:47.030Z,37.7635,-121.94566666667,8.51,2.81,ml,155,17,0.0258,0.15,nc,nc75332242,2026-03-25T20:01:50.059Z,"3 km ESE of San Ramon, CA",earthquake,0.1,0.19,0.169,61,reviewed,nc,nc
2026-03-24T07:28:10.860Z,33.201166666667,-116.3785,13.62,0.42,ml,37,75,0.07429,0.19,ci,ci41423552,2026-03-24T20:26:28.833Z,"6 km S of Borrego Springs, CA",earthquake,0.23,0.55,0.1627514324873,8,reviewed,ci,ci
2026-03-24T07:28:01.450Z,38.837501525879,-122.83583068848,1.8200000524521,0.94,md,8,111,0.001119,0.01,nc,nc75332232,2026-03-24T08:22:19.714Z,"10 km NW of The Geysers, CA",earthquake,0.46,0.670000017,0.22,10,automatic,nc,nc
2026-03-24T07:23:40.970Z,60.974166666667,-152.33066666667,9.21,0.13,ml,13,154,0.2223,0.29,av,av94107383,2026-03-24T23:05:34.920Z,"64 km WNW of Nikiski, Alaska",earthquake,1.12,4.74,0.19970226216873,13,reviewed,av,av
2026-03-24T07:23:28.790Z,38.490333333333,-112.89766666667,2.44,1.26,md,9,97,0.01417,0.06,uu,uu80133096,2026-03-24T13:26:43.410Z,"14 km NE of Milford, Utah",earthquake,0.28,0.65,0.41656743202023,6,reviewed,uu,uu
2026-03-24T07:20:02.950Z,32.5485,-115.27966666667,22.4,1.91,ml,28,56,0.1525,0.24,ci,ci41423544,2026-03-24T16:08:46.607Z,"7 km ESE of Puebla, B.C., MX",earthquake,0.4,0.85,0.35706439906272,18,reviewed,ci,ci
2026-03-24T07:16:57.040Z,38.838165283203,-122.80867004394,1.6000000238419,0.7,md,9,75,0.01431,0.01,nc,nc75332227,2026-03-24T07:18:33.908Z,"8 km WNW of Cobb, CA",earthquake,0.43,1.05999994,0.35,10,automatic,nc,nc
2026-03-24T07:09:05.805Z,32.365,-102.07,6.5674,0.8,ml,12,62,0,0.1,tx,tx2026fvbtyc,2026-03-24T12:45:46.728Z,"37 km NW of Stanton, Texas",earthquake,0.78650423051997,1.4763137492985,0.4,10,reviewed,tx,tx
2026-03-24T06:58:49.537Z,53.576,-162.784,21,2.6,ml,23,258,1.2,0.6,ak,aka2026fvblbz,2026-03-24T23:05:26.028Z,"148 km SSE of False Pass, Alaska",earthquake,10.8,12.0078,0.1,18,reviewed,ak,ak
2026-03-24T06:56:59.610Z,38.84400177002,-122.83782958984,1.6200000047684,0.77,md,9,109,0.01553,0.02,nc,nc75332222,2026-03-24T07:17:24.295Z,"10 km WNW of Cobb, CA",earthquake,0.31,0.649999976,0.15,10,automatic,nc,nc
2026-03-24T06:55:45.140Z,60.516,-139.737,8.6,1.7,ml,14,95,0.5,0.7,ak,aka2026fvbily,2026-03-24T23:01:34.222Z,"107 km N of Yakutat, Alaska",earthquake,4.8,3.51,0.1,6,reviewed,ak,ak
2026-03-24T06:52:36.270Z,32.357,-102.177,8.1299,0.4,ml,11,83,0,0.1,tx,tx2026fvbfsa,2026-03-24T14:25:09.880Z,"33 km E of McKinney Acres, Texas",earthquake,0.99838470630591,0.67615482760121,0.3,7,reviewed,tx,tx
2026-03-24T06:52:31.630Z,33.221,-116.75733333333,9.75,0.65,ml,37,36,0.01499,0.15,ci,ci41423536,2026-03-24T13:39:32.220Z,"2 km SSE of Lake Henshaw, CA",earthquake,0.16,0.42,0.23181169890322,14,reviewed,ci,ci
2026-03-24T06:46:53.975Z,60.566,-139.91,5.2,1.7,ml,15,88,0.5,0.8,ak,aka2026fvbbam,2026-03-24T22:56:05.079Z,"113 km N of Yakutat, Alaska",earthquake,3.7,3.1876,0.1,12,reviewed,ak,ak
2026-03-24T06:45:57.643Z,-18.5916,-175.4885,192.935,4.6,mb,49,83,5.289,0.71,us,us7000s79u,2026-03-24T07:09:06.040Z,"158 km W of Neiafu, Tonga",earthquake,12.49,7.903,0.063,76,reviewed,us,us
2026-03-24T06:27:37.620Z,32.1455,-116.63966666667,15.6,2.37,ml,29,126,0.2776,0.21,ci,ci41423528,2026-03-24T15:34:32.599Z,"27 km ESE of Primo Tapia, B.C., MX",earthquake,0.37,1.37,0.16228802739559,70,reviewed,ci,ci
2026-03-24T06:23:59.100Z,38.817665100098,-122.84166717529,2.2699999809265,1.33,md,27,104,0.007517,0.02,nc,nc75332212,2026-03-24T07:57:21.556Z,"9 km WNW of The Geysers, CA",earthquake,0.21,0.310000002,0.15,27,automatic,nc,nc
2026-03-24T06:17:48.410Z,36.130333333333,-117.85866666667,2.63,1.16,ml,26,71,0.01309,0.13,ci,ci41423520,2026-03-24T13:38:46.323Z,"12 km NE of Coso Junction, CA",earthquake,0.17,0.19,0.32575611754252,17,reviewed,ci,ci
2026-03-24T06:16:07.230Z,32.104,-101.925,8.9355,1.2,ml,56,42,0.1,0.2,tx,tx2026fvaaap,2026-03-24T09:32:27.596Z,"13 km WSW of Stanton, Texas",earthquake,0.32555828452254,0.57911098435201,0.2,27,reviewed,tx,tx
2026-03-24T06:15:09.760Z,38.4905,-112.9085,3.05,0.69,md,9,102,0.02041,0.04,uu,uu80133091,2026-03-24T13:28:45.960Z,"13 km NE of Milford, Utah",earthquake,0.26,0.71,0.34073657552532,4,reviewed,uu,uu
2026-03-24T06:07:16.069Z,31.621,-104.088,6.0999,1.5,ml,34,60,0,0.2,tx,tx2026fuzsrg,2026-03-24T10:02:19.556Z,"44 km NW of Toyah, Texas",earthquake,0.63446050484127,0.45278900592314,0.1,19,reviewed,tx,tx
2026-03-24T05:51:35.845Z,54.492,-160.38,2.3,2.6,ml,19,266,1.1,0.5,ak,aka2026fuzfcj,2026-03-24T22:48:23.153Z,"94 km S of Sand Point, Alaska",earthquake,7.8,3.8874,0.1,14,reviewed,ak,ak
2026-03-24T05:43:04.539Z,63.196,-149.869,95.5,3.2,ml,90,28,0.5,0.6,ak,aka2026fuyxqm,2026-03-24T22:45:09.468Z,"50 km WSW of Cantwell, Alaska",earthquake,2.5,2.7299,0.2,49,reviewed,ak,ak
2026-03-24T05:36:58.554Z,57.708,-153.967,31.9,4.1,ml,176,100,0.6,0.8,ak,aka2026fuysog,2026-03-24T06:50:08.071Z,"18 km N of Larsen Bay, Alaska",earthquake,2.4,4.7927,0.2,111,reviewed,ak,ak
2026-03-24T05:24:56.852Z,31.435,-103.934,6.5356,1.2,ml,23,77,0.1,0.2,tx,tx2026fuyidm,2026-03-24T11:23:02.082Z,"18 km NW of Toyah, Texas",earthquake,0.71369331453856,1.0317856372037,0.1,12,reviewed,tx,tx
2026-03-24T05:23:25.220Z,38.839832305908,-122.83833312988,1.5099999904633,0.72,md,8,101,0.01689,0.01,nc,nc75332187,2026-03-24T05:24:59.233Z,"10 km NW of The Geysers, CA",earthquake,0.34,1.09000003,0.12,10,automatic,nc,nc
2026-03-24T05:22:24.733Z,-18.4693,-175.46,216.14,5.2,mb,76,97,5.276,0.72,us,us7000s79e,2026-03-24T05:47:07.040Z,"157 km W of Neiafu, Tonga",earthquake,11.71,7.165,0.062,86,reviewed,us,us
2026-03-24T05:18:32.869Z,-18.2032,-175.2732,230.034,4.9,mb,38,93,5.142,1.15,us,us7000s799,2026-03-24T06:04:58.040Z,"145 km WNW of Neiafu, Tonga",earthquake,11.75,5.799,0.096,34,reviewed,us,us
2026-03-24T05:15:57.931Z,62.262,-150.904,69.1,3,ml,113,20,0.3,0.8,ak,aka2026fuyali,2026-03-24T22:41:40.476Z,"27 km SSW of Petersville, Alaska",earthquake,1.7,2.3737,0.2,48,reviewed,ak,ak
2026-03-24T05:11:08.370Z,38.833499908447,-122.79000091553,1.6799999475479,1.33,md,18,51,0.004909,0.02,nc,nc75332172,2026-03-24T06:47:22.073Z,"6 km WNW of Cobb, CA",earthquake,0.2,0.400000006,0.07,21,automatic,nc,nc
2026-03-24T05:02:54.660Z,38.824001312256,-122.80449676514,2.3099999427795,1.33,md,24,39,0.01755,0.01,nc,nc75332167,2026-03-24T06:22:22.908Z,"7 km NW of The Geysers, CA",earthquake,0.22,0.409999996,0.16,26,automatic,nc,nc
2026-03-24T04:55:55.160Z,46.848666666667,-121.76816666667,1.66,0.32,ml,14,97,0.02745,0.09,uw,uw61505043,2026-03-24T18:34:39.830Z,"22 km ENE of Ashford, Washington",earthquake,0.22,0.58,,0,reviewed,uw,uw
2026-03-24T04:54:33.890Z,46.8505,-121.76516666667,1.42,0.95,ml,23,58,0.02663,0.06,uw,uw61505038,2026-03-24T18:26:51.580Z,"22 km ENE of Ashford, Washington",earthquake,0.15,0.55,0.13976481352247,6,reviewed,uw,uw
2026-03-24T04:37:50.555Z,-18.6678,-175.5601,229.453,7.5,mww,147,21,5.349,0.93,us,us7000s789,2026-03-25T04:59:36.520Z,"166 km W of Neiafu, Tonga",earthquake,8.64,4.314,0.028,119,reviewed,us,us
2026-03-24T04:34:38.352Z,51.904,176,35.2,3.8,ml,14,203,1.4,1.2,ak,aka2026fuwray,2026-03-24T05:09:05.832Z,"218 km ESE of Attu Station, Alaska",earthquake,32.3,37.3474,0.1,13,reviewed,ak,ak
2026-03-24T04:33:07.555Z,62.045,-147.943,28.3,1.6,ml,26,54,0.3,0.8,ak,aka2026fuwpnd,2026-03-24T22:20:54.228Z,"30 km NNW of Glacier View, Alaska",earthquake,2.7,1.7601,0.2,14,reviewed,ak,ak
2026-03-24T04:32:57.110Z,38.489833333333,-112.90716666667,3.48,1.24,md,13,92,0.01277,0.06,uu,uu80133066,2026-03-24T15:25:13.000Z,"13 km NE of Milford, Utah",earthquake,0.26,0.44,0.26388364851195,4,reviewed,uu,uu
2026-03-24T04:28:01.326Z,61.138,-151.223,20.7,1.5,ml,20,53,0.4,0.7,ak,aka2026fuwlcy,2026-03-24T22:14:56.465Z,"7 km W of Beluga, Alaska",earthquake,3.6,3.1649,0.2,12,reviewed,ak,ak
2026-03-24T04:25:00.700Z,38.807666778565,-122.78350067139,0.34999999403954,1.24,md,8,96,0.006002,0.02,nc,nc75332137,2026-03-24T04:57:19.318Z,"4 km NW of The Geysers, CA",earthquake,0.34,0.529999971,0.17,11,automatic,nc,nc
2026-03-24T04:20:33.290Z,40.326333333333,-111.32433333333,5.67,1,md,18,155,0.1007,0.13,uu,uu80133061,2026-03-24T15:21:15.290Z,"6 km WNW of Independence, Utah",earthquake,0.49,1.47,0.13277328957619,13,reviewed,uu,uu
2026-03-24T04:18:08.471Z,61.173,-140.019,0.3,2,ml,17,86,0.5,0.7,ak,aka2026fuwcpk,2026-03-24T22:10:34.905Z,"158 km ESE of McCarthy, Alaska",earthquake,3.6,3.097,0.1,15,reviewed,ak,ak
2026-03-24T04:11:40.680Z,35.351166666667,-118.5135,7.02,1.22,ml,29,66,0.09652,0.19,ci,ci41423488,2026-03-24T16:14:33.692Z,"25 km NNW of Tehachapi, CA",earthquake,0.21,0.78,0.22193673464755,11,reviewed,ci,ci
2026-03-24T04:09:53.950Z,60.005666666667,-153.09566666667,-0.29,-0.18,ml,5,111,0.03259,0.19,av,av94107173,2026-03-24T22:29:01.180Z,"61 km ENE of Pedro Bay, Alaska",earthquake,0.44,3.21,0.15454220617211,5,reviewed,av,av
2026-03-24T04:09:20.051Z,31.685,-104.399,6.0999,1.6,ml,37,68,0,0.2,tx,tx2026fuvsas,2026-03-24T09:43:33.654Z,"54 km S of Whites City, New Mexico",earthquake,0.75019334590852,0.57111484366001,0.1,25,reviewed,tx,tx
2026-03-24T04:08:36.845Z,31.878,-101.907,5.249,1,ml,25,55,0,0.2,tx,tx2026fuvukk,2026-03-24T12:38:10.153Z,"20 km SE of Midland, Texas",earthquake,0.81770540872713,1.361236586817,0.1,5,reviewed,tx,tx
2026-03-24T04:02:36.421Z,60.552,-148.478,5,2.2,ml,52,83,0.6,0.8,ak,aka2026fuvpgk,2026-03-24T22:08:19.692Z,"27 km SSE of Whittier, Alaska",earthquake,2.5,1.7107,0.1,33,reviewed,ak,ak
2026-03-24T03:41:54.110Z,46.239166666667,-123.15466666667,18.83,0.94,ml,9,142,0.1105,0.11,uw,uw62228662,2026-03-24T18:26:58.630Z,"14 km WNW of West Longview, Washington",earthquake,0.3,0.47,0.1252591909143,3,reviewed,uw,uw
2026-03-24T03:40:42.380Z,32.403333333333,-115.227,10.23,2.05,ml,25,49,0.06792,0.3,ci,ci41423480,2026-03-24T16:03:42.764Z,"6 km NNW of Delta, B.C., MX",earthquake,0.44,1.27,0.19638732014577,13,reviewed,ci,ci
2026-03-24T03:39:04.260Z,55.983333333333,-159.658,24.36,-0.12,ml,7,304,0.1038,0.21,av,av93057119,2026-03-24T22:43:03.260Z,"14 km NW of Ivanof Bay, Alaska",earthquake,1.62,1.37,0.17849553691164,7,reviewed,av,av
2026-03-24T03:38:25.830Z,38.833999633789,-122.78816986084,1.75,1.47,md,23,121,0.004719,0.05,nc,nc75332132,2026-03-24T04:27:21.133Z,"6 km WNW of Cobb, CA",earthquake,0.23,0.379999995,0.13,23,automatic,nc,nc
2026-03-24T03:37:20.820Z,55.946166666667,-159.69183333333,22.55,0.03,ml,5,315,0.1456,0.29,av,av93057114,2026-03-24T22:39:00.940Z,"13 km WNW of Ivanof Bay, Alaska",earthquake,1.83,2.86,0.066022545013197,5,reviewed,av,av
2026-03-24T03:36:21.370Z,55.961833333333,-159.7065,22.73,0.12,ml,6,313,0.137,0.06,av,av93057109,2026-03-24T22:36:00.690Z,"15 km WNW of Ivanof Bay, Alaska",earthquake,0.64,0.84,0.082690722341273,6,reviewed,av,av
2026-03-24T03:35:00.245Z,61.626,-150.526,46.4,2.2,ml,58,28,0.2,0.8,ak,aka2026fuurld,2026-03-24T22:05:39.531Z,"9 km N of Susitna, Alaska",earthquake,2.4,3.6598,0.2,33,reviewed,ak,ak
2026-03-24T03:24:12.554Z,60.119,-152.817,118.5,2,ml,48,62,0.1,0.4,ak,aka2026fuuihw,2026-03-24T21:07:41.421Z,"63 km WNW of Happy Valley, Alaska",earthquake,4.2,2.2116,0.3,28,reviewed,ak,ak
2026-03-24T03:13:16.240Z,35.286333333333,-83.306,0.2,2.17,md,19,111,0.2519,0.25,se,se60505243,2026-03-25T15:17:42.583Z,"10 km W of Forest Hills, North Carolina",earthquake,0.45,2.72,0.067652863821139,15,reviewed,se,se
2026-03-24T03:07:40.421Z,62.033,-149.54,18.8,2.1,ml,46,48,0.5,0.9,ak,aka2026futtws,2026-03-24T21:04:07.019Z,"21 km SE of Susitna North, Alaska",earthquake,2,2.013,0.2,32,reviewed,ak,ak
2026-03-24T02:59:07.512Z,38.0579,-118.9116,7.5817,1.84,ml,11,114,0.156,0.1675,nn,nn00913183,2026-03-24T21:24:58.926Z,"20 km E of Mono City, California",earthquake,,2.0047,0.36,7,reviewed,nn,nn
2026-03-24T02:55:36.252Z,60.46,-139.483,0.9,1.7,ml,17,56,0.5,0.6,ak,aka2026futjnl,2026-03-24T20:46:42.937Z,"102 km N of Yakutat, Alaska",earthquake,4.4,3.3046,0.2,9,reviewed,ak,ak
2026-03-24T02:53:09.550Z,53.365666666667,-168.12316666667,9.67,1.03,ml,7,179,0.02492,0.34,av,av94107123,2026-03-24T22:10:59.200Z,"68 km NE of Nikolski, Alaska",earthquake,1.38,1.7,0.36149718346902,7,reviewed,av,av
2026-03-24T02:47:19.088Z,56.299,-156.547,8.9,2.3,ml,21,237,1,0.3,ak,aka2026futciz,2026-03-24T20:44:08.910Z,"114 km E of Chignik, Alaska",earthquake,8.4,3.9787,0.1,11,reviewed,ak,ak
2026-03-24T02:40:15.889Z,61.925,-152.148,130.3,2.2,ml,53,77,0.3,0.5,ak,aka2026fuswhf,2026-03-24T20:15:01.883Z,"40 km W of Skwentna, Alaska",earthquake,3.1,2.3081,0.3,31,reviewed,ak,ak
2026-03-24T02:37:53.670Z,35.623,-98.03533333,6.89,0.94,ml,42,53,0.1583689226,0.12,ok,ok2026fual,2026-03-25T17:38:38.798Z,"7 km ENE of Calumet, Oklahoma",earthquake,,0.3,0.26,21,reviewed,ok,ok
2026-03-24T02:33:46.404Z,61.226,-147.638,0,1.7,ml,16,85,0.3,0.7,ak,aka2026fusqns,2026-03-24T20:11:38.077Z,"64 km S of Glacier View, Alaska",ice quake,3.9,0,0.3,12,reviewed,ak,ak
2026-03-24T02:24:37.831Z,32.359,-102.064,8.0322,0.2,ml,16,70,0,0.2,tx,tx2026fusird,2026-03-24T12:53:28.329Z,"36 km NW of Stanton, Texas",earthquake,0.8979663983393,1.4872772117569,0.2,10,reviewed,tx,tx
2026-03-24T02:17:07.641Z,60.498,-139.825,4.3,1.8,ml,18,62,0.5,0.8,ak,aka2026fusciw,2026-03-24T19:52:33.100Z,"106 km N of Yakutat, Alaska",earthquake,3.2,2.5287,0.1,14,reviewed,ak,ak
2026-03-24T02:12:37.643Z,31.891,-101.881,6.1768,0.1,ml,11,73,0,0.1,tx,tx2026furylo,2026-03-24T16:49:33.107Z,"22 km ESE of Midland, Texas",earthquake,0.93790850589664,1.2379143264022,0.2,6,reviewed,tx,tx
2026-03-24T02:09:04.330Z,60.584,-148.525,12.4,1.7,ml,28,88,0.4,0.6,ak,aka2026furvkh,2026-03-24T19:49:18.472Z,"22 km SSE of Whittier, Alaska",earthquake,2.9,1.6874,0.2,11,reviewed,ak,ak
2026-03-24T02:08:30.964Z,32.105,-101.916,8.7646,1.5,ml,70,37,0.1,0.1,tx,tx2026furuwc,2026-03-24T08:57:11.476Z,"12 km WSW of Stanton, Texas",earthquake,0.29479156283212,0.49175995336626,0.2,46,reviewed,tx,tx
2026-03-24T02:07:16.660Z,33.199333333333,-116.0315,9.48,2.15,ml,75,20,0.05193,0.21,ci,ci41423448,2026-03-24T15:59:17.870Z,"11 km NE of Ocotillo Wells, CA",earthquake,0.14,0.45,0.17843223472887,90,reviewed,ci,ci
2026-03-24T02:03:10.947Z,-19.5474,-66.7398,260.695,4.3,mb,46,84,2.347,0.56,us,us7000s77m,2026-03-24T02:23:37.040Z,"71 km S of Challapata, Bolivia",earthquake,7.46,7.425,0.142,14,reviewed,us,us
2026-03-24T01:56:46.130Z,40.784833333333,-111.64766666667,12.56,0.58,md,14,90,0.1208,0.12,uu,uu80133056,2026-03-24T15:09:17.640Z,"5 km NW of Summit Park, Utah",earthquake,0.4,1.17,0.29012177347997,10,reviewed,uu,uu
2026-03-24T01:56:08.960Z,55.974833333333,-159.69633333333,25.35,-0.1,ml,4,310,0.1232,0.17,av,av93057104,2026-03-24T21:56:58.410Z,"15 km WNW of Ivanof Bay, Alaska",earthquake,2.2,1.74,0.093719421364957,4,reviewed,av,av
2026-03-24T01:49:36.040Z,55.973833333333,-159.68133333333,21.76,0.57,ml,8,301,0.119,0.28,av,av94107058,2026-03-24T21:42:27.480Z,"14 km WNW of Ivanof Bay, Alaska",earthquake,1.4,1.83,0.11929974167357,7,reviewed,av,av
2026-03-24T01:47:23.430Z,33.409666666667,-116.64833333333,5.33,1.14,ml,64,23,0.09291,0.21,ci,ci41423440,2026-03-24T13:40:05.120Z,"14 km N of Warner Springs, CA",earthquake,0.15,0.69,0.13368396758123,26,reviewed,ci,ci
2026-03-24T01:47:21.120Z,55.998333333333,-159.655,25.98,0.52,ml,6,300,0.09038,0.26,av,av93057099,2026-03-24T21:32:27.860Z,"15 km NW of Ivanof Bay, Alaska",earthquake,2.25,1.6,0.24768728010279,6,reviewed,av,av
2026-03-24T01:46:14.260Z,34.0405,-117.6015,5.89,0.97,ml,41,64,0.00873,0.14,ci,ci41423432,2026-03-24T17:49:40.834Z,"3 km ESE of Ontario, CA",earthquake,0.17,0.31,0.14150937878282,28,reviewed,ci,ci
2026-03-24T01:45:15.790Z,55.954666666667,-159.709,22.48,1.1,ml,8,307,0.1436,0.1,av,av94107043,2026-03-24T20:58:25.790Z,"15 km WNW of Ivanof Bay, Alaska",earthquake,0.77,0.81,0.2641430372882,8,reviewed,av,av
2026-03-24T01:44:17.300Z,55.965666666667,-159.69616666667,23.48,0.64,ml,6,311,0.1305,0.07,av,av94107048,2026-03-24T20:58:54.980Z,"15 km WNW of Ivanof Bay, Alaska",earthquake,0.88,0.78,0.12733355409074,6,reviewed,av,av
2026-03-24T01:43:10.780Z,55.966166666667,-159.69316666667,22.9,0.24,ml,5,311,0.1291,0.05,av,av93057084,2026-03-24T21:09:55.600Z,"14 km WNW of Ivanof Bay, Alaska",earthquake,0.76,0.82,0.14083741818232,6,reviewed,av,av
2026-03-24T01:33:24.140Z,56.9135,-157.8115,1.48,0.47,ml,5,323,0.1665,0.24,av,av94107028,2026-03-24T19:59:51.740Z,"71 km SSW of Ugashik, Alaska",earthquake,3.1,2.16,0.13789166567561,5,reviewed,av,av
2026-03-24T01:22:44.185Z,59.786,-151.565,54.2,2.3,ml,46,100,0.3,0.7,ak,aka2026fuqhmc,2026-03-24T05:39:38.389Z,"3 km SE of Nikolaevsk, Alaska",earthquake,2.9,3.0513,0.1,29,reviewed,ak,ak
2026-03-24T01:11:27.533Z,32.099,-101.939,8.6182,0.7,ml,29,45,0.1,0.2,tx,tx2026fupuyc,2026-03-24T12:21:56.152Z,"14 km WSW of Stanton, Texas",earthquake,0.55019924550808,0.70176860415823,0.2,15,reviewed,tx,tx
2026-03-24T01:02:44.590Z,37.77233505249,-121.94166564941,8.0100002288818,1.95,md,27,52,0.01655,0.05,nc,nc75332107,2026-03-24T02:07:14.459Z,"3 km ESE of San Ramon, CA",earthquake,0.19,0.430000007,0.16,26,automatic,nc,nc
2026-03-24T00:51:03.822Z,30.8268,50.0745,10,4.1,mb,17,195,6.151,0.73,us,us7000s7as,2026-03-24T21:11:06.040Z,"27 km ENE of Aghajari, Iran",earthquake,13.17,1.994,0.131,16,reviewed,us,us
2026-03-24T00:37:43.770Z,60.044,-153.0885,-2.16,-0.5,ml,5,102,0.01832,0.16,av,av94106998,2026-03-24T19:55:21.420Z,"63 km ENE of Pedro Bay, Alaska",earthquake,0.34,4.09,0.22850572095299,5,reviewed,av,av
2026-03-24T00:36:43.126Z,32.107,-101.926,8.9111,2.1,ml,67,51,0.1,0.1,tx,tx2026fuotrd,2026-03-24T08:35:21.612Z,"13 km W of Stanton, Texas",earthquake,0.22039503833918,0.51217360129783,0.1,35,reviewed,tx,tx
2026-03-24T00:30:04.090Z,-16.0481,-172.9664,10,4.9,mb,31,155,38.911,0.39,us,us7000s77c,2026-03-24T04:51:07.017Z,"89 km E of Hihifo, Tonga",earthquake,19.75,1.911,0.11,26,reviewed,us,us
2026-03-24T00:28:44.820Z,35.965166666667,-117.96566666667,2.68,-0.17,ml,5,232,0.07437,0.06,ci,ci41423392,2026-03-24T14:50:21.236Z,"6 km WNW of Little Lake, CA",earthquake,0.44,1.22,0.12443661790893,2,reviewed,ci,ci
2026-03-24T00:27:32.499Z,63.269,-151.441,0.4,2.5,ml,61,28,0.3,0.9,ak,aka2026fuolxj,2026-03-24T05:28:15.466Z,"33 km SSE of Denali National Park, Alaska",earthquake,2,1.8216,0.2,44,reviewed,ak,ak
2026-03-24T00:24:19.267Z,60.124,-152.45,95,2.4,ml,75,64,0.3,0.7,ak,aka2026fuojfi,2026-03-24T05:16:15.540Z,"44 km W of Ninilchik, Alaska",earthquake,2.6,1.8676,0.3,42,reviewed,ak,ak
2026-03-24T00:21:57.424Z,64.467,-150.757,14.5,1.6,ml,17,69,0.6,0.9,ak,aka2026fuohbd,2026-03-24T05:10:45.561Z,"59 km S of Manley Hot Springs, Alaska",earthquake,4.3,3.4987,0.1,13,reviewed,ak,ak
2026-03-24T00:11:49.780Z,37.624668121338,-118.87349700928,6.9699997901917,0.97,md,13,116,0.01011,0.02,nc,nc75332087,2026-03-24T00:22:21.436Z,"9 km E of Mammoth Lakes, CA",earthquake,0.55,0.899999976,0.18,13,automatic,nc,nc
2026-03-24T00:08:09.799Z,31.885,-101.909,5.4932,0.8,ml,30,52,0,0.2,tx,tx2026funvfj,2026-03-24T12:13:03.279Z,"20 km SE of Midland, Texas",earthquake,0.57179999460308,1.2158022307492,0.2,12,reviewed,tx,tx
2026-03-24T00:04:33.590Z,35.2895,-83.312333333333,0.02,2.65,md,25,101,0.2488,0.21,se,se60619051,2026-03-26T18:40:53.002Z,"10 km SSW of Dillsboro, North Carolina",earthquake,0.36,1.75,0.036406720903823,15,reviewed,se,se
2026-03-24T00:02:22.441Z,31.437,-103.934,6.0999,1.1,ml,22,76,0.1,0.2,tx,tx2026funqfs,2026-03-24T15:58:12.774Z,"19 km NW of Toyah, Texas",earthquake,0.64625088491613,1.2124683042676,0.1,9,reviewed,tx,tx
2026-03-24T00:01:03.160Z,38.487,-112.8935,3.26,0.95,md,8,93,0.01552,0.04,uu,uu80133051,2026-03-24T16:32:21.280Z,"14 km NE of Milford, Utah",earthquake,0.31,0.61,0.42270299399887,4,reviewed,uu,uu
2026-03-23T23:51:29.750Z,35.989498138428,-120.54650115967,2.9400000572205,0.89,md,13,95,0.01559,0.05,nc,nc75332082,2026-03-23T23:53:07.545Z,"14 km NW of Parkfield, CA",earthquake,0.37,0.839999974,0.38,3,automatic,nc,nc
2026-03-23T23:49:10.502Z,32.3769,142.4944,10,4.9,mb,60,93,5.346,0.58,us,us7000s774,2026-03-24T01:18:10.040Z,"Izu Islands, Japan region",earthquake,7.43,1.823,0.037,225,reviewed,us,us
2026-03-23T23:47:17.771Z,32.3464,142.623,10,4.5,mb,28,145,5.451,0.65,us,us7000s775,2026-03-24T01:11:11.040Z,"Izu Islands, Japan region",earthquake,11.56,1.95,0.127,18,reviewed,us,us
2026-03-23T23:39:18.330Z,42.144666666667,-120.96983333333,11.73,2.22,ml,15,83,0.2534,0.13,uw,uw62228642,2026-03-24T04:45:54.880Z,"36 km E of Bonanza, Oregon",earthquake,0.33,1.59,0.14195550412065,7,reviewed,uw,uw
2026-03-23T23:38:04.618Z,51.6021,-176.8122,35,2.5,ml,20,214,0.308,0.57,us,us7000s77p,2026-03-24T20:58:41.040Z,"32 km SSW of Adak, Alaska",earthquake,4.46,1.992,0.128,8,reviewed,us,us
2026-03-23T23:32:35.270Z,59.357,-153.44766666667,0.62,-0.84,ml,6,126,0.007071,0.15,av,av94106928,2026-03-24T19:14:19.950Z,"60 km SE of Pedro Bay, Alaska",earthquake,0.52,1.37,0.11456669251497,6,reviewed,av,av
2026-03-23T23:23:09.844Z,53.748,-164.286,19.5,2.3,ml,18,233,0.7,0.5,ak,aka2026fumikl,2026-03-25T19:27:23.877Z,"106 km ESE of Akutan, Alaska",earthquake,6.5,5.0634,0.1,10,reviewed,ak,ak
2026-03-23T23:19:41.130Z,44.3795,-110.332,8.22,1.7,ml,15,77,0.03588,0.11,uu,uu80133046,2026-03-24T13:23:20.060Z,"68 km ESE of West Yellowstone, Montana",earthquake,0.38,0.68,0.080185928329407,5,reviewed,uu,uu
2026-03-23T23:18:10.620Z,44.401,-110.35633333333,2.17,0.27,md,7,168,0.05195,0.09,uu,uu80133041,2026-03-24T13:33:04.910Z,"66 km ESE of West Yellowstone, Montana",earthquake,0.4,8.05,0.17049479152957,4,reviewed,uu,uu
2026-03-23T23:14:03.370Z,40.130333333333,-108.81833333333,5.96,2.68,md,8,144,0.4422,0.09,uu,uu80133036,2026-03-26T17:29:12.090Z,"4 km NNW of Rangely, Colorado",earthquake,0.68,31.61,0.090146779203041,6,reviewed,uu,uu
2026-03-23T23:13:29.910Z,34.32166667,-96.45283333,0,1.43,ml,56,125,0.1394726307,0.43,ok,ok2026ftts,2026-03-24T14:17:14.189Z,"6 km SSW of Wapanucka, Oklahoma",quarry blast,,0.5,0.2,25,reviewed,ok,ok
2026-03-23T23:10:48.746Z,31.436,-103.941,6.0999,1.3,ml,25,66,0.1,0.2,tx,tx2026fulxul,2026-03-26T15:14:47.087Z,"19 km NW of Toyah, Texas",earthquake,0.73095020232992,1.0790900983579,0.2,23,reviewed,tx,tx
2026-03-23T23:07:04.706Z,-15.9686,-173.0203,10,4.8,mb,26,144,29.801,0.46,us,us7000s76x,2026-03-24T01:00:22.040Z,"83 km E of Hihifo, Tonga",earthquake,18.89,1.898,0.111,25,reviewed,us,us
2026-03-23T23:03:19.519Z,-19.9873,-70.9505,15.617,4.3,mwr,30,82,0.82,0.64,us,us7000s76u,2026-03-24T00:05:12.198Z,"87 km WNW of Puerto, Chile",earthquake,4.84,4.201,0.05,38,reviewed,us,us
2026-03-23T23:02:34.461Z,64.989,-147.34,0,1.4,ml,18,68,0,0.4,ak,aka2026fulqrt,2026-03-25T19:26:58.149Z,"13 km ENE of Fox, Alaska",quarry blast,3.3,0,0.1,10,reviewed,ak,ak
2026-03-23T22:56:24.729Z,36.8167,-104.8856,5,1.2,ml,7,86,0.023,0.33,us,us7000s7at,2026-03-24T11:05:01.040Z,"34 km N of Cimarron, New Mexico",earthquake,2.18,1.778,0.105,14,reviewed,us,us
2026-03-23T22:54:49.340Z,38.825832366943,-122.84516906738,1.8899999856949,0.44,md,8,74,0.008371,0.01,nc,nc75332062,2026-03-23T23:57:17.259Z,"9 km NW of The Geysers, CA",earthquake,0.36,0.879999995,0.3,9,automatic,nc,nc
2026-03-23T22:52:18.432Z,-19.9982,-70.9505,26.791,4.9,mww,44,142,0.816,0.83,us,us7000s76q,2026-03-24T01:41:33.676Z,"86 km WNW of Puerto, Chile",earthquake,5.83,3.88,0.103,9,reviewed,us,us
2026-03-23T22:51:19.172Z,59.989,-152.699,112.9,2.1,ml,60,69,0.2,0.5,ak,aka2026fulgzr,2026-03-25T19:25:29.185Z,"54 km WNW of Anchor Point, Alaska",earthquake,3.9,2.0447,0.4,32,reviewed,ak,ak
2026-03-23T22:50:53.050Z,39.332833333333,-111.9545,4.48,1.22,md,16,55,0.1742,0.2,uu,uu80006548,2026-03-24T13:38:58.950Z,"14 km NW of Fayette, Utah",earthquake,0.44,1.31,0.22616977073028,9,reviewed,uu,uu
2026-03-23T22:44:52.460Z,38.839332580566,-122.80899810791,1.9700000286102,0.73,md,9,121,0.0146,0.01,nc,nc75332057,2026-03-23T23:07:19.932Z,"8 km WNW of Cobb, CA",earthquake,0.49,1.41999996,0.4,11,automatic,nc,nc
2026-03-23T22:42:04.850Z,38.837833404541,-122.80833435059,2.0199999809265,1.08,md,18,57,0.01406,0.02,nc,nc75332052,2026-03-23T22:43:42.983Z,"8 km WNW of Cobb, CA",earthquake,0.24,0.50999999,0.1,17,automatic,nc,nc
2026-03-23T22:33:27.919Z,64.007,-148.753,3.1,2.3,ml,39,39,0.3,0.5,ak,aka2026fukrpr,2026-03-25T19:24:58.811Z,"17 km E of Ferry, Alaska",earthquake,3.1,2.6136,0.2,24,reviewed,ak,ak
2026-03-23T22:30:52.000Z,38.498,-112.89433333333,2.15,0.63,md,10,74,0.003621,0.04,uu,uu80133031,2026-03-23T22:44:26.350Z,"15 km NE of Milford, Utah",earthquake,0.27,0.3,0.16999430003104,5,reviewed,uu,uu
2026-03-23T22:25:36.364Z,53.476,-166.614,68.3,2.4,ml,30,201,0.3,0.4,ak,aka2026fukkvr,2026-03-25T19:22:06.048Z,"44 km S of Unalaska, Alaska",earthquake,24.8,8.6336,0.2,23,reviewed,ak,ak
2026-03-23T22:23:38.690Z,38.497166666667,-112.899,2.26,1.17,md,13,77,0.003281,0.08,uu,uu80133026,2026-03-23T22:41:13.990Z,"14 km NE of Milford, Utah",earthquake,0.27,0.39,0.57914093906574,5,reviewed,uu,uu
2026-03-23T22:19:19.772Z,-20.0329,-70.95,14.52,4.6,mwr,52,137,0.805,0.72,us,us7000s76i,2026-03-24T01:41:59.496Z,"85 km WNW of Puerto, Chile",earthquake,5.3,3.657,0.048,41,reviewed,us,us
2026-03-23T22:18:54.220Z,37.4005,-119.06633333333,12.84,1.27,md,16,87,0.06905,0.08,nc,nc75332037,2026-03-24T09:12:18.068Z,"27 km SSW of Mammoth Lakes, CA",earthquake,0.34,0.79,0.145,8,reviewed,nc,nc
2026-03-23T22:18:42.321Z,68.392,-147.768,0.9,2.5,ml,34,60,0.4,0.7,ak,aka2026fukfkd,2026-03-25T19:20:54.148Z,"96 km WNW of Arctic Village, Alaska",earthquake,3.3,3.1179,0.1,24,reviewed,ak,ak
2026-03-23T22:13:46.900Z,47.654666666667,-123.8215,4.32,0.17,md,5,152,0.1416,0.05,uw,uw62228637,2026-03-24T04:38:32.900Z,"22 km NNE of Amanda Park, Washington",earthquake,0.69,7.85,0.09819240362089,4,reviewed,uw,uw
2026-03-23T22:12:03.520Z,51.859166666667,-177.97833333333,3.47,0.87,ml,4,160,0.04023,0.25,av,av94106863,2026-03-24T19:07:18.410Z,"92 km W of Adak, Alaska",earthquake,0.72,1.75,0.319947824515,4,reviewed,av,av
2026-03-23T22:08:32.210Z,38.835166931152,-122.79183197022,1.8999999761581,0.88,md,13,85,0.00344,0.02,nc,nc75332027,2026-03-23T22:27:22.661Z,"6 km WNW of Cobb, CA",earthquake,0.32,0.699999988,0.16,15,automatic,nc,nc
2026-03-23T22:02:58.640Z,60.827,-140.433,2.2,1.5,ml,16,122,0.3,1,ak,aka2026fujriu,2026-03-25T19:18:59.279Z,"147 km NNW of Yakutat, Alaska",earthquake,4.1,4.0176,0.2,6,reviewed,ak,ak
2026-03-23T21:57:13.482Z,59.466,-153.656,122.7,2.2,ml,45,58,0.1,0.5,ak,aka2026fujmjt,2026-03-25T19:11:44.676Z,"43 km SE of Pedro Bay, Alaska",earthquake,5.4,2.7656,0.2,13,reviewed,ak,ak
2026-03-23T21:55:17.340Z,19.120333333333,-64.630666666667,42.24,3.18,md,5,299,0.663,0.28,pr,pr71510743,2026-03-23T22:18:58.210Z,"89 km N of Cruz Bay, U.S. Virgin Islands",earthquake,8.56,19.41,0.088761023745535,4,reviewed,pr,pr
2026-03-23T21:52:57.457Z,64.7,-149.27,1.3,1.4,ml,19,41,0.1,0.5,ak,aka2026fujisc,2026-03-25T19:08:56.174Z,"12 km NNW of Four Mile Road, Alaska",earthquake,2.7,3.4056,0.3,10,reviewed,ak,ak
2026-03-23T21:50:27.850Z,38.489666666667,-112.894,3.04,1.55,md,11,77,0.005152,0.06,uu,uu80133021,2026-03-23T22:06:36.440Z,"14 km NE of Milford, Utah",earthquake,0.23,0.39,0.20506558677411,4,reviewed,uu,uu
2026-03-23T21:44:37.360Z,32.979833333333,-116.45116666667,11.22,1.72,ml,62,30,0.03499,0.2,ci,ci41423312,2026-03-24T13:39:50.987Z,"18 km SE of Julian, CA",earthquake,0.15,0.42,0.25351737467109,26,reviewed,ci,ci
2026-03-23T21:42:45.210Z,36.168333333333,-118.02733333333,3.36,1.05,ml,21,88,0.1485,0.11,ci,ci41423304,2026-03-24T18:54:26.527Z,"13 km S of Olancha, CA",earthquake,0.23,0.47,0.23776100308873,13,reviewed,ci,ci
2026-03-23T21:37:14.590Z,60.061833333333,-153.06133333333,0.79,-1.02,ml,5,247,0.00464,0.12,av,av94106838,2026-03-24T18:58:46.610Z,"65 km ENE of Pedro Bay, Alaska",earthquake,1.1,0.28,0.11950572437435,5,reviewed,av,av
2026-03-23T21:31:50.383Z,53.017,-166.697,1.2,3.6,ml,32,212,0.8,0.9,ak,aka2026fuiqlt,2026-03-25T19:04:21.828Z,"96 km S of Unalaska, Alaska",earthquake,6.2,3.2835,0.1,24,reviewed,ak,ak
2026-03-23T21:28:42.697Z,39.0871,-119.0199,10.8648,1.8,ml,11,108,0.199,0.1911,nn,nn00913164,2026-03-23T21:30:46.433Z,"16 km NE of Yerington, Nevada",earthquake,,1.4393,0.31,6,automatic,nn,nn
2026-03-23T21:22:39.130Z,45.9965,-122.5405,-0.93,1.17,ml,11,192,0.106,0.21,uw,uw62228632,2026-03-24T04:30:40.810Z,"12 km NW of Amboy, Washington",explosion,0.79,31.61,0.096195101860365,8,reviewed,uw,uw
2026-03-23T21:18:40.010Z,37.520666666667,-118.86733333333,7.06,0.89,md,21,128,0.07561,0.09,nc,nc75332007,2026-03-24T07:27:22.365Z,"16 km SE of Mammoth Lakes, CA",earthquake,0.42,0.85,0.148,9,reviewed,nc,nc
2026-03-23T21:18:38.878Z,32.6627,90.3677,10,4,mb,20,107,3.021,0.56,us,us7000s769,2026-03-23T21:59:12.040Z,"206 km NW of Nagqu, China",earthquake,13.72,1.948,0.106,24,reviewed,us,us
2026-03-23T21:17:40.314Z,39.0898,-119.0237,8.2242,1.98,ml,16,144,0.199,0.1166,nn,nn00913162,2026-03-23T21:39:46.187Z,"16 km NE of Yerington, Nevada",earthquake,,3.6747,0.28,9,reviewed,nn,nn
2026-03-23T21:08:42.910Z,19.312665939331,-155.12632751465,42.779998779297,1.76,md,10,204,0.08142,0.140000001,hv,hv74923112,2026-03-23T21:12:23.030Z,"16 km S of Fern Forest, Hawaii",earthquake,2.48,1.35000002,0.14670708901294,11,automatic,hv,hv
2026-03-23T21:07:57.950Z,33.399333333333,-116.43466666667,11.35,1.12,ml,50,34,0.09185,0.18,ci,ci41423272,2026-03-24T13:40:33.787Z,"17 km NNW of Borrego Springs, CA",earthquake,0.16,0.31,0.17006665333431,28,reviewed,ci,ci
2026-03-23T21:07:41.447Z,32.215,-102.004,4.2725,0.4,ml,24,59,0,0.2,tx,tx2026fuhvrp,2026-03-24T11:04:58.025Z,"22 km WNW of Stanton, Texas",earthquake,0.71696700772405,1.500111465367,0.2,13,reviewed,tx,tx
2026-03-23T21:06:15.560Z,33.406166666667,-116.4255,12.01,0.71,ml,32,70,0.1064,0.19,ci,ci41423264,2026-03-24T13:40:25.641Z,"17 km NNW of Borrego Springs, CA",earthquake,0.24,0.62,0.12394423751974,16,reviewed,ci,ci
2026-03-23T21:05:32.210Z,33.396166666667,-116.43533333333,12.97,1.2,ml,53,30,0.08974,0.19,ci,ci41423248,2026-03-24T18:11:40.054Z,"17 km NNW of Borrego Springs, CA",earthquake,0.17,0.47,0.14017619367216,39,reviewed,ci,ci
2026-03-23T21:05:04.220Z,33.400333333333,-116.433,11.9,0.85,ml,42,30,0.0918,0.2,ci,ci41423240,2026-03-24T13:41:03.822Z,"17 km NNW of Borrego Springs, CA",earthquake,0.22,0.6,0.12606755637472,19,reviewed,ci,ci
2026-03-23T21:03:48.070Z,36.906665802002,-121.63333129883,4.5,1.29,md,11,82,0.03329,0.11,nc,nc75331987,2026-03-23T22:07:18.526Z,"2 km NNE of Aromas, CA",earthquake,0.4,0.75,0.2,10,automatic,nc,nc
2026-03-23T21:03:36.530Z,33.400666666667,-116.43316666667,13.71,0.84,ml,33,98,0.09215,0.19,ci,ci41423232,2026-03-24T21:23:26.140Z,"17 km NNW of Borrego Springs, CA",earthquake,0.27,0.56,0.13535407262305,16,reviewed,ci,ci
2026-03-23T20:59:06.720Z,33.404166666667,-116.42333333333,13.54,0.5,ml,17,70,0.1039,0.15,ci,ci41423216,2026-03-24T13:40:48.804Z,"17 km NNW of Borrego Springs, CA",earthquake,0.26,0.76,0.098738125406496,11,reviewed,ci,ci
2026-03-23T20:50:06.775Z,60.659,-151.163,62.8,1.7,ml,16,105,0.1,0.4,ak,aka2026fuhgfh,2026-03-25T19:01:41.268Z,"7 km ESE of Nikiski, Alaska",earthquake,6.8,7.084,0.2,5,reviewed,ak,ak
2026-03-23T20:50:04.166Z,64.939,-148.996,5.2,1.3,ml,17,93,0.3,0.7,ak,aka2026fuhgnd,2026-03-25T19:00:05.110Z,"28 km SE of Minto, Alaska",earthquake,2.9,2.7739,0.3,10,reviewed,ak,ak
2026-03-23T20:42:42.649Z,35.61966667,-98.0315,6.71,1.41,ml,62,60,0.1610683929,0.2,ok,ok2026ftot,2026-03-24T15:57:58.178Z,"8 km ENE of Calumet, Oklahoma",earthquake,,0.4,0.25,23,reviewed,ok,ok
2026-03-23T20:30:56.870Z,35.984832763672,-120.54016876221,2.2599999904633,0.41,md,9,111,0.01392,0.05,nc,nc75331977,2026-03-23T20:47:22.002Z,"14 km NW of Parkfield, CA",earthquake,0.39,0.829999983,0.36,3,automatic,nc,nc
2026-03-23T20:21:58.273Z,59.724,-152.948,98.9,3,ml,176,65,0.1,0.8,ak,aka2026fughwp,2026-03-25T18:58:41.603Z,"63 km W of Anchor Point, Alaska",earthquake,2.3,1.2976,0.2,115,reviewed,ak,ak
2026-03-23T20:21:01.596Z,36.1748,-115.3805,13.8987,1.69,ml,14,124,0.62,0.4234,nn,nn00913159,2026-03-23T20:23:22.123Z,"7 km NW of Summerlin South, Nevada",earthquake,,0.8927,0.21,9,automatic,nn,nn
2026-03-23T20:16:11.720Z,38.803165435791,-122.77916717529,3.420000076294,1.27,md,18,67,0.01209,0.02,nc,nc75331972,2026-03-23T21:42:19.352Z,"3 km NW of The Geysers, CA",earthquake,0.31,0.620000005,0.23,20,automatic,nc,nc
2026-03-23T20:10:30.029Z,31.674,-104.397,6.3049,1.8,ml,19,69,0,0.2,tx,tx2026fufykc,2026-03-23T21:07:47.671Z,"55 km S of Whites City, New Mexico",earthquake,0.84222015547516,0.78979791807512,0.1,15,reviewed,tx,tx
2026-03-23T20:09:59.233Z,61.873,-147.386,31,1.4,ml,18,100,0,1.1,ak,aka2026fufxtb,2026-03-25T18:57:43.280Z,"13 km WSW of Eureka Roadhouse, Alaska",earthquake,3.7,2.4705,0.2,7,reviewed,ak,ak
2026-03-23T20:07:17.890Z,47.6135,-121.852,4.37,0.27,md,3,207,0.1366,0.08,uw,uw62228622,2026-03-23T23:03:52.670Z,"5 km NNE of Fall City, Washington",earthquake,1.08,9.53,0.12230241633495,2,reviewed,uw,uw
2026-03-23T20:03:26.251Z,60.973,-141.129,16.1,1.2,ml,12,136,0.2,0.3,ak,aka2026fufsie,2026-03-25T18:54:54.821Z,"109 km ESE of McCarthy, Alaska",earthquake,6.1,3.5736,0.3,7,reviewed,ak,ak
2026-03-23T20:00:58.290Z,32.824666666667,-117.05066666667,-0.11,0.99,ml,23,88,0.07879,0.24,ci,ci41423168,2026-03-24T21:35:32.327Z,"7 km NNW of La Mesa, CA",quarry blast,0.6,31.61,0.13699540006745,12,reviewed,ci,ci
2026-03-23T19:53:31.620Z,33.5015,-116.69416666667,11.71,2.36,ml,96,13,0.0732,0.19,ci,ci41423144,2026-03-23T20:45:45.376Z,"6 km SSW of Anza, CA",earthquake,0.12,0.31,0.19724422040994,96,reviewed,ci,ci
2026-03-23T19:52:35.470Z,36.462665557861,-121.06216430664,3.1800000667572,2.19,md,33,42,0.008107,0.19,nc,nc75331952,2026-03-23T20:37:19.941Z,"11 km SE of Pinnacles, CA",earthquake,0.35,0.75,0.09,32,automatic,nc,nc
2026-03-23T19:30:13.191Z,61.469,-146.672,32.9,1.5,ml,21,54,0.4,0.6,ak,aka2026fuepsa,2026-03-25T18:51:22.339Z,"41 km NNW of Valdez, Alaska",earthquake,3.4,3.6653,0.3,8,reviewed,ak,ak
2026-03-23T19:28:53.790Z,37.601001739502,-122.4563369751,7.4200000762939,1.79,md,23,83,0.03436,0.06,nc,nc75331947,2026-03-23T20:22:23.850Z,"3 km ESE of Pacifica, CA",earthquake,0.29,0.340000004,0.25,18,automatic,nc,nc
2026-03-23T19:25:17.340Z,32.334,-101.538,4.8096,0.5,ml,11,80,0,0.1,tx,tx2026fuellm,2026-03-24T12:57:09.973Z,"10 km NNW of Big Spring, Texas",earthquake,0.71363565239918,0.81764938606412,0.2,6,reviewed,tx,tx
2026-03-23T19:23:37.620Z,34.064333333333,-117.26433333333,10.25,1.08,ml,49,57,0.04375,0.18,ci,ci41423112,2026-03-23T19:58:57.599Z,"2 km N of Loma Linda, CA",earthquake,0.2,0.41,0.28120159839559,29,reviewed,ci,ci
2026-03-23T19:21:12.350Z,47.611833333333,-121.76233333333,14.31,0.48,md,5,158,0.09518,0.02,uw,uw61505033,2026-03-23T22:56:30.610Z,"10 km NNE of Snoqualmie, Washington",earthquake,1.04,0.89,0.11984632587768,3,reviewed,uw,uw
2026-03-23T19:20:54.720Z,47.607833333333,-121.76933333333,13.57,1.22,ml,5,156,0.1011,0.06,uw,uw62228617,2026-03-23T22:51:24.270Z,"9 km NNE of Snoqualmie, Washington",earthquake,0.88,1.11,0.056652033996929,2,reviewed,uw,uw
2026-03-23T19:16:23.000Z,53.927833333333,-166.725,4.31,-0.55,ml,6,141,0.03951,0.15,av,av94106738,2026-03-24T18:41:45.320Z,"12 km WNW of Dutch Harbor, Alaska",earthquake,0.52,0.93,0.14997364876643,6,reviewed,av,av
2026-03-23T19:13:10.740Z,60.057333333333,-153.0655,1.27,-1.04,ml,5,180,0.0009533,0.09,av,av94106733,2026-03-24T18:39:14.940Z,"65 km ENE of Pedro Bay, Alaska",earthquake,0.96,0.33,0.10859723080962,5,reviewed,av,av
2026-03-23T19:12:10.070Z,38.82500076294,-122.76667022705,1.8799999952316,1.08,md,18,122,0.006021,0.02,nc,nc75331942,2026-03-23T19:57:20.674Z,"4 km W of Cobb, CA",earthquake,0.26,0.479999989,0.07,18,automatic,nc,nc
2026-03-23T19:11:15.212Z,32.184,-101.384,7.4463,1.4,ml,40,57,0.1,0.1,tx,tx2026fudziz,2026-03-23T20:45:14.210Z,"8 km NNW of Forsan, Texas",earthquake,0.33865440788317,0.65195622807778,0.2,37,reviewed,tx,tx
2026-03-23T19:07:39.896Z,54.489,-160.037,4.3,2.4,ml,16,276,1.2,0.7,ak,aka2026fudvpo,2026-03-25T18:49:05.527Z,"98 km SSE of Sand Point, Alaska",earthquake,8.6,5.5686,0.1,12,reviewed,ak,ak
2026-03-23T19:06:54.782Z,31.677,-104.401,6.0999,1.7,ml,31,69,0,0.2,tx,tx2026fudvbn,2026-03-24T10:13:44.292Z,"55 km S of Whites City, New Mexico",earthquake,0.91299078085051,0.70859116616035,0.1,23,reviewed,tx,tx
2026-03-23T19:01:41.662Z,61.52,-140.872,9.8,1.6,ml,17,130,0.3,0.7,ak,aka2026fudrcy,2026-03-25T18:48:28.954Z,"109 km E of McCarthy, Alaska",earthquake,5.1,2.6832,0.1,10,reviewed,ak,ak
2026-03-23T18:59:36.720Z,39.702499389648,-121.55249786377,8.0600004196167,1.77,md,6,110,0.1532,0.11,nc,nc75331937,2026-03-23T19:32:20.508Z,"5 km SW of Concow, CA",earthquake,1.9,11.21,0.14,4,automatic,nc,nc
2026-03-23T18:55:10.460Z,34.978,-118.18433333333,-0.91,1.26,ml,18,53,0.1054,0.22,ci,ci41423104,2026-03-24T16:40:46.199Z,"8 km S of Mojave, CA",quarry blast,0.45,31.61,0.13741327269711,5,reviewed,ci,ci
2026-03-23T18:48:49.900Z,34.8485,-118.78666666667,-1.19,1.18,ml,25,70,0.07222,0.24,ci,ci41423088,2026-03-24T16:36:20.123Z,"7 km E of Lebec, CA",quarry blast,0.41,31.61,0.14071161987611,12,reviewed,ci,ci
2026-03-23T18:45:31.132Z,63.8668,-22.8147,10,4.1,mb,23,134,1.096,0.81,us,us7000s751,2026-03-23T19:28:39.040Z,"18 km W of Grindavík, Iceland",earthquake,11.63,1.96,0.124,18,reviewed,us,us
2026-03-23T18:35:19.680Z,32.978,-116.45933333333,6.65,0.94,ml,36,41,0.04139,0.18,ci,ci41423072,2026-03-24T16:46:21.153Z,"17 km SE of Julian, CA",earthquake,0.2,0.45,0.18315920422932,19,reviewed,ci,ci
2026-03-23T18:33:13.755Z,61.022,-147.78,27,1.8,ml,20,105,0.2,0.7,ak,aka2026fucspe,2026-03-25T18:47:19.134Z,"56 km ENE of Whittier, Alaska",earthquake,4.9,2.0316,0.4,9,reviewed,ak,ak
2026-03-23T18:27:16.346Z,60.8,-150.625,58.1,1.8,ml,14,185,0.4,0.5,ak,aka2026fucnla,2026-03-25T18:45:54.872Z,"14 km SSE of Point Possession, Alaska",earthquake,7.3,6.7374,0.2,7,reviewed,ak,ak
2026-03-23T18:23:34.510Z,52.342,-174.181,4.14,0.26,ml,5,126,0.02017,0.33,av,av94106698,2026-03-24T18:30:45.270Z,"16 km N of Atka, Alaska",earthquake,1.23,1.7,0.51560416922736,5,reviewed,av,av
2026-03-23T18:21:46.300Z,34.107166666667,-117.436,4.73,1.03,ml,38,55,0.007916,0.19,ci,ci41423056,2026-03-24T17:01:23.353Z,"2 km ENE of Fontana, CA",earthquake,0.25,0.42,0.19368423767725,17,reviewed,ci,ci
2026-03-23T18:20:39.454Z,59.964,-140.986,12,1.6,ml,10,224,0.4,0.4,ak,aka2026fuchtl,2026-03-25T18:43:55.017Z,"84 km WNW of Yakutat, Alaska",earthquake,9.1,3.8974,0.2,7,reviewed,ak,ak
2026-03-23T18:19:01.022Z,31.72,-104.516,5.0232,2.8,ml,42,59,0,0.2,tx,tx2026fucgiv,2026-03-26T20:13:13.801Z,"52 km SSW of Whites City, New Mexico",earthquake,0.98306996045712,0.77930851342331,0.1,19,reviewed,tx,tx
2026-03-23T18:16:16.240Z,47.849333333333,-119.79933333333,-1.1,1.76,ml,7,175,0.1701,0.25,uw,uw62228607,2026-03-23T20:54:38.780Z,"12 km WNW of Mansfield, Washington",explosion,1.05,31.61,0.15654589051594,3,reviewed,uw,uw
2026-03-23T18:16:04.170Z,42.142666666667,-120.984,7.47,0.94,ml,9,81,0.243,0.22,uw,uw61505028,2026-03-23T21:44:57.220Z,"35 km E of Bonanza, Oregon",earthquake,0.57,18.27,0.20327118004957,3,reviewed,uw,uw
2026-03-23T18:14:18.050Z,18.006833333333,-66.851333333333,12.23,1.93,md,8,146,0.01686,0.35,pr,pr71510738,2026-03-23T20:46:40.300Z,"2 km ESE of Palomas, Puerto Rico",earthquake,1.22,1.37,0.17073788860869,5,reviewed,pr,pr
2026-03-23T18:13:32.290Z,38.826168060303,-122.8253326416,0.87999999523163,0.75,md,8,79,0.008165,0.01,nc,nc75331922,2026-03-23T18:32:21.162Z,"8 km NW of The Geysers, CA",earthquake,0.33,1.01999998,0.22,6,automatic,nc,nc
2026-03-23T18:06:05.870Z,18.082833333333,-65.0365,13.85,2.39,md,6,218,0.2787,0.08,pr,pr71510733,2026-03-23T18:25:19.310Z,"30 km SSW of Charlotte Amalie, U.S. Virgin Islands",earthquake,0.57,1.45,0.1012584751164,4,reviewed,pr,pr
2026-03-23T18:04:30.150Z,37.770500183105,-121.94733428955,6.4000000953674,1.53,md,16,70,0.02065,0.1,nc,nc75331912,2026-03-23T18:57:19.310Z,"3 km ESE of San Ramon, CA",earthquake,0.32,0.560000002,0.18,14,automatic,nc,nc
2026-03-23T18:03:49.330Z,34.113,-116.96216666667,3.24,0.64,ml,10,119,0.02919,0.27,ci,ci41423024,2026-03-23T19:02:25.003Z,"12 km NE of Yucaipa, CA",earthquake,0.5,0.76,0.073502042480092,3,reviewed,ci,ci
2026-03-23T18:03:22.964Z,60.426,-143.166,13.7,1.5,ml,22,108,0,0.8,ak,aka2026fubswi,2026-03-25T18:42:22.600Z,"113 km S of McCarthy, Alaska",earthquake,4,1.8984,0.2,12,reviewed,ak,ak
2026-03-23T17:59:44.160Z,37.771831512451,-121.9434967041,6.4299998283386,2.02,md,16,65,0.01776,0.07,nc,nc75331907,2026-03-23T18:32:20.162Z,"3 km ESE of San Ramon, CA",earthquake,0.28,0.589999974,0.22,15,automatic,nc,nc
2026-03-23T17:53:12.510Z,17.945833333333,-66.862833333333,15.68,2.17,md,9,210,0.033,0.16,pr,pr71510723,2026-03-23T18:18:28.530Z,"4 km SE of Maria Antonia, Puerto Rico",earthquake,0.55,0.75,0.24308491624795,8,reviewed,pr,pr
2026-03-23T17:51:27.329Z,35.851,-97.20383333,9.11,1.1,ml,28,72,0.04049205408,0.09,ok,ok2026ftjc,2026-03-24T16:17:41.485Z,"4 km ENE of Meridian, Oklahoma",earthquake,,0.4,0.18,13,reviewed,ok,ok
2026-03-23T17:49:44.939Z,34.38016667,-96.84366667,0,1.31,ml,30,112,0.195261683,0.28,ok,ok2026ftja,2026-03-24T16:12:13.566Z,"3 km SSW of Mill Creek, Oklahoma",quarry blast,,0.5,0.24,14,reviewed,ok,ok
2026-03-23T17:49:11.738Z,62.818,-149.053,59.4,1.8,ml,26,49,0.1,0.8,ak,aka2026fubgop,2026-03-25T18:41:13.828Z,"64 km S of Cantwell, Alaska",earthquake,3.6,3.2621,0.2,15,reviewed,ak,ak
2026-03-23T17:36:27.724Z,32.033,-102.042,6.8604,0.4,ml,13,73,0,0.3,tx,tx2026fuavrh,2026-03-24T13:30:45.689Z,"5 km NE of Midland, Texas",earthquake,1.9511200300404,0.59331382191897,0.3,7,reviewed,tx,tx
2026-03-23T17:35:49.470Z,38.835498809815,-122.81566619873,1.7999999523163,1.04,md,13,53,0.01285,0.02,nc,nc75331902,2026-03-23T18:17:23.047Z,"8 km W of Cobb, CA",earthquake,0.33,0.75,0.13,13,automatic,nc,nc
2026-03-23T17:34:20.878Z,59.689,-152.781,88.2,2.2,ml,52,91,0.2,0.5,ak,aka2026fuatwd,2026-03-25T18:40:41.177Z,"54 km W of Anchor Point, Alaska",earthquake,4.2,2.2816,0.3,27,reviewed,ak,ak
2026-03-23T17:32:11.530Z,33.051166666667,-114.99116666667,-0.2,1.53,ml,16,60,0.07949,0.21,ci,ci41423000,2026-03-23T18:20:13.653Z,"45 km NE of Holtville, CA",quarry blast,0.48,31.61,0.14284086508809,8,reviewed,ci,ci
2026-03-23T17:28:57.980Z,46.861166666667,-123.234,-0.38,1.27,ml,8,115,0.02505,0.24,uw,uw62228597,2026-03-23T20:30:17.650Z,"2 km N of Oakville, Washington",explosion,0.66,31.61,0.16836711252104,6,reviewed,uw,uw
2026-03-23T17:27:41.274Z,25.162,95.1849,109.886,4.2,mb,44,78,3.946,0.7,us,us7000s73v,2026-03-23T18:17:09.040Z,"88 km SE of Phek, India",earthquake,3.7,8.125,0.094,31,reviewed,us,us
2026-03-23T17:25:26.508Z,62.991,-150.553,4.8,1.8,ml,17,59,0.5,0.4,ak,aka2026fuamei,2026-03-25T18:40:15.943Z,"56 km N of Petersville, Alaska",earthquake,3.2,2.672,0.3,17,reviewed,ak,ak
2026-03-23T17:25:05.734Z,63.6989,-23.4254,10,4.2,mb,17,111,1.396,0.6,us,us7000s74d,2026-03-23T18:51:03.040Z,"51 km WSW of Grindavík, Iceland",earthquake,8.48,1.951,0.146,13,reviewed,us,us
2026-03-23T17:23:34.579Z,35.90416667,-95.18066667,0,1.85,ml,29,104,0.2915427894,0.42,ok,ok2026ftie,2026-03-24T16:05:53.521Z,"4 km SW of Hulbert, Oklahoma",quarry blast,,0.6,0.26,15,reviewed,ok,ok
2026-03-23T17:22:19.938Z,60.231,-151.963,90.6,1.6,ml,14,101,0.4,0.9,ak,aka2026fuajog,2026-03-25T18:38:55.743Z,"25 km NW of Ninilchik, Alaska",earthquake,6.7,5.9029,0.2,6,reviewed,ak,ak
2026-03-23T17:14:18.663Z,64.852,-147.995,15.2,1.1,ml,15,56,0,0.2,ak,aka2026fuacpa,2026-03-25T18:37:07.714Z,"1 km ENE of Ester, Alaska",earthquake,3.3,1.6367,0.2,6,reviewed,ak,ak
2026-03-23T17:11:25.450Z,18.7605,-67.292,4.38,2.69,md,8,322,0.3381,0.24,pr,pr71510693,2026-03-23T17:42:51.570Z,"36 km NW of San Antonio, Puerto Rico",earthquake,1.59,2.01,0.019188326644967,5,reviewed,pr,pr
2026-03-23T17:08:03.232Z,60.568,-140.011,10.3,1.7,ml,14,87,0.5,0.6,ak,aka2026ftzxem,2026-03-25T18:35:46.077Z,"114 km N of Yakutat, Alaska",earthquake,5.7,3.0499,0.2,10,reviewed,ak,ak
2026-03-23T17:06:16.329Z,35.62516667,-98.031,6.67,1.19,ml,54,48,0.1583689226,0.13,ok,ok2026fthp,2026-03-24T15:46:46.300Z,"8 km ENE of Calumet, Oklahoma",earthquake,,0.3,0.21,24,reviewed,ok,ok
2026-03-23T16:54:55.370Z,34.734833333333,-120.16666666667,1.75,2.21,ml,35,67,0.09331,0.22,ci,ci41422960,2026-03-23T18:18:39.370Z,"9 km NNW of Los Olivos, CA",earthquake,0.25,0.45,0.15121383459025,38,reviewed,ci,ci
2026-03-23T16:52:42.070Z,18.017166666667,-66.837666666667,10.97,2.11,md,7,141,0.05763,0.14,pr,pr71510683,2026-03-23T17:04:39.820Z,"2 km SSE of Yauco, Puerto Rico",earthquake,0.69,0.8,0.087287951254438,5,reviewed,pr,pr
2026-03-23T16:51:33.210Z,61.181666666667,-152.29816666667,3.62,-0.63,ml,6,215,0.02458,0.26,av,av94106628,2026-03-24T07:02:12.530Z,"63 km W of Tyonek, Alaska",earthquake,1.3,1.02,0.18542837685281,6,reviewed,av,av
2026-03-23T16:46:05.049Z,58.028,-154.803,89,2.1,ml,23,113,0.1,0.5,ak,aka2026ftzegw,2026-03-25T18:34:20.027Z,"55 km NNW of Karluk, Alaska",earthquake,5.8,3.5358,0.4,11,reviewed,ak,ak
2026-03-23T16:45:09.770Z,38.835998535156,-122.80300140381,2.1099998950958,0.71,md,11,76,0.01017,0.01,nc,nc75331887,2026-03-23T16:46:47.239Z,"7 km WNW of Cobb, CA",earthquake,0.32,1.09000003,0.28,13,automatic,nc,nc
2026-03-23T16:38:12.320Z,44.608333333333,-110.97133333333,7.46,0.66,ml,15,69,0.0605,0.17,uu,uu80133011,2026-03-23T20:18:36.270Z,"12 km ESE of West Yellowstone, Montana",earthquake,0.41,0.72,0.26769845506992,3,reviewed,uu,uu
2026-03-23T16:35:26.350Z,19.401832580566,-155.23815917969,35.990001678467,1.75,md,23,65,0.0132,0.170000002,hv,hv74922977,2026-03-23T16:39:00.470Z,"4 km S of Volcano, Hawaii",earthquake,0.54,0.860000014,0.16345880818653,11,automatic,hv,hv
2026-03-23T16:20:10.082Z,63.896,-147.709,0.6,2,ml,36,38,0.6,0.7,ak,aka2026ftyhya,2026-03-25T18:32:08.754Z,"61 km E of Healy, Alaska",earthquake,2.2,2.0701,0.1,25,reviewed,ak,ak
2026-03-23T16:20:06.141Z,41.1614,-116.7168,6.5325,2.52,ml,6,262,0.318,0.0623,nn,nn00913157,2026-03-23T18:32:21.040Z,"53 km NE of Valmy, Nevada",earthquake,,4.1816,0.17,2,reviewed,nn,nn
2026-03-23T16:19:22.368Z,41.1576,-116.702,11.0517,2.83,ml,7,252,0.307,0.1155,nn,nn00913154,2026-03-23T17:28:15.040Z,"54 km NE of Valmy, Nevada",earthquake,,2.1045,0.12,3,reviewed,nn,nn
2026-03-23T16:14:26.820Z,34.002333333333,-116.32333333333,8.73,1.17,ml,34,71,0.08673,0.13,ci,ci41422920,2026-03-23T17:47:59.468Z,"15 km S of Joshua Tree, CA",earthquake,0.18,0.49,0.16525372234357,20,reviewed,ci,ci
2026-03-23T16:10:08.640Z,38.499,-112.8985,2.67,0.67,md,13,80,0.001417,0.06,uu,uu80133001,2026-03-23T20:52:34.430Z,"14 km NE of Milford, Utah",earthquake,0.27,0.37,0.64719390672922,7,reviewed,uu,uu
2026-03-23T16:08:32.600Z,19.167833333333,-155.5265,30.6,1.49,ml,11,224,0.06211,0.17,hv,hv74922957,2026-03-24T01:59:17.990Z,"6 km SW of Pāhala, Hawaii",earthquake,1.12,1.19,0.48141029108781,3,reviewed,hv,hv
2026-03-23T16:07:17.463Z,31.639,-104.443,6.6125,2.2,ml,22,73,0,0.1,tx,tx2026ftxwvq,2026-03-23T18:23:57.788Z,"59 km S of Whites City, New Mexico",earthquake,0.84645276861302,0.5097990361938,0.1,15,reviewed,tx,tx
2026-03-23T16:00:40.970Z,39.3802,-108.5314,5,2.8,ml,25,93,0.786,0.59,us,us7000s71c,2026-03-23T18:11:43.200Z,"27 km W of De Beque, Colorado",earthquake,1.71,1.935,0.038,89,reviewed,us,us
2026-03-23T16:00:12.933Z,31.673,-104.397,6.3049,1.6,ml,25,69,0,0.2,tx,tx2026ftxqrx,2026-03-23T18:04:54.357Z,"55 km S of Whites City, New Mexico",earthquake,0.73240864100119,0.63143647802595,0.1,15,reviewed,tx,tx
2026-03-23T15:58:03.100Z,33.389166666667,-116.3885,2.54,0.79,ml,29,56,0.06479,0.22,ci,ci41422888,2026-03-24T19:57:16.242Z,"15 km N of Borrego Springs, CA",earthquake,0.24,0.47,0.11072752467411,11,reviewed,ci,ci
2026-03-23T15:56:51.220Z,38.818668365479,-122.76466369629,1.9500000476837,1.32,md,17,112,0.01248,0.03,nc,nc75331867,2026-03-23T16:57:19.509Z,"4 km W of Cobb, CA",earthquake,0.28,0.400000006,0.18,20,automatic,nc,nc
2026-03-23T15:56:14.680Z,38.819667816162,-122.76583099365,1.960000038147,0.7,md,8,181,0.01125,0.01,nc,nc75331862,2026-03-23T16:32:19.349Z,"4 km W of Cobb, CA",earthquake,0.52,0.99000001,0.25,11,automatic,nc,nc
2026-03-23T15:52:53.162Z,31.669,-104.398,6.0999,1.9,ml,19,69,0,0.2,tx,tx2026ftxkks,2026-03-23T21:15:28.269Z,"56 km S of Whites City, New Mexico",earthquake,0.98729632912775,0.74678034992332,0.2,19,reviewed,tx,tx
2026-03-23T15:50:53.596Z,61.651,-148.013,19.4,2.6,ml,90,20,0.2,1,ak,aka2026ftxirq,2026-03-25T00:18:29.352Z,"25 km SW of Glacier View, Alaska",earthquake,1.6,1.2785,0.2,61,reviewed,ak,ak
2026-03-23T15:50:33.426Z,31.684,-104.394,6.0999,2.9,ml,54,68,0,0.2,tx,tx2026ftxicf,2026-03-26T20:36:18.861Z,"54 km S of Whites City, New Mexico",earthquake,0.88459107804684,0.47947101932727,0.1,29,reviewed,tx,tx
2026-03-23T15:41:22.182Z,54.5063,-160.1363,35,2.5,ml,19,241,1.19,0.75,us,us6000sixm,2026-03-25T00:15:55.854Z,"95 km SSE of Sand Point, Alaska",earthquake,6.02,2.02,0.081,20,reviewed,us,us
2026-03-23T15:41:14.508Z,32.364,-102.054,7.0801,0.5,ml,14,67,0,0.2,tx,tx2026ftxajr,2026-03-24T12:50:18.362Z,"36 km NW of Stanton, Texas",earthquake,1.1749507985945,1.2400935908055,0.2,12,reviewed,tx,tx
2026-03-23T15:36:03.690Z,38.498666666667,-112.89616666667,2.32,1.28,md,10,75,0.002132,0.07,uu,uu80132991,2026-03-23T20:39:54.950Z,"15 km NE of Milford, Utah",earthquake,0.25,0.39,0.30205706625662,4,reviewed,uu,uu
2026-03-23T15:30:00.619Z,58.119,-154.306,76.8,1.8,ml,16,240,0.4,0.5,ak,aka2026ftwqsi,2026-03-25T00:15:22.006Z,"61 km N of Karluk, Alaska",earthquake,18.9,5.4327,0.2,12,automatic,ak,ak
2026-03-23T15:21:49.634Z,61.857,-150.12,29.2,1.8,ml,28,40,0.5,0.7,ak,aka2026ftwjqp,2026-03-25T00:15:00.996Z,"12 km NNW of Willow, Alaska",earthquake,3.1,2.2756,0.3,8,reviewed,ak,ak
2026-03-23T15:17:17.110Z,33.867833333333,-116.16983333333,5.28,1.46,ml,46,49,0.05755,0.15,ci,ci41422864,2026-03-23T15:40:21.337Z,"17 km NNE of Indio, CA",earthquake,0.14,0.51,0.10599405886093,27,reviewed,ci,ci
2026-03-23T15:16:12.120Z,32.947333333333,-116.4125,6.56,0.41,ml,15,94,0.02446,0.15,ci,ci41422856,2026-03-24T17:46:38.504Z,"18 km NE of Pine Valley, CA",earthquake,0.32,0.51,0.20234326796692,9,reviewed,ci,ci
2026-03-23T15:04:02.810Z,36.013668060303,-120.97916412353,-0.27000001072884,1.88,md,7,159,0.1677,0.12,nc,nc75331852,2026-03-23T15:42:17.008Z,"7 km W of San Ardo, CA",earthquake,0.78,9.64999962,1.28,3,automatic,nc,nc
2026-03-23T15:00:45.741Z,60.53,-139.921,7.8,1.6,ml,13,88,0.5,0.7,ak,aka2026ftvrog,2026-03-25T00:12:20.986Z,"110 km N of Yakutat, Alaska",earthquake,4.7,3.39,0.2,7,reviewed,ak,ak
2026-03-23T14:58:42.060Z,33.477666666667,-116.49733333333,13.71,0.44,ml,19,60,0.08927,0.13,ci,ci41422848,2026-03-23T15:40:20.052Z,"18 km ESE of Anza, CA",earthquake,0.22,0.56,0.085059922635761,11,reviewed,ci,ci
2026-03-23T14:57:15.281Z,53.395,-165.197,20.2,2.4,ml,13,278,0.8,0.4,ak,aka2026ftvomw,2026-03-25T00:09:54.638Z,"90 km SSE of Akutan, Alaska",earthquake,9.6,6.8827,0.1,10,reviewed,ak,ak
2026-03-23T14:53:15.976Z,69.468,-143.413,4.8,3.1,ml,64,119,0.2,1.4,ak,aka2026ftvlbs,2026-03-25T00:09:27.714Z,"74 km S of Kaktovik, Alaska",earthquake,6.5,4.6268,0.1,20,reviewed,ak,ak
2026-03-23T14:51:09.812Z,31.693,-104.305,7.1765,1.9,ml,36,73,0,0.2,tx,tx2026ftvjgd,2026-03-23T15:43:17.383Z,"53 km S of Whites City, New Mexico",earthquake,0.61472563588626,0.65315606491893,0.1,24,reviewed,tx,tx
2026-03-23T14:41:36.024Z,59.709,-154.042,5,2,ml,8,323,0.5,1,ak,aka2026ftvbck,2026-03-25T00:04:41.944Z,"9 km SSE of Pedro Bay, Alaska",earthquake,39.6,,0.3,6,automatic,ak,ak
2026-03-23T14:36:32.737Z,31.65,-104.45,6.8689,1.5,ml,20,86,0,0.2,tx,tx2026ftuwqt,2026-03-23T21:32:21.319Z,"58 km S of Whites City, New Mexico",earthquake,0.94374005910847,0.65072445629667,0.1,16,reviewed,tx,tx
2026-03-23T14:34:56.657Z,31.648,-104.433,6.0999,1.7,ml,35,81,0,0.2,tx,tx2026ftuuvz,2026-03-23T15:55:16.664Z,"58 km S of Whites City, New Mexico",earthquake,0.9863949238902,0.54566114559222,0.1,18,reviewed,tx,tx
2026-03-23T14:33:18.170Z,46.3005,-122.39766666667,16.7,0.75,ml,14,114,0.0392,0.08,uw,uw62228557,2026-03-23T19:23:14.470Z,"26 km SSE of Mossyrock, Washington",earthquake,0.49,0.34,0.24736060739311,8,reviewed,uw,uw
2026-03-23T14:14:19.226Z,60.365,-143.414,4,1.5,ml,21,73,0.1,0.8,ak,aka2026ftudmk,2026-03-25T00:04:21.180Z,"122 km SSW of McCarthy, Alaska",earthquake,4.2,3.0632,0.4,8,reviewed,ak,ak
2026-03-23T14:12:47.798Z,54.625,-161.743,47.3,2,ml,10,314,0.5,0.3,ak,aka2026ftucga,2026-03-25T00:03:01.083Z,"61 km SE of King Cove, Alaska",earthquake,20.7,13.9499,0.2,7,reviewed,ak,ak
2026-03-23T14:05:37.125Z,59.476,-152.912,89.5,2.8,ml,132,80,0.2,0.7,ak,aka2026fttvzf,2026-03-25T00:02:04.351Z,"57 km WNW of Nanwalek, Alaska",earthquake,2.7,1.6278,0.3,89,reviewed,ak,ak
2026-03-23T14:03:00.864Z,60.115,-153.188,139.8,1.9,ml,40,96,0.1,0.7,ak,aka2026fttttm,2026-03-25T00:00:59.924Z,"62 km NE of Pedro Bay, Alaska",earthquake,6.3,2.251,0.4,11,reviewed,ak,ak
2026-03-23T14:00:45.995Z,31.649,-104.429,6.0999,1.6,ml,23,79,0,0.2,tx,tx2026fttrun,2026-03-23T19:13:42.990Z,"58 km S of Whites City, New Mexico",earthquake,0.81649491738701,0.56766824176083,0.1,14,reviewed,tx,tx
2026-03-23T13:58:43.410Z,34.062166666667,-117.2625,10.76,1.11,ml,52,24,0.04631,0.16,ci,ci41422824,2026-03-23T18:43:31.939Z,"2 km N of Loma Linda, CA",earthquake,0.16,0.27,0.18972103687344,36,reviewed,ci,ci
2026-03-23T13:51:58.605Z,28.953,-98.443,8.576,1.6,ml,15,69,0,0.2,tx,tx2026fttkgm,2026-03-24T11:54:50.604Z,"3 km ESE of Pleasanton, Texas",earthquake,1.2263428246931,0.76319053219326,0.1,9,reviewed,tx,tx
2026-03-23T13:45:52.994Z,53.684,-166.393,87,2.1,ml,28,196,0.2,0.6,ak,aka2026fttezs,2026-03-24T23:58:29.582Z,"23 km SSE of Unalaska, Alaska",earthquake,36.4,6.3845,0.3,20,reviewed,ak,ak
2026-03-23T13:45:27.186Z,59.849,-153.238,128.7,2.3,ml,46,67,0.1,0.8,ak,aka2026fttepi,2026-03-24T23:57:07.318Z,"49 km E of Pedro Bay, Alaska",earthquake,5.1,2.7556,0.3,25,reviewed,ak,ak
2026-03-23T13:41:19.590Z,33.664166666667,-116.82,11.49,1.44,ml,70,22,0.08954,0.19,ci,ci41422816,2026-03-23T16:25:51.949Z,"12 km SE of Valle Vista, CA",earthquake,0.14,0.4,0.19587915051375,55,reviewed,ci,ci
2026-03-23T13:35:49.522Z,31.621,-102.194,7.6904,1.3,ml,20,78,0.1,0.2,tx,tx2026ftstks,2026-03-24T10:49:18.396Z,"28 km NNE of Crane, Texas",earthquake,1.187469889278,2.1796479092866,0.1,7,reviewed,tx,tx
2026-03-23T13:27:24.417Z,60.418,-139.472,4.2,1.7,ml,13,111,0.5,0.5,ak,aka2026ftspat,2026-03-24T23:55:04.750Z,"98 km N of Yakutat, Alaska",earthquake,5.7,3.9153,0.2,6,reviewed,ak,ak
2026-03-23T13:26:59.170Z,33.234833333333,-116.39533333333,4.64,1.18,ml,58,46,0.03797,0.19,ci,ci41422800,2026-03-23T18:33:39.749Z,"3 km SW of Borrego Springs, CA",earthquake,0.16,0.37,0.16270933936286,41,reviewed,ci,ci
2026-03-23T13:26:19.175Z,60.291,-143.104,3.7,1.3,ml,19,197,0.1,0.7,ak,aka2026ftsocr,2026-03-24T23:53:30.076Z,"127 km S of McCarthy, Alaska",earthquake,6,2.7466,0.2,10,reviewed,ak,ak
2026-03-23T13:25:59.589Z,32.372,-104.4437,7.493,3.7,ml,29,90,0.48,0.4,us,us6000siwe,2026-03-24T13:44:23.812Z,"20 km WSW of Carlsbad, New Mexico",earthquake,1.85,5.569,0.081,20,reviewed,us,us
2026-03-23T13:23:31.369Z,52.4347,-169.8349,16.772,2.4,ml,14,215,0.359,0.55,us,us6000siwc,2026-03-26T14:13:53.040Z,"86 km SW of Nikolski, Alaska",earthquake,3.45,5.097,0.115,10,reviewed,us,us
2026-03-23T13:20:04.960Z,34.097,-117.308,15.66,0.56,ml,27,71,0.1174,0.11,ci,ci41422784,2026-03-24T19:15:11.136Z,"3 km NNE of Colton, CA",earthquake,0.17,0.39,0.17904406004503,15,reviewed,ci,ci
2026-03-23T13:19:28.754Z,60.318,-143.084,3.3,1.7,ml,31,99,0.1,0.9,ak,aka2026ftshtq,2026-03-24T23:51:11.183Z,"124 km S of McCarthy, Alaska",earthquake,3.6,2.1196,0.2,17,reviewed,ak,ak
2026-03-23T13:15:02.770Z,38.832332611084,-122.8176651001,1.4299999475479,0.66,md,9,64,0.01071,0.01,nc,nc75331822,2026-03-23T13:32:23.162Z,"8 km NW of The Geysers, CA",earthquake,0.28,0.75999999,0.35,11,automatic,nc,nc
2026-03-23T13:06:42.380Z,38.79683303833,-122.77349853516,3.0899999141693,0.72,md,11,84,0.01142,0.02,nc,nc75331817,2026-03-23T13:08:18.616Z,"3 km NW of The Geysers, CA",earthquake,0.49,0.839999974,0.06,11,automatic,nc,nc
2026-03-23T13:04:54.500Z,64.711,-147.881,30.3,1.4,ml,10,79,0.1,0.8,ak,aka2026ftrvrq,2026-03-24T23:49:28.677Z,"11 km SSW of South Van Horn, Alaska",earthquake,7.1,4.5809,1,6,automatic,ak,ak
2026-03-23T13:01:26.450Z,38.686668395996,-122.50333404541,5.4899997711182,2.17,md,35,43,0.06814,0.16,nc,nc75331812,2026-03-23T13:52:23.280Z,"12 km SE of Middletown, CA",earthquake,0.24,0.889999986,0.18,36,automatic,nc,nc
2026-03-23T12:57:56.520Z,19.4835,-155.51116666667,2.5,1.36,ml,23,91,0.03543,0.14,hv,hv74922847,2026-03-23T22:43:28.040Z,"29 km W of Volcano, Hawaii",earthquake,0.31,0.97,0.10932156280003,14,reviewed,hv,hv
2026-03-23T12:54:24.890Z,57.029,-156.103,5,2.2,ml,9,243,0.7,1.1,ak,aka2026ftrmso,2026-03-24T23:49:19.923Z,"94 km SE of Ugashik, Alaska",earthquake,25.3,,0.1,6,automatic,ak,ak
2026-03-23T12:53:07.460Z,19.427333831787,-155.25782775879,0.62000000476837,1.73,ml,13,214,0.009304,0.189999998,hv,hv74922832,2026-03-23T12:56:40.550Z,"3 km SW of Volcano, Hawaii",earthquake,0.4,0.230000004,0.32,9,automatic,hv,hv
2026-03-23T12:49:07.646Z,61.041,-151.677,81.3,1.3,ml,10,81,0.2,0.3,ak,aka2026ftrida,2026-03-24T23:48:49.062Z,"29 km W of Tyonek, Alaska",earthquake,9.2,6.4601,0.3,6,reviewed,ak,ak
2026-03-23T12:46:26.289Z,65.666,-151.021,6.4,1.4,ml,14,107,0.3,0.6,ak,aka2026ftrfsu,2026-03-24T23:47:13.832Z,"43 km WNW of Rampart, Alaska",earthquake,4.2,3.4864,0.1,7,reviewed,ak,ak
2026-03-23T12:45:35.532Z,52.4,-169.793,17,2.6,ml,15,217,0.4,0.3,ak,aka2026ftrfar,2026-03-24T23:44:26.058Z,"86 km SW of Nikolski, Alaska",earthquake,12.2,4.5625,0.2,13,reviewed,ak,ak
2026-03-23T12:39:46.121Z,29.4145,130.6161,39.887,4.6,mb,72,124,2.093,0.55,us,us6000sivm,2026-03-23T12:56:25.040Z,"91 km S of Koshima, Japan",earthquake,6.99,7.616,0.066,69,reviewed,us,us
2026-03-23T12:35:06.732Z,31.251,-103.768,7.9456,1.2,ml,14,75,0.1,0.1,tx,tx2026ftqvzl,2026-03-25T01:28:17.390Z,"7 km SSE of Toyah, Texas",earthquake,0.783275758087,1.6780643420783,0.1,15,reviewed,tx,tx
2026-03-23T12:34:38.315Z,61.022,-151.827,83.9,1.5,ml,17,81,0.2,0.4,ak,aka2026ftqvpg,2026-03-24T23:42:53.706Z,"37 km W of Tyonek, Alaska",earthquake,10.1,5.0725,0.3,6,reviewed,ak,ak
2026-03-23T12:34:27.203Z,53.59,-167.506,102.1,2.5,ml,29,167,0.3,0.5,ak,aka2026ftqvbr,2026-03-24T23:41:24.940Z,"71 km WSW of Unalaska, Alaska",earthquake,35.1,2.9403,0.2,22,reviewed,ak,ak
2026-03-23T12:10:41.340Z,38.458999633789,-122.65766906738,6.4800000190735,1.63,md,20,59,0.1264,0.1,nc,nc75331802,2026-03-23T13:12:18.029Z,"4 km ENE of Santa Rosa, CA",earthquake,0.27,1.72000003,0.2,14,automatic,nc,nc
2026-03-23T12:02:11.379Z,59.98,-140.266,2.4,1.9,ml,18,160,0.1,0.8,ak,aka2026ftptql,2026-03-24T23:40:41.138Z,"56 km NNW of Yakutat, Alaska",earthquake,5.2,2.6379,0.2,9,reviewed,ak,ak
2026-03-23T11:51:54.430Z,46.829333333333,-121.86166666667,7.77,1.47,ml,39,34,0.017,0.12,uw,uw62228552,2026-03-23T19:16:37.640Z,"15 km ENE of Ashford, Washington",earthquake,0.16,0.21,0.18897631941096,15,reviewed,uw,uw
2026-03-23T11:49:39.120Z,32.979,-116.457,11.15,1.04,ml,45,40,0.03962,0.19,ci,ci41422768,2026-03-23T13:01:04.761Z,"17 km SE of Julian, CA",earthquake,0.18,0.3,0.19910382092279,25,reviewed,ci,ci
2026-03-23T11:49:14.910Z,35.62266667,-98.033,6.36,2.61,ml,98,40,0,0.13,ok,ok2026fsxd,2026-03-24T04:46:50.350Z,"8 km ENE of Calumet, Oklahoma",earthquake,,0.2,0.22,42,reviewed,ok,ok
2026-03-23T11:47:18.870Z,35.6225,-98.03016667,5.84,1.66,ml,47,93,0.1610683929,0.2,ok,ok2026fsxc,2026-03-24T15:35:35.500Z,"8 km ENE of Calumet, Oklahoma",earthquake,,0.4,0.24,7,reviewed,ok,ok
2026-03-23T11:45:40.132Z,38.4661,-116.5482,3.8431,1.92,ml,16,215,0.469,0.2024,nn,nn00913147,2026-03-23T18:42:49.610Z,"74 km NE of Tonopah, Nevada",earthquake,,3.1947,0.16,9,reviewed,nn,nn
2026-03-23T11:45:17.242Z,60.542,-151.722,5,1.7,ml,6,258,0.5,0.9,ak,aka2026ftpfbi,2026-03-23T11:48:33.777Z,"23 km WSW of Salamatof, Alaska",earthquake,37.3,,0.1,5,automatic,ak,ak
2026-03-23T11:44:04.083Z,61.696,-149.878,43.9,1.7,ml,17,62,0.4,0.6,ak,aka2026ftpdzx,2026-03-24T23:39:12.892Z,"7 km NNW of Houston, Alaska",earthquake,3.9,6.3534,0.2,7,reviewed,ak,ak
2026-03-23T11:43:49.770Z,35.62433333,-98.02616667,6.69,1.09,ml,37,87,0.159268746,0.17,ok,ok2026fswz,2026-03-24T15:25:07.037Z,"8 km ENE of Calumet, Oklahoma",earthquake,,0.4,0.28,17,reviewed,ok,ok
2026-03-23T11:42:25.990Z,36.055500030518,-120.10133361816,9.079999923706,2.37,md,20,169,0.03896,0.15,nc,nc75331782,2026-03-23T12:22:20.716Z,"6 km NNE of Avenal, CA",earthquake,0.61,0.409999996,0.25,14,automatic,nc,nc
2026-03-23T11:33:34.461Z,62.426,-151.131,90.1,2.5,ml,91,29,0.2,0.8,ak,aka2026ftouyv,2026-03-24T23:37:32.128Z,"20 km WSW of Petersville, Alaska",earthquake,2.1,2.341,0.2,56,reviewed,ak,ak
2026-03-23T11:28:04.000Z,38.825668334961,-122.80883026123,2.6600000858307,1.07,md,11,68,0.002469,0.01,nc,nc75331777,2026-03-23T11:47:23.533Z,"7 km NW of The Geysers, CA",earthquake,0.32,0.660000026,0.27,14,automatic,nc,nc
2026-03-23T11:25:02.168Z,2.1907,126.8318,92.104,4.6,mb,57,85,5.005,0.69,us,us6000siv4,2026-03-23T11:45:22.040Z,"140 km WNW of Tobelo, Indonesia",earthquake,9.55,7.372,0.078,49,reviewed,us,us
2026-03-23T11:17:36.184Z,63.135,-150.858,1.4,1.7,ml,17,64,0.6,0.5,ak,aka2026ftohfa,2026-03-24T23:35:26.858Z,"62 km SE of Denali National Park, Alaska",earthquake,3.7,2.7725,0.5,5,reviewed,ak,ak
2026-03-23T11:02:45.650Z,33.058,-115.57616666667,12.8,2.18,ml,51,41,0.05498,0.25,ci,ci41422760,2026-03-23T20:45:26.416Z,"5 km ENE of Westmorland, CA",earthquake,0.22,0.55,0.17172135398441,76,reviewed,ci,ci
2026-03-23T11:01:32.276Z,59.163,-137.91,0.9,2.2,ml,14,176,0.2,0.6,ak,aka2026ftnton,2026-03-24T23:33:03.991Z,"111 km WSW of Covenant Life, Alaska",earthquake,9.8,4.1394,0.3,9,reviewed,ak,ak
2026-03-23T10:57:35.309Z,60.478,-139.614,6.1,1.9,ml,13,102,0.5,0.9,ak,aka2026ftnpyr,2026-03-24T23:31:15.233Z,"103 km N of Yakutat, Alaska",earthquake,4.5,2.9106,0.2,12,reviewed,ak,ak
2026-03-23T10:53:04.780Z,33.662666666667,-116.759,14.13,0.13,ml,16,67,0.06461,0.13,ci,ci41422752,2026-03-23T13:01:18.675Z,"9 km SSW of Idyllwild, CA",earthquake,0.29,0.61,0.27336780982807,5,reviewed,ci,ci
2026-03-23T10:51:06.610Z,32.937166666667,-116.41266666667,4.48,0.54,ml,26,68,0.03459,0.18,ci,ci41422744,2026-03-23T13:01:34.674Z,"17 km NE of Pine Valley, CA",earthquake,0.26,0.4,0.11650600478724,5,reviewed,ci,ci
2026-03-23T10:49:04.200Z,31.677,-104.406,6.0999,2.3,ml,19,69,0,0.2,tx,tx2026ftnikf,2026-03-23T12:24:12.997Z,"55 km S of Whites City, New Mexico",earthquake,1.0308511967376,0.91127748447723,0.2,15,reviewed,tx,tx
2026-03-23T10:44:58.840Z,31.616,-104.093,5.9973,1.5,ml,24,62,0,0.2,tx,tx2026ftnfcl,2026-03-25T00:43:12.224Z,"43 km NW of Toyah, Texas",earthquake,0.43764622388014,0.36269701341547,0.1,14,reviewed,tx,tx
2026-03-23T10:34:08.610Z,37.773834228516,-121.94200134277,8.8800001144409,2.75,md,74,28,0.01544,0.09,nc,nc75331762,2026-03-24T07:57:04.957Z,"3 km ESE of San Ramon, CA",earthquake,0.12,0.300000012,0.07,88,automatic,nc,nc
2026-03-23T10:30:15.670Z,32.938666666667,-116.40966666667,4.71,0.07,ml,20,68,0.03306,0.12,ci,ci41422736,2026-03-24T18:37:50.162Z,"17 km NE of Pine Valley, CA",earthquake,0.21,0.26,0.18373508478174,10,reviewed,ci,ci
2026-03-23T10:28:44.201Z,57.944,-153.662,64,2.1,ml,27,96,0.6,0.6,ak,aka2026ftmrcf,2026-03-24T23:30:40.909Z,"46 km WSW of Aleneva, Alaska",earthquake,4.7,4.9583,0.1,15,reviewed,ak,ak
2026-03-23T10:24:07.430Z,51.953166666667,-177.1995,6.79,0.89,ml,4,300,0.03435,0.05,av,av93057059,2026-03-24T05:55:38.360Z,"39 km WNW of Adak, Alaska",earthquake,0.6,0.7,0.14285475781499,4,reviewed,av,av
2026-03-23T10:17:32.770Z,60.221,-151.261,60.7,1.9,ml,19,55,0.5,0.5,ak,aka2026ftmhlk,2026-03-24T23:29:58.800Z,"7 km E of Clam Gulch, Alaska",earthquake,4.2,5.6986,0.1,7,reviewed,ak,ak
2026-03-23T10:10:54.940Z,33.535166666667,-116.712,6.79,0.48,ml,41,28,0.03681,0.17,ci,ci41422728,2026-03-23T13:01:50.957Z,"4 km WSW of Anza, CA",earthquake,0.15,0.31,0.12681171333009,14,reviewed,ci,ci
2026-03-23T10:10:48.200Z,36.536499023438,-121.08916473389,9.6199998855591,1.15,md,6,119,0.05788,0.09,nc,nc75331757,2026-03-23T11:27:19.335Z,"5 km E of Pinnacles, CA",earthquake,0.97,2.68000007,0.2,6,automatic,nc,nc
2026-03-23T10:08:25.050Z,35.62316667,-98.02866667,12.07,1.03,ml,48,122,0.3320348434,0.16,ok,ok2026fstv,2026-03-24T15:18:03.601Z,"8 km ENE of Calumet, Oklahoma",earthquake,,2.3,0.26,21,reviewed,ok,ok
2026-03-23T09:59:38.778Z,24.2077,125.2661,10.363,4.7,mb,63,81,0.956,1.14,us,us6000siul,2026-03-23T12:58:38.040Z,"64 km S of Miyakojima, Japan",earthquake,7.66,4.762,0.066,70,reviewed,us,us
2026-03-23T09:58:42.924Z,60.252,-151.021,62.3,2.2,ml,50,65,0.5,0.7,ak,aka2026ftlrfq,2026-03-24T23:27:36.084Z,"16 km SE of Kasilof, Alaska",earthquake,2.7,3.6512,0.1,31,reviewed,ak,ak
2026-03-23T09:53:40.821Z,31.765,-104.146,6.1383,1.3,ml,30,63,0,0.1,tx,tx2026ftlmwy,2026-03-25T00:58:39.776Z,"50 km SSE of Whites City, New Mexico",earthquake,0.35461252026062,0.40032686149189,0.1,19,reviewed,tx,tx
2026-03-23T09:49:42.935Z,31.671,-104.41,7.9968,2.1,ml,19,70,0,0.3,tx,tx2026ftljlw,2026-03-23T12:11:57.462Z,"56 km S of Whites City, New Mexico",earthquake,0.88229691624359,1.0124805930984,0.1,15,reviewed,tx,tx
2026-03-23T09:44:20.467Z,61.489,-150.668,56.8,1.8,ml,32,49,0,0.6,ak,aka2026ftlevk,2026-03-24T23:26:53.834Z,"10 km SW of Susitna, Alaska",earthquake,3.6,3.6303,0.2,12,reviewed,ak,ak
2026-03-23T09:38:38.680Z,36.073166666667,-117.9105,5.85,0.85,ml,28,70,0.06321,0.12,ci,ci41422720,2026-03-23T13:01:54.829Z,"5 km NE of Coso Junction, CA",earthquake,0.15,0.34,0.21732537721313,12,reviewed,ci,ci
2026-03-23T09:38:26.220Z,58.0345,-155.27433333333,7.89,0.14,ml,7,219,0.02372,0.13,av,av94106148,2026-03-24T05:16:37.410Z,"71 km NW of Karluk, Alaska",earthquake,0.46,0.59,0.35326608618084,7,reviewed,av,av
2026-03-23T09:31:02.800Z,38.792835235596,-122.75833129883,8.4799995422363,0.93,md,5,208,0.02283,0,nc,nc75331747,2026-03-23T10:22:23.883Z,"2 km N of The Geysers, CA",earthquake,1.39,7.69999981,0.2,7,automatic,nc,nc
2026-03-23T09:29:15.630Z,18.0135,-66.805666666667,18.8,2.12,md,6,168,0.0798,0.12,pr,pr71510678,2026-03-23T09:38:31.400Z,"1 km WSW of Guayanilla, Puerto Rico",earthquake,0.5,1.05,0.10428843817698,4,reviewed,pr,pr
2026-03-23T09:20:28.399Z,35.61983333,-98.03483333,7.3,0.96,ml,36,110,0.1601685695,0.12,ok,ok2026fssg,2026-03-24T15:10:10.757Z,"7 km ENE of Calumet, Oklahoma",earthquake,,0.3,0.23,16,reviewed,ok,ok
2026-03-23T09:17:25.470Z,53.9005,-166.63083333333,7.96,0.02,ml,7,149,0.0369,0.09,av,av94106118,2026-03-24T05:02:35.660Z,"5 km WNW of Dutch Harbor, Alaska",earthquake,0.35,0.61,0.23299267822357,7,reviewed,av,av
2026-03-23T09:12:54.370Z,53.898333333333,-166.63166666667,8.53,0.56,ml,11,93,0.03547,0.13,av,av94106108,2026-03-24T04:53:06.110Z,"5 km W of Dutch Harbor, Alaska",earthquake,0.36,0.41,0.21284936102841,11,reviewed,av,av
2026-03-23T09:09:36.050Z,36.254,-89.440166666667,6.96,1.28,md,12,63,0.02863,0.08,nm,nm60619041,2026-03-23T14:32:31.620Z,"4 km ESE of Ridgely, Tennessee",earthquake,0.41,0.72,0.076563271810344,7,reviewed,nm,nm
2026-03-23T08:55:57.440Z,46.276166666667,-122.21016666667,3.51,0.12,ml,6,175,0.005685,0.02,uw,uw62228542,2026-03-23T19:05:33.580Z,"31 km S of Morton, Washington",earthquake,0.38,0.79,0.12027705667079,4,reviewed,uw,uw
2026-03-23T08:54:39.430Z,19.2045,-155.37833333333,30.48,1.83,ml,43,166,0.03749,0.13,hv,hv74922682,2026-03-23T21:10:16.760Z,"10 km E of Pāhala, Hawaii",earthquake,0.39,0.47,0.29120256771676,28,reviewed,hv,hv
2026-03-23T08:54:30.170Z,33.2205,-116.08083333333,9.94,0.45,ml,33,55,0.09833,0.22,ci,ci41422704,2026-03-24T20:31:15.492Z,"10 km NNE of Ocotillo Wells, CA",earthquake,0.26,0.73,0.1310048346663,11,reviewed,ci,ci
2026-03-23T08:53:36.243Z,60.059,-152.124,80.2,1.5,ml,6,275,0.5,0.1,ak,aka2026ftjncv,2026-03-24T23:22:32.244Z,"25 km WNW of Happy Valley, Alaska",earthquake,94.5,34.3444,0.3,5,automatic,ak,ak
2026-03-23T08:49:21.080Z,19.064833333333,-67.6315,35.51,3.23,md,11,248,0.7721,0.4,pr,pr71510668,2026-03-23T09:11:59.090Z,"84 km NW of San Antonio, Puerto Rico",earthquake,2.86,15.34,0.10222483611805,8,reviewed,pr,pr
2026-03-23T08:44:29.205Z,-15.6056,-172.6663,10,4.9,mb,41,99,2.44,1.11,us,us6000siu5,2026-03-23T09:02:27.040Z,"127 km ENE of Hihifo, Tonga",earthquake,8.37,1.822,0.048,137,reviewed,us,us
2026-03-23T08:40:50.300Z,34.108166666667,-117.4285,6.79,0.47,ml,34,67,0.01208,0.15,ci,ci41422696,2026-03-24T18:49:24.733Z,"3 km ENE of Fontana, CA",earthquake,0.25,0.4,0.042156351686158,22,reviewed,ci,ci
2026-03-23T08:40:27.821Z,60.005,-152.941,121.9,2.2,ml,34,69,0.1,0.4,ak,aka2026ftjbtm,2026-03-24T23:21:48.759Z,"67 km WNW of Anchor Point, Alaska",earthquake,5.7,2.5971,0.4,19,reviewed,ak,ak
2026-03-23T08:36:27.800Z,35.7325,-117.54283333333,4.5,2.34,ml,43,53,0.09421,0.14,ci,ci41422688,2026-03-23T13:47:44.351Z,"13 km WSW of Searles Valley, CA",earthquake,0.12,0.38,0.14785927315249,84,reviewed,ci,ci
2026-03-23T08:25:11.940Z,38.822666168213,-122.79633331299,3.0699999332428,0.8,md,7,102,0.01076,0.01,nc,nc75331732,2026-03-23T08:26:46.224Z,"6 km NW of The Geysers, CA",earthquake,0.87,2.48000002,0.3,9,automatic,nc,nc
2026-03-23T08:23:44.990Z,38.816833496094,-122.79499816894,3.170000076294,0.94,md,12,72,0.008856,0.01,nc,nc75331727,2026-03-23T09:17:24.440Z,"6 km NW of The Geysers, CA",earthquake,0.42,1.32000005,0.24,14,automatic,nc,nc
2026-03-23T08:21:57.490Z,60.429666666667,-152.75333333333,10.96,-1.07,ml,5,200,0.01446,0.05,av,av94106038,2026-03-24T00:51:53.650Z,"73 km NW of Ninilchik, Alaska",earthquake,0.76,0.47,0.1264724772667,5,reviewed,av,av
2026-03-23T07:59:56.795Z,63.127,-150.866,3.3,2,ml,13,116,0.6,0.6,ak,aka2026fthswn,2026-03-24T23:21:09.855Z,"63 km SE of Denali National Park, Alaska",earthquake,5.1,3.1998,0.3,8,reviewed,ak,ak
2026-03-23T07:56:31.166Z,58.277,-154.974,8.8,1.2,ml,19,70,0.1,0.6,ak,aka2026fthpxm,2026-03-23T23:30:16.850Z,"84 km NNW of Karluk, Alaska",earthquake,4.5,4.2973,0.3,12,automatic,ak,ak
2026-03-23T07:56:19.940Z,38.836666107178,-122.80783081055,2.0699999332428,1.03,md,18,81,0.01337,0.02,nc,nc75331712,2026-03-23T08:52:21.280Z,"8 km WNW of Cobb, CA",earthquake,0.25,0.589999974,0.18,18,automatic,nc,nc
2026-03-23T07:42:29.029Z,66.65,-147.408,3,1.8,ml,27,47,0.8,0.8,ak,aka2026fthdvg,2026-03-24T23:19:03.237Z,"32 km N of Beaver, Alaska",earthquake,3.9,2.8243,0.2,17,reviewed,ak,ak
2026-03-23T07:39:03.240Z,58.252,-154.901,5,1.4,ml,18,158,0.1,0.7,ak,aka2026fthawo,2026-03-23T23:48:50.200Z,"80 km NNW of Karluk, Alaska",earthquake,5.2,,0.4,12,automatic,ak,ak
2026-03-23T07:38:33.970Z,33.153333333333,-116.504,7.96,0.51,ml,36,42,0.0938,0.21,ci,ci41422680,2026-03-24T20:55:57.707Z,"12 km NE of Julian, CA",earthquake,0.26,0.83,0.19066302611295,17,reviewed,ci,ci
2026-03-23T07:36:11.789Z,60.613,-150.42,54.4,1.8,ml,22,72,0.1,0.6,ak,aka2026ftgykm,2026-03-24T23:17:11.122Z,"20 km ENE of Sterling, Alaska",earthquake,4.2,4.1916,0.2,9,reviewed,ak,ak
2026-03-23T07:28:54.440Z,33.833333333333,-117.61666666667,10.02,0.34,ml,20,99,0.03846,0.11,ci,ci41422672,2026-03-23T14:19:13.175Z,"6 km SW of Corona, CA",earthquake,0.21,0.39,0.060189301657203,4,reviewed,ci,ci
2026-03-23T07:22:03.265Z,57.535,-156.045,83,2.4,ml,36,148,0.3,0.5,ak,aka2026ftgmdn,2026-03-24T23:16:21.823Z,"81 km E of Ugashik, Alaska",earthquake,9.3,3.5552,0.3,20,reviewed,ak,ak
2026-03-23T07:19:21.740Z,46.875333333333,-121.61383333333,1.97,0.68,ml,24,99,0.0256,0.09,uw,uw62228537,2026-03-23T18:53:34.130Z,"30 km N of Packwood, Washington",earthquake,0.24,0.87,0.16282267491961,7,reviewed,uw,uw
2026-03-23T07:10:44.855Z,61.143,-139.996,4.7,1.9,ml,14,83,0.5,0.6,ak,aka2026ftgcmj,2026-03-24T23:14:37.082Z,"160 km ESE of McCarthy, Alaska",earthquake,5.1,3.0252,0.1,12,reviewed,ak,ak
2026-03-23T07:08:23.057Z,53.5971,-162.8377,10,2.9,ml,33,223,1.242,0.62,us,us6000sitc,2026-03-24T23:14:05.113Z,"144 km SSE of False Pass, Alaska",earthquake,3.84,1.963,0.085,18,reviewed,us,us
2026-03-23T07:08:13.636Z,62.184,-149.405,32.2,2.9,ml,143,18,0.5,0.8,ak,aka2026ftgahc,2026-03-24T23:13:51.197Z,"23 km E of Susitna North, Alaska",earthquake,1.7,3.7251,0.2,97,reviewed,ak,ak
2026-03-23T07:01:39.184Z,58.759,-152.855,70.7,2.2,ml,35,75,0.3,0.6,ak,aka2026ftfuqr,2026-03-24T23:11:38.873Z,"77 km N of Aleneva, Alaska",earthquake,5,3.708,0.2,14,reviewed,ak,ak
2026-03-23T07:00:29.660Z,53.900833333333,-166.63283333333,7.51,-0.35,ml,6,149,0.03603,0.13,av,av94105918,2026-03-23T23:53:19.650Z,"6 km WNW of Dutch Harbor, Alaska",earthquake,0.46,0.83,0.26360481850375,6,reviewed,av,av
2026-03-23T06:59:55.570Z,61.171,-140.019,2.5,2.2,ml,16,86,0.5,0.7,ak,aka2026ftftdu,2026-03-24T23:11:04.953Z,"158 km ESE of McCarthy, Alaska",earthquake,3.7,3.3272,0.1,16,reviewed,ak,ak
2026-03-23T06:56:23.080Z,58.9645,-144.3061,10,2.5,ml,18,235,0.967,0.42,us,us6000sisz,2026-03-24T23:10:15.221Z,"193 km SSE of Cordova, Alaska",earthquake,3.74,1.978,0.066,30,reviewed,us,us
2026-03-23T06:45:10.150Z,30.925,-103.348,3.6389,2.1,ml,24,72,0,0.2,tx,tx2026ftfgfo,2026-03-23T14:37:23.036Z,"38 km E of Balmorhea, Texas",earthquake,0.90902420333658,0.89369287186575,0.2,14,reviewed,tx,tx
2026-03-23T06:43:33.005Z,61.329,-152.243,22.9,0.7,ml,9,190,0.1,0.7,ak,aka2026ftffcc,2026-03-24T23:08:32.476Z,"65 km WNW of Beluga, Alaska",earthquake,25,6.0743,0.3,7,automatic,ak,ak
2026-03-23T06:35:16.843Z,60.584,-139.884,11.6,1.8,ml,14,88,0.5,0.6,ak,aka2026ftexyc,2026-03-24T23:08:09.071Z,"115 km N of Yakutat, Alaska",earthquake,4.6,3.0004,0.2,7,reviewed,ak,ak
2026-03-23T06:26:57.388Z,18.6242,-102.6866,77.938,4.4,mb,132,173,1.714,0.6,us,us6000sisy,2026-03-23T14:50:00.040Z,"16 km SE of Aguililla, Mexico",earthquake,9.12,7.977,0.031,305,reviewed,us,us
2026-03-23T06:26:03.913Z,53.0287,-162.2922,10,3,ml,52,232,1.833,0.71,us,us6000sisr,2026-03-24T18:17:20.188Z,"216 km SSE of False Pass, Alaska",earthquake,7.53,2.007,0.091,16,reviewed,us,us
2026-03-23T06:22:46.061Z,57.569,-156.167,32.2,2,ml,16,287,0.1,0.5,ak,aka2026ftenal,2026-03-24T18:12:10.387Z,"73 km E of Ugashik, Alaska",earthquake,42.1,8.8939,0.2,13,automatic,ak,ak
2026-03-23T06:22:24.190Z,19.475166666667,-155.4335,8.01,1.4,ml,30,108,0.08977,0.11,hv,hv74922587,2026-03-23T20:00:07.830Z,"21 km W of Volcano, Hawaii",earthquake,0.33,0.82,0.19356804282282,16,reviewed,hv,hv
2026-03-23T06:21:28.898Z,53.6174,-162.8764,12.577,2.9,ml,53,221,1.149,0.5,us,us6000sish,2026-03-24T18:12:03.861Z,"142 km SSE of False Pass, Alaska",earthquake,7.41,12.447,0.081,20,reviewed,us,us
2026-03-23T06:19:23.613Z,60.352,-151.175,27.8,1.9,ml,22,89,0.4,0.9,ak,aka2026ftekft,2026-03-24T18:11:31.463Z,"5 km ENE of Kasilof, Alaska",earthquake,3.6,2.9696,0.1,10,reviewed,ak,ak
2026-03-23T06:17:23.840Z,61.292666666667,-152.32683333333,4.77,-0.57,ml,8,157,0.04019,0.27,av,av94105833,2026-03-23T23:07:14.220Z,"68 km WNW of Tyonek, Alaska",earthquake,1.11,1.83,0.13771378023784,8,reviewed,av,av
2026-03-23T06:14:29.884Z,60.518,-139.976,9.1,2.1,ml,14,86,0.4,0.6,ak,aka2026ftegal,2026-03-24T18:10:25.413Z,"109 km N of Yakutat, Alaska",earthquake,5,3.0461,0.2,14,reviewed,ak,ak
2026-03-23T06:08:29.561Z,38.063,-118.9125,8.5563,1.61,ml,9,126,0.372,0.1805,nn,nn00913128,2026-03-23T22:27:12.562Z,"20 km E of Mono City, California",earthquake,,4.4079,0.2,7,reviewed,nn,nn
2026-03-23T06:06:50.360Z,32.806333333333,-116.6455,17.13,1.83,ml,59,32,0.09923,0.2,ci,ci41422664,2026-03-23T13:06:54.230Z,"11 km W of Pine Valley, CA",earthquake,0.17,0.42,0.23874132182976,27,reviewed,ci,ci
2026-03-23T06:06:18.560Z,19.187833786011,-155.48182678223,29.85000038147,1.83,md,33,145,0.03725,0.159999996,hv,hv74922577,2026-03-23T06:10:38.840Z,"1 km SSW of Pāhala, Hawaii",earthquake,0.65,0.810000002,0.16086528504965,12,automatic,hv,hv
2026-03-23T06:02:45.817Z,-15.3637,-172.9452,10,5.8,mww,42,51,2.556,0.62,us,us6000sisb,2026-03-24T06:30:10.135Z,"112 km NE of Hihifo, Tonga",earthquake,8.84,1.866,0.073,18,reviewed,us,us
2026-03-23T06:01:13.850Z,33.504,-116.44333333333,3.76,1.36,ml,82,28,0.1331,0.18,ci,ci41422656,2026-03-23T13:06:37.720Z,"22 km SW of La Quinta, CA",earthquake,0.13,0.45,0.20814247966311,25,reviewed,ci,ci
2026-03-23T05:55:52.911Z,61.888,-149.225,5,2.8,ml,97,22,0.3,1.1,ak,aka2026ftdpyh,2026-03-23T15:45:09.040Z,"16 km N of Fishhook, Alaska",earthquake,1.6,0,0.1,65,reviewed,ak,ak
2026-03-23T05:40:14.630Z,38.822498321533,-122.84466552734,2.3699998855591,0.9,md,10,88,0.007552,0.01,nc,nc75331702,2026-03-23T06:32:20.310Z,"9 km WNW of The Geysers, CA",earthquake,0.4,0.899999976,0.2,10,automatic,nc,nc
2026-03-23T05:38:54.209Z,60.481,-139.658,8.8,1.9,ml,10,152,0.5,0.6,ak,aka2026ftdbld,2026-03-24T18:09:15.102Z,"104 km N of Yakutat, Alaska",earthquake,6,3.4886,0.2,10,reviewed,ak,ak
2026-03-23T05:29:11.580Z,34.40483333,-97.44633333,6.2,2.1,ml,78,41,0.04679081805,0.27,ok,ok2026fskp,2026-03-24T14:54:13.392Z,"7 km SE of Ratliff City, Oklahoma",earthquake,,0.6,0.27,40,reviewed,ok,ok
2026-03-23T05:29:11.440Z,38.490166666667,-112.89783333333,2.5,1.26,md,16,80,0.007282,0.08,uu,uu80132986,2026-03-23T20:37:42.280Z,"14 km NE of Milford, Utah",earthquake,0.23,0.35,0.56525722593199,9,reviewed,uu,uu
2026-03-23T05:28:58.753Z,-36.0593,-72.2546,63.651,4.1,mb,29,138,0.741,0.42,us,us6000siry,2026-03-23T15:27:42.040Z,"11 km SSE of Cauquenes, Chile",earthquake,4.58,10.37,0.157,11,reviewed,us,us
2026-03-23T05:24:53.750Z,35.10783333,-97.68233333,7.04,0.95,ml,41,149,0.06478728652,0.19,ok,ok2026fskm,2026-03-24T14:42:32.700Z,"3 km SSW of Blanchard, Oklahoma",earthquake,,0.3,0.2,20,reviewed,ok,ok
2026-03-23T05:23:07.976Z,61.72,-149.788,24.9,1.7,ml,39,46,0.3,0.7,ak,aka2026ftcntb,2026-03-24T18:08:34.746Z,"10 km N of Houston, Alaska",earthquake,2.3,2.1166,0.1,9,reviewed,ak,ak
2026-03-23T05:13:31.274Z,61.948,-147.463,27,1.9,ml,34,40,0.1,1,ak,aka2026ftcflm,2026-03-24T18:07:38.591Z,"15 km W of Eureka Roadhouse, Alaska",earthquake,2.8,1.9227,0.3,19,reviewed,ak,ak
2026-03-23T05:12:24.025Z,32.2,-101.425,8.667,1.4,ml,17,75,0,0.1,tx,tx2026ftcemr,2026-03-23T13:04:40.344Z,"7 km SE of Big Spring, Texas",earthquake,0.42820759037273,1.2730232723854,0.1,13,reviewed,tx,tx
2026-03-23T05:08:55.931Z,60.187,-152.774,102,2.1,ml,57,77,0.2,0.7,ak,aka2026ftcbna,2026-03-23T23:19:19.725Z,"63 km WNW of Ninilchik, Alaska",earthquake,4.5,2.2073,0.4,32,reviewed,ak,ak
2026-03-23T05:04:59.150Z,19.7653,-67.9255,51,3.67,md,21,314,1.3318,0.55,pr,pr2026082000,2026-03-23T11:14:15.040Z,"140 km NNE of Punta Cana, Dominican Republic",earthquake,4.9,25.08,0.05,10,reviewed,pr,pr
2026-03-23T04:57:30.270Z,38.819831848145,-122.84233093262,2.170000076294,0.58,md,11,88,0.006579,0.01,nc,nc75331687,2026-03-23T05:22:21.804Z,"9 km WNW of The Geysers, CA",earthquake,0.35,0.660000026,0.18,10,automatic,nc,nc
2026-03-23T04:56:25.819Z,53.582,-165.244,27.2,2.3,ml,17,262,0.6,0.2,ak,aka2026ftbqtr,2026-03-23T17:42:11.985Z,"70 km SSE of Akutan, Alaska",earthquake,9.9,4.3152,0.1,10,reviewed,ak,ak
2026-03-23T04:53:37.590Z,34.030166666667,-117.23366666667,16.58,1.01,ml,59,28,0.08543,0.16,ci,ci41422648,2026-03-23T18:52:05.706Z,"3 km SE of Loma Linda, CA",earthquake,0.18,0.32,0.21929029787689,34,reviewed,ci,ci
2026-03-23T04:50:04.320Z,38.807998657227,-122.81983184815,3.039999961853,0.84,md,12,64,0.007354,0.04,nc,nc75331682,2026-03-23T05:12:23.729Z,"6 km WNW of The Geysers, CA",earthquake,0.34,0.74000001,0.2,16,automatic,nc,nc
2026-03-23T04:44:14.276Z,-36.9598,-72.7797,29.655,4.3,mb,34,112,1.623,0.82,us,us6000sirm,2026-03-23T19:26:58.316Z,"22 km E of Chiguayante, Chile",earthquake,6.01,6.658,0.122,19,reviewed,us,us
2026-03-23T04:30:20.940Z,38.793334960938,-122.77066802978,3.5099999904633,1.4,md,26,76,0.01124,0.05,nc,nc75331677,2026-03-23T05:42:21.949Z,"2 km NW of The Geysers, CA",earthquake,0.27,0.569999993,0.12,29,automatic,nc,nc
2026-03-23T04:27:59.390Z,17.985166666667,-66.999,9.03,1.91,md,10,157,0.0458,0.25,pr,pr71510628,2026-03-23T04:39:55.990Z,"5 km ENE of La Parguera, Puerto Rico",earthquake,0.7,1.57,0.068050344972766,4,reviewed,pr,pr
2026-03-23T04:26:28.250Z,38.842998504639,-122.82599639893,1.75,0.63,md,7,91,0.008621,0.02,nc,nc75331672,2026-03-23T05:17:22.767Z,"9 km WNW of Cobb, CA",earthquake,0.51,0.970000029,0.37,10,automatic,nc,nc
2026-03-23T04:23:00.275Z,-23.3948,-175.4908,10,4.9,mb,45,130,6.737,0.84,us,us6000sirk,2026-03-23T04:53:05.040Z,"233 km SSW of ‘Ohonua, Tonga",earthquake,13.27,1.845,0.099,32,reviewed,us,us
2026-03-23T04:20:11.230Z,38.73783493042,-122.73783111572,-0.72000002861023,0.8,md,7,166,0.01576,0.2,nc,nc75331667,2026-03-23T04:52:19.595Z,"5 km SSE of The Geysers, CA",earthquake,0.76,2.99000001,0.37,6,automatic,nc,nc
2026-03-23T04:13:14.370Z,59.866666666667,-153.21416666667,17.52,0.38,ml,5,333,0.1161,0.07,av,av94105723,2026-03-23T23:04:13.960Z,"50 km E of Pedro Bay, Alaska",earthquake,1.62,0.82,0.19458696693481,5,reviewed,av,av
2026-03-23T04:00:49.720Z,45.3775,-121.7085,3.64,0.05,ml,4,112,0.01904,0.07,uw,uw62228527,2026-03-23T18:12:41.190Z,"8 km NNE of Government Camp, Oregon",earthquake,0.56,0.79,0.14995271310208,3,reviewed,uw,uw
2026-03-23T03:58:22.320Z,58.370333333333,-154.6675,5.25,0.67,ml,9,179,0.07163,0.16,av,av94105708,2026-03-23T22:55:43.450Z,"90 km N of Karluk, Alaska",earthquake,0.57,1.17,0.33853597468791,9,reviewed,av,av
2026-03-23T03:57:23.513Z,58.371,-154.577,5.5,1.4,ml,11,197,0.1,0.4,ak,aka2026fszrwn,2026-03-23T17:40:59.432Z,"89 km N of Karluk, Alaska",earthquake,7.6,6.6389,0.4,8,automatic,ak,ak
2026-03-23T03:54:33.720Z,35.306666666667,-117.45366666667,2.42,1.77,ml,41,55,0.1498,0.15,ci,ci41422632,2026-03-23T14:11:24.581Z,"18 km ESE of Johannesburg, CA",earthquake,0.16,0.64,0.15198694455208,43,reviewed,ci,ci
2026-03-23T03:54:32.848Z,56.066,-156.39,4.4,2.4,ml,20,254,1.2,0.6,ak,aka2026fszpkm,2026-03-23T17:40:34.353Z,"127 km ESE of Chignik, Alaska",earthquake,7.2,3.1943,0.1,11,reviewed,ak,ak
2026-03-23T03:54:00.224Z,60.503,-139.824,9.8,1.9,ml,12,84,0.5,0.5,ak,aka2026fszoyl,2026-03-23T17:38:40.289Z,"106 km N of Yakutat, Alaska",earthquake,5.1,3.4615,0.2,9,reviewed,ak,ak
2026-03-23T03:52:13.405Z,52.986,-167.069,24.9,2.4,ml,21,224,0.7,0.3,ak,aka2026fsznla,2026-03-23T17:37:09.421Z,"105 km SSW of Unalaska, Alaska",earthquake,9.1,4.9995,0.2,13,reviewed,ak,ak
2026-03-23T03:51:16.260Z,19.193,-155.3215,41.99,1.72,md,24,203,0.08437,0.13,hv,hv74922487,2026-03-24T20:13:12.560Z,"16 km E of Pāhala, Hawaii",earthquake,0.77,0.59,0.11896623311044,5,reviewed,hv,hv
2026-03-23T03:48:01.152Z,-19.333,168.2214,10,4.5,mb,22,78,3.284,0.74,us,us6000sire,2026-03-23T04:16:27.040Z,"113 km WNW of Isangel, Vanuatu",earthquake,8.41,1.762,0.128,18,reviewed,us,us
2026-03-23T03:33:57.794Z,62.109,-151.08,68.4,1.9,ml,37,89,0.2,0.7,ak,aka2026fsyxqz,2026-03-23T17:35:22.433Z,"21 km NE of Skwentna, Alaska",earthquake,3.7,3.4095,0.2,18,reviewed,ak,ak
2026-03-23T03:22:26.306Z,59.984,-153.55,159.3,2.4,ml,98,54,0.2,0.7,ak,aka2026fsynrv,2026-03-23T17:33:04.718Z,"38 km NE of Pedro Bay, Alaska",earthquake,4.3,1.5195,0.3,41,reviewed,ak,ak
2026-03-23T03:21:20.770Z,53.923833333333,-166.725,3.93,-0.48,ml,6,133,0.03837,0.09,av,av93057044,2026-03-23T23:17:14.860Z,"12 km WNW of Dutch Harbor, Alaska",earthquake,0.39,0.68,0.14408683115265,6,reviewed,av,av
2026-03-23T03:20:22.090Z,53.921166666667,-166.71733333333,4.02,0.94,ml,10,98,0.0423,0.12,av,av94105643,2026-03-23T22:46:13.670Z,"12 km WNW of Dutch Harbor, Alaska",earthquake,0.3,0.53,0.26800671862785,10,reviewed,av,av
2026-03-23T03:19:19.417Z,59.971,-153.339,142.2,2.1,ml,41,72,0.1,0.6,ak,aka2026fsylbj,2026-03-23T17:30:20.824Z,"47 km ENE of Pedro Bay, Alaska",earthquake,6.2,2.7875,0.3,17,reviewed,ak,ak
2026-03-23T03:19:05.362Z,36.7193,-116.0676,5.9387,2.21,ml,53,57,0.033,0.1353,nn,nn00913112,2026-03-23T18:26:55.126Z,"39 km WNW of Indian Springs, Nevada",earthquake,,0.4717,0.33,21,reviewed,nn,nn
2026-03-23T03:12:10.970Z,39.702166666667,-110.829,1.83,1.75,ml,12,105,0.1122,0.24,uu,uu80132976,2026-03-23T20:31:37.310Z,"2 km NW of Kenilworth, Utah",earthquake,0.7,15.44,0.11235024395091,4,reviewed,uu,uu
2026-03-23T03:10:57.127Z,60.573,-140.021,9.3,1.7,ml,13,84,0.5,0.6,ak,aka2026fsydwk,2026-03-23T17:27:19.059Z,"115 km N of Yakutat, Alaska",earthquake,5.1,3.4862,0.2,5,reviewed,ak,ak
2026-03-23T03:08:07.318Z,61.344,-151.85,91.7,1.9,ml,54,96,0.1,0.6,ak,aka2026fsybkf,2026-03-23T17:26:32.769Z,"46 km WNW of Beluga, Alaska",earthquake,3.5,2.3762,0.4,24,reviewed,ak,ak
2026-03-23T03:04:02.360Z,39.041667938232,-121.6695022583,15.949999809265,2.65,md,11,94,,0.16,nc,nc75331662,2026-03-24T00:26:23.229Z,"9 km SSW of South Yuba City, CA",earthquake,0.81,2.41000009,0.12,11,automatic,nc,nc
2026-03-23T02:54:26.120Z,38.793334960938,-122.75267028809,0.41999998688698,1.08,md,14,87,0.009125,0.03,nc,nc75331652,2026-03-23T03:32:23.122Z,"2 km N of The Geysers, CA",earthquake,0.22,0.50999999,0.22,14,automatic,nc,nc
2026-03-23T02:53:58.660Z,19.069833333333,-65.0695,56.3,3.29,md,14,245,0.7216,0.44,pr,pr71510623,2026-03-23T03:14:36.150Z,"81 km N of Charlotte Amalie, U.S. Virgin Islands",earthquake,2.69,6.13,0.070915478360023,7,reviewed,pr,pr
2026-03-23T02:50:20.920Z,18.032833333333,-66.809,17.06,1.91,md,7,144,0.08816,0.08,pr,pr71510618,2026-03-23T03:09:58.810Z,"2 km NW of Guayanilla, Puerto Rico",earthquake,0.37,0.93,0.21226339428662,6,reviewed,pr,pr
2026-03-23T02:50:13.990Z,19.282167434692,-155.41050720215,29.829999923706,1.72,md,25,96,0.0461,0.119999997,hv,hv74922472,2026-03-23T02:53:48.930Z,"11 km NE of Pāhala, Hawaii",earthquake,0.53,0.660000026,0.15870669266284,13,automatic,hv,hv
2026-03-23T02:50:00.240Z,52.779666666667,-169.86383333333,6.01,1.13,ml,5,205,0.04137,0.14,av,av94105628,2026-03-23T22:39:12.110Z,"69 km WSW of Nikolski, Alaska",earthquake,0.95,1.05,0.1124581509684,5,reviewed,av,av
2026-03-23T02:49:58.810Z,34.1865,-117.07483333333,2.07,0.77,ml,29,69,0.04367,0.16,ci,ci41422600,2026-03-24T19:47:50.987Z,"4 km SE of Running Springs, CA",earthquake,0.18,0.22,0.19012335791963,15,reviewed,ci,ci
2026-03-23T02:48:29.752Z,59.885,-152.594,83.2,1.5,ml,18,77,0.2,0.2,ak,aka2026fsxkmo,2026-03-23T17:19:26.215Z,"44 km WNW of Anchor Point, Alaska",earthquake,6.4,3.9344,0.3,5,reviewed,ak,ak
2026-03-23T02:41:30.864Z,31.621,-104.094,6.1896,1.9,ml,42,54,0,0.2,tx,tx2026fsxemh,2026-03-23T10:52:21.829Z,"44 km NW of Toyah, Texas",earthquake,0.50451345938529,0.41296681773656,0.1,21,reviewed,tx,tx
2026-03-23T02:39:48.895Z,32.857,-100.957,5.6885,1.3,ml,8,83,0,0.1,tx,tx2026fsxczt,2026-03-23T13:30:02.330Z,"15 km NNW of Snyder, Texas",earthquake,1.1751481493524,1.2244560884456,0.1,6,reviewed,tx,tx
2026-03-23T02:34:40.070Z,60.035166666667,-153.01833333333,3.06,-0.51,ml,5,226,0.01893,0.25,av,av94105618,2026-03-23T22:31:42.440Z,"66 km ENE of Pedro Bay, Alaska",earthquake,1.91,1.26,0.20380058972938,5,reviewed,av,av
2026-03-23T02:32:10.160Z,31.622,-104.095,6.1383,2,ml,41,54,0,0.2,tx,tx2026fswwkx,2026-03-23T08:31:09.354Z,"44 km NW of Toyah, Texas",earthquake,0.43900435646757,0.35241527886429,0.2,23,reviewed,tx,tx
2026-03-23T02:10:30.811Z,11.4596,-86.3803,74.127,4,mb,24,159,1.19,0.69,us,us6000sipu,2026-03-23T02:39:20.040Z,"35 km S of El Rosario, Nicaragua",earthquake,8.21,13.209,0.144,13,reviewed,us,us
2026-03-23T02:09:16.610Z,38.797668457031,-122.81600189209,3.2599999904633,0.77,md,11,160,0.01375,0.02,nc,nc75331647,2026-03-23T02:42:20.795Z,"6 km WNW of The Geysers, CA",earthquake,0.41,0.670000017,0.15,12,automatic,nc,nc
2026-03-23T02:04:53.854Z,51.9208,176.1054,10,4.3,mb,73,200,1.472,0.97,us,us6000sipr,2026-03-23T17:18:18.431Z,"223 km ESE of Attu Station, Alaska",earthquake,6.73,1.967,0.078,46,reviewed,us,us
2026-03-23T02:03:37.931Z,62.591,-152.771,1.6,2,ml,18,85,0.4,0.6,ak,aka2026fsvxwm,2026-03-23T17:12:20.499Z,"94 km ESE of Nikolai, Alaska",earthquake,3.4,3.8789,0.1,14,reviewed,ak,ak
2026-03-23T02:00:46.978Z,60.421,-139.5,1.4,2.4,ml,27,53,0.5,0.8,ak,aka2026fsvvjn,2026-03-23T17:10:42.895Z,"98 km N of Yakutat, Alaska",earthquake,3.6,2.9748,0.1,19,reviewed,ak,ak
2026-03-23T01:56:16.060Z,60.0375,-153.08333333333,0.75,-0.5,ml,5,99,0.02224,0.1,av,av94105573,2026-03-23T20:02:32.840Z,"63 km ENE of Pedro Bay, Alaska",earthquake,0.32,1.13,0.27919980961901,5,reviewed,av,av
2026-03-23T01:56:01.530Z,38.4985,-112.90066666667,1.66,0.56,md,11,87,0.002856,0.06,uu,uu80132971,2026-03-23T20:28:24.070Z,"14 km NE of Milford, Utah",earthquake,0.33,0.4,0.19398991082968,3,reviewed,uu,uu
2026-03-23T01:41:37.424Z,23.8773,-45.8698,10,5.1,mww,63,124,16.108,1.11,us,us6000sipj,2026-03-23T02:07:44.040Z,"northern Mid-Atlantic Ridge",earthquake,12.47,1.894,0.066,22,reviewed,us,us
2026-03-23T01:29:33.525Z,-48.7998,124.5947,10,5.2,mww,42,76,16.789,0.32,us,us6000sipe,2026-03-23T01:46:20.040Z,"western Indian-Antarctic Ridge",earthquake,11.63,1.9,0.086,13,reviewed,us,us
2026-03-23T01:26:11.082Z,53.2017,-166.7442,35,3.3,ml,22,209,0.598,0.73,us,us6000sipd,2026-03-23T17:09:51.502Z,"76 km S of Unalaska, Alaska",earthquake,2.53,1.963,0.091,16,reviewed,us,us
2026-03-23T01:17:42.053Z,60.4614,-139.4959,5,3.2,ml,36,49,0.526,1.09,us,us6000sip7,2026-03-23T17:08:05.065Z,"102 km N of Yakutat, Alaska",earthquake,2.38,1.986,0.037,94,reviewed,us,us
2026-03-23T01:09:22.513Z,60.281,-151.31,11.8,2,ml,30,57,0.5,0.6,ak,aka2026fsudbw,2026-03-23T17:05:00.442Z,"6 km SSW of Kasilof, Alaska",earthquake,2.6,2.3913,0.1,17,reviewed,ak,ak
2026-03-23T01:07:39.655Z,60.5286,-140.0065,5,2.7,ml,33,62,0.451,1.08,us,us6000sip2,2026-03-23T17:03:06.071Z,"110 km N of Yakutat, Alaska",earthquake,3.08,1.98,0.049,54,reviewed,us,us
2026-03-23T01:07:02.870Z,38.059666666667,-118.92833333333,10.25,1.73,md,38,68,0.2765,0.11,nc,nc75331642,2026-03-23T21:58:43.121Z,"18 km SSE of Bodie, CA",earthquake,0.33,2.27,0.27,19,reviewed,nc,nc
2026-03-23T01:00:35.634Z,60.548,-141.255,10.1,1.8,ml,23,123,0.3,0.9,ak,aka2026fstvmw,2026-03-23T17:02:06.370Z,"133 km SE of McCarthy, Alaska",earthquake,3.6,2.0815,0.2,12,reviewed,ak,ak
2026-03-23T00:56:32.046Z,60.547,-141.187,1.3,2.4,ml,52,92,0.3,0.9,ak,aka2026fstrzy,2026-03-23T17:00:33.720Z,"136 km SE of McCarthy, Alaska",earthquake,2.5,1.7691,0.1,24,reviewed,ak,ak
2026-03-23T00:55:10.977Z,61.941,-147.836,40.7,1.8,ml,24,71,0.2,0.9,ak,aka2026fstqvl,2026-03-23T16:57:27.897Z,"17 km NNW of Glacier View, Alaska",earthquake,3.3,3.3198,0.3,11,reviewed,ak,ak
2026-03-23T00:45:23.710Z,38.825832366943,-122.79533386231,2.1400001049042,1.43,md,24,35,0.01177,0.02,nc,nc75331632,2026-03-23T01:22:20.237Z,"6 km W of Cobb, CA",earthquake,0.2,0.379999995,0.14,25,automatic,nc,nc
2026-03-23T00:39:58.520Z,38.499,-112.9005,1.73,1.07,md,12,87,0.002454,0.07,uu,uu80132966,2026-03-23T20:26:21.680Z,"14 km NE of Milford, Utah",earthquake,0.26,0.34,0.50986100132312,7,reviewed,uu,uu
2026-03-23T00:37:42.901Z,-22.7369,-69.5888,91.572,4.2,mb,19,115,0.035,0.7,us,us6000sini,2026-03-23T01:18:36.040Z,"44 km S of María Elena, Chile",earthquake,5.48,3.357,0.186,8,reviewed,us,us
2026-03-23T00:36:55.780Z,34.1025,-117.48116666667,2.99,0.68,ml,18,119,0.03531,0.13,ci,ci41422568,2026-03-24T16:38:02.099Z,"2 km WNW of Fontana, CA",earthquake,0.29,0.2,0.12777728030801,11,reviewed,ci,ci
2026-03-23T00:36:41.950Z,38.489833333333,-112.89733333333,2.41,1.28,md,16,79,0.00677,0.08,uu,uu80132961,2026-03-23T20:23:55.720Z,"14 km NE of Milford, Utah",earthquake,0.23,0.34,0.39167795769705,9,reviewed,uu,uu
2026-03-23T00:35:22.160Z,58.9115,-153.7355,-3.12,0.29,ml,7,180,0.05021,0.18,av,av94105503,2026-03-23T19:15:30.480Z,"83 km SE of Kokhanok, Alaska",earthquake,2.81,1.65,0.24479064153249,5,reviewed,av,av
2026-03-23T00:27:02.470Z,38.83716583252,-122.78233337402,1.6399999856949,0.33,md,7,101,0.006378,0.01,nc,nc75331627,2026-03-23T00:52:22.038Z,"5 km WNW of Cobb, CA",earthquake,0.49,0.569999993,0.24,9,automatic,nc,nc
2026-03-23T00:15:25.360Z,61.143,-152.365,127.3,1.9,ml,21,118,0.1,0.7,ak,aka2026fssims,2026-03-23T16:54:45.640Z,"66 km W of Tyonek, Alaska",earthquake,7.9,4.6334,0.4,10,reviewed,ak,ak
2026-03-23T00:13:05.157Z,63.265,-150.471,0.9,1.9,ml,25,44,0.7,0.7,ak,aka2026fssgos,2026-03-23T16:51:45.822Z,"69 km ESE of Denali National Park, Alaska",earthquake,2.7,2.2977,0.2,15,reviewed,ak,ak
2026-03-23T00:12:03.650Z,60.041166666667,-153.10116666667,0.01,-0.88,ml,4,114,0.02488,0.08,av,av94105478,2026-03-23T21:50:38.300Z,"62 km ENE of Pedro Bay, Alaska",earthquake,0.32,1.53,0.20645112054314,4,reviewed,av,av
2026-03-23T00:09:06.800Z,38.840000152588,-122.82382965088,2.0599999427795,1.1,md,18,71,0.009212,0.03,nc,nc75331622,2026-03-23T00:57:21.070Z,"9 km WNW of Cobb, CA",earthquake,0.28,0.439999998,0.14,19,automatic,nc,nc
2026-03-23T00:08:46.188Z,63.082,-150.497,120.4,3,ml,137,25,0.6,0.9,ak,aka2026fsscwc,2026-03-23T16:50:15.645Z,"66 km NNE of Petersville, Alaska",earthquake,1.9,1.9841,0.3,90,reviewed,ak,ak
2026-03-23T00:08:28.180Z,61.281666666667,-152.32033333333,3.6,-0.26,ml,8,150,0.03378,0.22,av,av93057034,2026-03-23T17:43:44.000Z,"67 km WNW of Tyonek, Alaska",earthquake,0.78,0.68,0.19853769760992,8,reviewed,av,av
2026-03-23T00:06:54.019Z,32.065,-101.468,9.0576,1.1,ml,13,67,0.1,0.1,tx,tx2026fssbfk,2026-03-23T13:19:33.266Z,"10 km WSW of Forsan, Texas",earthquake,0.61973854220605,0.95540548032438,0.1,7,reviewed,tx,tx
2026-03-23T00:06:44.121Z,63.195,-150.764,132.6,1.8,ml,22,72,0.6,0.4,ak,aka2026fssbcm,2026-03-23T16:48:14.456Z,"61 km SE of Denali National Park, Alaska",earthquake,4.9,3.7013,0.2,8,reviewed,ak,ak
2026-03-23T00:06:01.810Z,38.83483505249,-122.79733276367,1.8400000333786,0.2,md,5,102,0.006521,0.01,nc,nc75331617,2026-03-23T00:27:18.877Z,"7 km WNW of Cobb, CA",earthquake,0.63,1.55999994,0.08,8,automatic,nc,nc
2026-03-23T00:05:35.720Z,59.985333333333,-153.07166666667,1.8,-0.4,ml,5,138,0.02844,0.05,av,av94105463,2026-03-23T21:42:07.770Z,"61 km ENE of Pedro Bay, Alaska",earthquake,0.4,1.98,0.24421410028632,5,reviewed,av,av
2026-03-23T00:02:45.040Z,41.584666666667,-112.41716666667,4.86,0.71,md,16,91,0.09074,0.15,uu,uu80006523,2026-03-23T15:22:42.240Z,"15 km SW of Thatcher, Utah",earthquake,0.38,1.75,0.12009913927455,11,reviewed,uu,uu
2026-03-23T00:02:18.720Z,38.786167144775,-122.7628326416,0.99000000953674,0.44,md,6,124,0.01464,0.01,nc,nc75331612,2026-03-23T00:17:24.804Z,"1 km NNW of The Geysers, CA",earthquake,0.43,0.800000012,0.22,7,automatic,nc,nc
2026-03-22T23:56:27.280Z,57.924333333333,-155.41216666667,15.53,-0.03,ml,6,279,0.1406,0.1,av,av94105453,2026-03-25T17:31:07.410Z,"69 km NW of Karluk, Alaska",earthquake,0.76,1.01,0.22069083334564,6,reviewed,av,av
2026-03-22T23:50:52.360Z,36.409,-89.5345,10.5,2.04,md,38,39,0.03958,0.07,nm,nm60619026,2026-03-23T12:33:54.950Z,"6 km WNW of Tiptonville, Tennessee",earthquake,0.13,0.27,0.084253742638454,31,reviewed,nm,nm
2026-03-22T23:38:19.570Z,41.585833333333,-112.42083333333,5.33,0.71,md,12,121,0.08879,0.08,uu,uu80132956,2026-03-23T14:44:43.660Z,"15 km SW of Thatcher, Utah",earthquake,0.34,1.32,0.10586257243624,8,reviewed,uu,uu
2026-03-22T23:35:02.420Z,41.5855,-112.414,8.11,1.8,ml,21,90,0.09072,0.12,uu,uu80132951,2026-03-23T14:37:27.890Z,"15 km SW of Thatcher, Utah",earthquake,0.31,0.78,0.25305909881003,5,reviewed,uu,uu
2026-03-22T23:33:42.218Z,32,-104.065,6.3434,1.1,ml,28,47,0,0.2,tx,tx2026fsqyqj,2026-03-23T15:04:08.071Z,"24 km S of Malaga, New Mexico",earthquake,0.66801769807113,0.4842586275425,0.2,26,reviewed,tx,tx
2026-03-22T23:33:34.530Z,41.584,-112.41466666667,4,0.54,md,15,91,0.09197,0.13,uu,uu80006528,2026-03-23T15:18:03.090Z,"15 km SW of Thatcher, Utah",earthquake,0.27,1.34,0.10912628262403,7,reviewed,uu,uu
2026-03-22T23:31:21.550Z,41.581833333333,-112.41583333333,8.29,1.83,ml,24,91,0.09374,0.11,uu,uu80132946,2026-03-23T14:16:17.640Z,"16 km SW of Thatcher, Utah",earthquake,0.28,0.45,0.33170268405218,6,reviewed,uu,uu
2026-03-22T23:25:31.190Z,35.042,-117.6695,-0.79,1.67,ml,41,81,0.1096,0.15,ci,ci41422536,2026-03-23T15:19:18.340Z,"5 km NNW of Boron, CA",quarry blast,0.3,31.61,0.16856488060144,49,reviewed,ci,ci
2026-03-22T23:21:05.258Z,61.901,-150.949,10.4,2.3,ml,49,43,0.3,0.8,ak,aka2026fsqntp,2026-03-25T12:22:51.297Z,"25 km ESE of Skwentna, Alaska",earthquake,2.2,1.4447,0.1,37,reviewed,ak,ak
2026-03-22T23:17:41.011Z,55.522,-164.914,150.5,3.7,ml,16,348,3.9,0.4,ak,aka2026fsqlut,2026-03-25T12:15:10.488Z,"121 km NW of False Pass, Alaska",earthquake,56.3,37.0289,0.2,12,reviewed,ak,ak
2026-03-22T23:15:21.796Z,51.3587,179.7171,48.725,3.6,mb,29,197,0.261,0.56,us,us6000simk,2026-03-23T08:13:49.314Z,"259 km WSW of Adak, Alaska",earthquake,4.25,5.243,0.249,4,reviewed,us,us
2026-03-22T23:11:18.766Z,58.919,-153.672,5,2.1,ml,19,113,0,0.4,ak,aka2026fsqfim,2026-03-25T17:24:37.910Z,"85 km SSE of Pope-Vannoy Landing, Alaska",earthquake,3.9,3.9064,0.2,11,reviewed,ak,ak
2026-03-22T22:59:04.956Z,61.938,-151.012,2.4,3.7,ml,152,20,0.2,1,ak,aka2026fspuut,2026-03-25T12:22:17.503Z,"21 km ESE of Skwentna, Alaska",earthquake,1.9,1.643,0.1,109,reviewed,ak,ak
2026-03-22T22:58:11.612Z,64.998,-147.368,5.9,2.1,ml,16,68,0.1,0.6,ak,aka2026fspual,2026-03-25T12:20:55.174Z,"12 km ENE of Fox, Alaska",earthquake,3.9,2.9366,0.4,9,reviewed,ak,ak
2026-03-22T22:49:32.240Z,38.833332061768,-122.80149841309,2.1800000667572,0.76,md,13,64,0.01008,0.01,nc,nc75331597,2026-03-22T23:07:23.469Z,"7 km W of Cobb, CA",earthquake,0.33,0.75999999,0.18,13,automatic,nc,nc
2026-03-22T22:46:29.960Z,58.1635,-155.36416666667,1.34,0.08,ml,11,72,0.05061,0.06,av,av94105388,2026-03-25T17:21:06.710Z,"85 km NW of Karluk, Alaska",earthquake,0.2,0.61,0.14476392538418,11,reviewed,av,av
2026-03-22T22:40:23.780Z,59.979,-153.08983333333,0.09,-1.09,ml,5,125,0.02416,0.08,av,av94105383,2026-03-24T19:02:18.000Z,"60 km ENE of Pedro Bay, Alaska",earthquake,0.27,1.59,0.2141964292429,5,reviewed,av,av
2026-03-22T22:38:15.386Z,58.898,-153.637,9.7,2,ml,25,208,0,0.6,ak,aka2026fspcwc,2026-03-25T17:18:37.440Z,"88 km SSE of Pope-Vannoy Landing, Alaska",earthquake,6.4,2.4018,0.2,17,reviewed,ak,ak
2026-03-22T22:35:57.070Z,59.706333333333,-153.30683333333,13.27,1.37,ml,11,174,0.06613,0.12,av,av94105368,2026-03-25T17:11:35.960Z,"45 km ESE of Pedro Bay, Alaska",earthquake,1.9,1.19,0.4054383729593,11,reviewed,av,av
2026-03-22T22:26:14.506Z,-15.5887,-172.8436,13,5.9,mww,80,69,1.961,0.91,us,us6000siln,2026-03-23T22:54:36.015Z,"109 km ENE of Hihifo, Tonga",earthquake,11.91,1.783,0.058,29,reviewed,us,us
2026-03-22T22:23:47.560Z,60.009166666667,-153.11483333333,-2.97,-0.57,ml,5,178,0.02953,0.32,av,av94105358,2026-03-24T18:59:16.750Z,"60 km ENE of Pedro Bay, Alaska",earthquake,1.16,4.41,0.17297013364773,5,reviewed,av,av
2026-03-22T22:16:06.525Z,60.418,-139.542,2.1,2.1,ml,15,108,0.5,0.9,ak,aka2026fsojuc,2026-03-25T12:25:32.187Z,"97 km N of Yakutat, Alaska",earthquake,4.4,3.6959,0.2,11,reviewed,ak,ak
2026-03-22T22:11:53.845Z,51.3824,175.9964,10,4.3,mb,78,215,1.666,0.88,us,us6000sild,2026-03-23T01:29:25.592Z,"252 km SE of Attu Station, Alaska",earthquake,9.75,1.972,0.067,63,reviewed,us,us
2026-03-22T22:01:02.320Z,38.79016494751,-122.77850341797,1.8999999761581,1.43,md,28,79,0.007949,0.04,nc,nc75331587,2026-03-23T00:07:18.733Z,"2 km NW of The Geysers, CA",earthquake,0.22,0.319999993,0.18,27,automatic,nc,nc
2026-03-22T21:56:14.090Z,48.682166666667,-122.004,0.15,2.07,ml,13,80,0.1039,0.07,uw,uw62228512,2026-03-23T03:26:33.326Z,"15 km ESE of Acme, Washington",earthquake,0.29,0.63,0.11845609591436,8,reviewed,uw,uw
2026-03-22T21:48:42.730Z,61.027,-151.318,77.4,1.9,ml,32,49,0.3,0.5,ak,aka2026fsnmej,2026-03-25T13:21:38.243Z,"10 km WSW of Tyonek, Alaska",earthquake,3.3,3.3296,0.3,15,reviewed,ak,ak
2026-03-22T21:45:27.200Z,37.930500030518,-122.03433227539,10.199999809265,2.21,md,48,71,0.07878,0.11,nc,nc75331582,2026-03-23T20:56:27.094Z,"3 km SE of Pleasant Hill, CA",earthquake,0.19,0.389999986,0.09,46,automatic,nc,nc
2026-03-22T21:44:49.260Z,60.010666666667,-153.12333333333,2.58,-0.95,ml,5,151,0.02919,0.09,av,av94105318,2026-03-24T18:53:46.250Z,"60 km ENE of Pedro Bay, Alaska",earthquake,0.47,1.62,0.22539082714887,5,reviewed,av,av
2026-03-22T21:35:32.130Z,19.296,-64.855666666667,49.33,3.38,md,13,268,0.8992,0.14,pr,pr71510603,2026-03-22T23:52:11.040Z,"105 km N of Charlotte Amalie, U.S. Virgin Islands",earthquake,2.56,7.3,0.11191873428371,6,reviewed,pr,pr
2026-03-22T21:32:27.718Z,52.2064,-169.9629,35,2.5,ml,11,350,1.022,0.46,us,us6000sil0,2026-03-25T13:21:34.001Z,"110 km SW of Nikolski, Alaska",earthquake,12,2.028,0.128,8,reviewed,us,us
2026-03-22T21:21:55.960Z,46.671,-122.12516666667,20.82,1.35,ml,28,71,0.1064,0.11,uw,uw62228502,2026-03-23T19:23:40.740Z,"6 km SE of Mineral, Washington",earthquake,0.26,0.5,0.12258694406178,14,reviewed,uw,uw
2026-03-22T21:18:44.815Z,60.435,-147.606,11.4,2.1,ml,14,154,0.5,0.7,ak,aka2026fsmmis,2026-03-25T12:10:52.804Z,"46 km NNE of Chenega, Alaska",earthquake,5.6,5.971,0.2,8,reviewed,ak,ak
2026-03-22T21:00:49.380Z,37.49666595459,-121.60333251953,5.5900001525879,1.33,md,8,86,0.04386,0.03,nc,nc75331567,2026-03-22T23:07:22.353Z,"25 km NE of Alum Rock, CA",earthquake,0.91,1.02999997,0.44,8,automatic,nc,nc
2026-03-22T20:54:59.900Z,38.813667297363,-122.76216888428,1.6799999475479,1.27,md,15,108,0.01316,0.03,nc,nc75331562,2026-03-22T22:42:23.185Z,"4 km WSW of Cobb, CA",earthquake,0.27,0.469999999,0.19,16,automatic,nc,nc
2026-03-22T20:53:09.181Z,60.082,-152.645,104.9,1.9,ml,26,94,0.2,0.4,ak,aka2026fslqhk,2026-03-25T12:07:53.084Z,"53 km WNW of Happy Valley, Alaska",earthquake,5.7,2.8941,0.5,15,reviewed,ak,ak
2026-03-22T20:50:27.626Z,11.6796,-87.091,35,4.3,mb,38,164,1.013,0.81,us,us6000sikv,2026-03-23T20:17:13.040Z,"63 km W of Masachapa, Nicaragua",earthquake,3.46,1.973,0.066,65,reviewed,us,us
2026-03-22T20:49:40.240Z,38.83716583252,-122.78616333008,1.8700000047684,0.58,md,7,164,0.003493,0.01,nc,nc75331557,2026-03-22T20:51:14.586Z,"6 km WNW of Cobb, CA",earthquake,0.48,0.720000029,0.14,8,automatic,nc,nc
2026-03-22T20:49:32.450Z,35.873666666667,-117.725,9.13,1.19,ml,28,32,0.0726,0.13,ci,ci41422480,2026-03-23T18:42:23.950Z,"18 km ESE of Little Lake, CA",earthquake,0.15,0.37,0.17048765368862,15,reviewed,ci,ci
2026-03-22T20:48:36.550Z,40.182834625244,-123.05316925049,31.610000610352,1.74,md,8,181,0.07109,0.09,nc,nc75331542,2026-03-22T21:57:20.876Z,"43 km SSE of Hayfork, CA",earthquake,1.2,2.66000009,0.26,2,automatic,nc,nc
2026-03-22T20:47:14.089Z,35.165,-98.16383333,7.21,0.95,ml,15,210,0.08998234239,0.25,ok,ok2026frtk,2026-03-23T20:57:35.619Z,"9 km ESE of Gracemont, Oklahoma",earthquake,,0.9,0.22,6,reviewed,ok,ok
2026-03-22T20:44:57.610Z,60.492333333333,-152.758,-2.98,-0.93,ml,7,93,0.03188,0.32,av,av94105288,2026-03-24T23:29:38.100Z,"77 km NW of Ninilchik, Alaska",earthquake,0.67,0.97,0.17746895726678,7,reviewed,av,av
2026-03-22T20:38:43.363Z,57.436,-153.646,28.3,2.3,ml,17,243,0.7,0.4,ak,aka2026fslduz,2026-03-25T12:06:10.142Z,"23 km ESE of Larsen Bay, Alaska",earthquake,11.9,10.2938,0.1,13,reviewed,ak,ak
2026-03-22T20:35:51.260Z,38.830165863037,-122.81816864014,1.8600000143051,1.08,md,19,48,0.009257,0.02,nc,nc75331537,2026-03-22T21:07:22.527Z,"8 km NW of The Geysers, CA",earthquake,0.22,0.419999987,0.12,20,automatic,nc,nc
2026-03-22T20:35:41.226Z,38.4492,-116.5443,3.8106,2.26,ml,9,216,0.464,0.1369,nn,nn00913104,2026-03-24T00:18:21.046Z,"73 km NE of Tonopah, Nevada",earthquake,,5.1003,0.28,6,reviewed,nn,nn
2026-03-22T20:31:46.530Z,35.8715,-117.7205,9.2,0.9,ml,22,45,0.07242,0.1,ci,ci41422456,2026-03-24T19:31:17.004Z,"18 km ESE of Little Lake, CA",earthquake,0.15,0.34,0.21968462549458,11,reviewed,ci,ci
2026-03-22T20:22:34.317Z,61.566,-146.451,26.7,2,ml,25,57,0.3,0.8,ak,aka2026fskptt,2026-03-25T12:04:31.909Z,"48 km N of Valdez, Alaska",earthquake,3.2,1.9711,0.3,18,reviewed,ak,ak
2026-03-22T20:01:22.692Z,-11.4736,163.3288,10,4.9,mb,45,81,3.892,0.66,us,us6000sikr,2026-03-22T21:00:22.040Z,"190 km SE of Kirakira, Solomon Islands",earthquake,10.08,1.856,0.072,60,reviewed,us,us
2026-03-22T19:57:11.450Z,38.796001434326,-122.7636642456,1.289999961853,1.07,md,7,111,0.005555,0.02,nc,nc75331532,2026-03-22T19:58:50.346Z,"2 km NNW of The Geysers, CA",earthquake,0.39,0.800000012,0.08,10,automatic,nc,nc
2026-03-22T19:49:07.280Z,33.966333333333,-117.1385,14.66,1.85,ml,96,16,0.03419,0.18,ci,ci41422432,2026-03-22T20:08:28.760Z,"8 km WSW of Calimesa, CA",earthquake,0.11,0.24,0.14379865705818,24,reviewed,ci,ci
2026-03-22T19:35:51.490Z,34.105666666667,-116.81383333333,3.2,1.76,ml,84,30,0.07052,0.19,ci,ci41422424,2026-03-22T20:08:46.710Z,"18 km S of Big Bear City, CA",earthquake,0.13,0.44,0.18691598726827,28,reviewed,ci,ci
2026-03-22T19:33:58.753Z,32.37,-102.034,8.4229,0.5,ml,16,85,0,0.2,tx,tx2026fsizyq,2026-03-23T13:08:51.314Z,"34 km WSW of Ackerly, Texas",earthquake,0.92906059196097,1.2194792460531,0.2,12,reviewed,tx,tx
2026-03-22T19:27:09.980Z,38.490666666667,-112.89666666667,2.59,1.41,md,12,79,0.007072,0.05,uu,uu80132926,2026-03-23T19:47:21.590Z,"14 km NE of Milford, Utah",earthquake,0.24,0.38,0.59972290224323,6,reviewed,uu,uu
2026-03-22T19:23:31.747Z,48.6806,-129.404,10,4,mb,39,161,0.783,1.03,us,us6000sijy,2026-03-26T19:33:46.747Z,"261 km WSW of Tofino, Canada",earthquake,7.75,1.997,0.099,27,reviewed,us,us
2026-03-22T19:20:08.804Z,61.278,-150.4,53.5,1.8,ml,14,118,0.3,0.5,ak,aka2026fsinyl,2026-03-25T12:01:40.582Z,"24 km WSW of Point MacKenzie, Alaska",earthquake,6.5,5.8611,0.1,6,reviewed,ak,ak
2026-03-22T19:17:39.210Z,35.01783333,-97.75016667,7.72,1.75,ml,55,72,0.112477928,0.27,ok,ok2026frql,2026-03-23T14:57:55.397Z,"11 km W of Dibble, Oklahoma",earthquake,,0.5,0.21,26,reviewed,ok,ok
2026-03-22T19:14:07.240Z,48.120833333333,-122.8,54.95,1.58,ml,19,48,0.2355,0.26,uw,uw62228487,2026-03-23T19:12:00.330Z,"2 km W of Port Townsend, Washington",earthquake,0.56,1.04,0.27714485357484,11,reviewed,uw,uw
2026-03-22T19:13:27.949Z,58.887,-153.601,12,2.1,ml,41,169,0,0.7,ak,aka2026fsiijs,2026-03-25T16:44:34.600Z,"90 km SE of Pope-Vannoy Landing, Alaska",earthquake,4.5,1.2556,0.2,26,reviewed,ak,ak
2026-03-22T19:10:30.620Z,19.160333333333,-68.461666666667,64.05,3.43,md,9,297,0.647,0.1,pr,pr71510593,2026-03-22T19:36:29.040Z,"60 km NNE of Otra Banda, Dominican Republic",earthquake,1.93,3.16,0.0047583329036969,5,reviewed,pr,pr
2026-03-22T19:01:15.170Z,33.713833333333,-116.8355,15.1,0.62,ml,29,58,0.07832,0.17,ci,ci41422408,2026-03-22T20:08:29.225Z,"7 km SE of Valle Vista, CA",earthquake,0.28,0.45,0.16886418778752,14,reviewed,ci,ci
2026-03-22T18:58:24.850Z,53.8347,-164.0228,35,2.8,ml,32,220,0.72,0.61,us,us6000sijt,2026-03-25T03:31:49.010Z,"119 km ESE of Akutan, Alaska",earthquake,5.07,2.014,0.091,16,reviewed,us,us
2026-03-22T18:54:23.430Z,35.761,-117.5745,3.05,0.53,ml,20,56,0.05774,0.16,ci,ci41422400,2026-03-22T20:08:32.155Z,"15 km W of Searles Valley, CA",earthquake,0.23,0.4,0.2879570721029,9,reviewed,ci,ci
2026-03-22T18:48:53.800Z,60.040666666667,-153.11333333333,0.01,-0.51,ml,5,131,0.02265,0.07,av,av94105188,2026-03-24T18:47:16.830Z,"62 km ENE of Pedro Bay, Alaska",earthquake,0.41,1.53,0.21590058728344,5,reviewed,av,av
2026-03-22T18:48:45.690Z,31.998,-104.069,7.0227,1.4,ml,32,47,0,0.2,tx,tx2026fshmyg,2026-03-23T13:52:18.139Z,"25 km S of Malaga, New Mexico",earthquake,0.67620145287164,0.58321023863415,0.1,18,reviewed,tx,tx
2026-03-22T18:47:41.370Z,17.985333333333,-67.4635,9.72,3.23,md,16,210,0.285,0.24,pr,pr71510573,2026-03-22T21:02:26.370Z,"29 km W of Pole Ojea, Puerto Rico",earthquake,0.59,0.51,0.050067672659644,17,reviewed,pr,pr
2026-03-22T18:46:33.281Z,31.621,-104.089,5.7025,1.5,ml,24,61,0,0.1,tx,tx2026fshldo,2026-03-22T23:36:26.437Z,"44 km NW of Toyah, Texas",earthquake,0.33475222717411,0.27037663254118,0.2,19,reviewed,tx,tx
2026-03-22T18:37:55.710Z,52.067333333333,-176.153,-1.78,0.06,ml,5,152,0.01249,0.31,av,av94105183,2026-03-24T18:16:43.220Z,"39 km ENE of Adak, Alaska",earthquake,0.99,1.36,0.42127340997928,5,reviewed,av,av
2026-03-22T18:16:10.396Z,32.447,-102.141,7.1045,0.6,ml,15,69,0,0.2,tx,tx2026fsglaa,2026-03-23T13:36:26.851Z,"36 km SW of Los Ybanez, Texas",earthquake,1.5916814688586,0.83843368248632,0.2,6,reviewed,tx,tx
2026-03-22T18:15:33.682Z,62.31,-150.445,20.5,2,ml,27,69,0.1,0.6,ak,aka2026fsgkmg,2026-03-25T03:29:31.499Z,"11 km W of Trapper Creek, Alaska",earthquake,2.9,1.9445,0.2,18,reviewed,ak,ak
2026-03-22T18:11:24.300Z,60.023166666667,-153.09733333333,-2.52,-1.04,ml,4,120,0.03825,0.13,av,av94105163,2026-03-25T16:39:34.180Z,"62 km ENE of Pedro Bay, Alaska",earthquake,0.4,3.83,0.27413346926347,5,reviewed,av,av
2026-03-22T18:09:27.774Z,-17.6763,-178.7267,554.131,4.7,mb,79,82,2.176,0.85,us,us6000siji,2026-03-22T18:25:51.040Z,"211 km ENE of Levuka, Fiji",earthquake,11.31,8.307,0.03,333,reviewed,us,us
2026-03-22T18:05:54.134Z,31.999,-104.066,7.6892,1.4,ml,30,47,0,0.2,tx,tx2026fsgcek,2026-03-22T23:55:16.001Z,"24 km S of Malaga, New Mexico",earthquake,0.69260838330155,0.76061453480737,0.1,14,reviewed,tx,tx
2026-03-22T18:05:26.770Z,38.489833333333,-112.89333333333,3.06,1.11,md,11,72,0.005123,0.05,uu,uu80132921,2026-03-23T19:43:48.200Z,"14 km NE of Milford, Utah",earthquake,0.28,0.43,0.27768299954978,5,reviewed,uu,uu
2026-03-22T18:02:45.852Z,32.107,-101.933,8.9111,1.2,ml,44,48,0.1,0.1,tx,tx2026fsfzlp,2026-03-23T10:19:13.988Z,"13 km W of Stanton, Texas",earthquake,0.37448994038386,0.58035026441279,0.2,21,reviewed,tx,tx
2026-03-22T17:57:00.756Z,52.5321,-170.0738,10,3,ml,20,205,0.276,0.45,us,us6000sijh,2026-03-25T03:12:58.067Z,"93 km WSW of Nikolski, Alaska",earthquake,2.92,1.97,0.091,16,reviewed,us,us
2026-03-22T17:42:09.070Z,19.759166666667,-155.78516666667,14.06,2.19,ml,35,148,0.08809,0.17,hv,hv74922202,2026-03-24T01:53:18.410Z,"19 km S of Waikoloa, Hawaii",earthquake,0.4,0.75,0.27743514225167,19,reviewed,hv,hv
2026-03-22T17:41:59.810Z,38.833168029785,-122.81533050537,1.6799999475479,0.71,md,12,56,0.01837,0.01,nc,nc75331517,2026-03-22T17:43:35.305Z,"8 km NW of The Geysers, CA",earthquake,0.28,0.779999971,0.38,13,automatic,nc,nc
2026-03-22T17:30:51.811Z,60.171,-151.549,66.1,2.1,ml,38,79,0.5,0.7,ak,aka2026fseyaq,2026-03-25T03:16:39.196Z,"10 km SW of Clam Gulch, Alaska",earthquake,2.7,3.5214,0.1,25,reviewed,ak,ak
2026-03-22T17:30:19.993Z,60.45,-139.612,3.1,2.2,ml,15,103,0.5,0.8,ak,aka2026fsexqv,2026-03-25T03:33:10.005Z,"100 km N of Yakutat, Alaska",earthquake,4.3,3.3639,0.2,12,reviewed,ak,ak
2026-03-22T17:20:05.019Z,32.375,-101.651,6.1035,1.4,ml,55,33,0,0.2,tx,tx2026fseomr,2026-03-23T10:33:08.216Z,"17 km SSE of Ackerly, Texas",earthquake,0.33713295522178,0.48050354546696,0.1,18,reviewed,tx,tx
2026-03-22T17:17:12.650Z,58.2335,-155.11183333333,4.56,-0.23,ml,8,80,0.05891,0.11,av,av94105123,2026-03-25T16:29:03.570Z,"83 km NNW of Karluk, Alaska",earthquake,0.3,0.7,0.24225124423296,8,reviewed,av,av
2026-03-22T17:15:16.810Z,51.853833333333,-176.64016666667,4.84,0.71,ml,5,285,0.1288,0.07,av,av94105118,2026-03-24T17:39:11.390Z,"2 km S of Adak, Alaska",earthquake,1.36,0.74,0.21983616660648,6,reviewed,av,av
2026-03-22T17:10:14.100Z,33.1115,-116.6525,15.61,0.71,ml,35,47,0.05526,0.15,ci,ci41422392,2026-03-22T18:36:07.623Z,"6 km NW of Julian, CA",earthquake,0.19,0.47,0.11879438919788,12,reviewed,ci,ci
2026-03-22T17:10:03.181Z,63.682,-149.798,3.8,2,ml,27,41,0.4,0.6,ak,aka2026fsegax,2026-03-25T03:35:51.860Z,"44 km W of Denali Park, Alaska",earthquake,2.5,2.1483,0.2,18,reviewed,ak,ak
2026-03-22T17:10:01.207Z,32.3753,-104.5532,5,3.1,ml,33,91,0.572,0.4,us,us6000siiz,2026-03-23T16:46:41.440Z,"27 km NW of Whites City, New Mexico",earthquake,2.44,1.29,0.056,82,reviewed,us,us
2026-03-22T17:07:37.440Z,17.976666666667,-66.838,12.5,2.05,md,6,200,0.0393,0.09,pr,pr71510568,2026-03-22T18:19:55.350Z,"2 km SW of Indios, Puerto Rico",earthquake,0.73,0.55,0.078265440582242,6,reviewed,pr,pr
2026-03-22T17:06:35.362Z,-35.1679,179.8449,66.275,4.9,mb,50,69,2.693,1.08,us,us6000sij5,2026-03-22T17:43:47.040Z,"off the east coast of the North Island of New Zealand",earthquake,10.83,7.642,0.084,45,reviewed,us,us
2026-03-22T16:59:50.313Z,60.213,-140.213,7.9,2.1,ml,10,98,0.1,0.4,ak,aka2026fsdxim,2026-03-25T13:23:45.656Z,"79 km NNW of Yakutat, Alaska",earthquake,9.3,3.5893,0.1,7,reviewed,ak,ak
2026-03-22T16:46:20.066Z,51.5389,175.7834,35,4.2,mb,26,226,1.58,1.13,us,us6000siis,2026-03-23T01:34:44.375Z,"229 km SE of Attu Station, Alaska",earthquake,6.75,2.002,0.118,20,reviewed,us,us
2026-03-22T16:30:57.382Z,59.941,-152.539,87.2,2,ml,36,74,0.3,0.6,ak,aka2026fscyip,2026-03-25T13:26:38.018Z,"43 km WNW of Anchor Point, Alaska",earthquake,3.8,2.6083,0.2,20,reviewed,ak,ak
2026-03-22T16:27:50.960Z,47.556666666667,-123.50283333333,38.48,0.88,ml,15,72,0.1437,0.2,uw,uw62228472,2026-03-23T19:03:53.010Z,"31 km ENE of Amanda Park, Washington",earthquake,0.55,0.93,0.12476318985766,7,reviewed,uw,uw
2026-03-22T16:27:05.254Z,63.266,-151.273,1.5,2.1,ml,19,64,0.4,0.5,ak,aka2026fscvab,2026-03-25T13:28:56.361Z,"38 km SE of Denali National Park, Alaska",earthquake,3,2.6017,0.2,11,reviewed,ak,ak
2026-03-22T16:24:53.190Z,18.0745,-65.6925,32.91,2.03,md,3,201,0.1632,0.08,pr,pr71510563,2026-03-22T16:46:08.760Z,"11 km SSE of Punta Santiago, Puerto Rico",earthquake,5.55,3.23,0.26301209226396,3,reviewed,pr,pr
2026-03-22T16:23:14.794Z,-14.9043,-172.7747,10,4.8,mb,19,68,1.38,1.15,us,us6000siii,2026-03-22T17:01:24.040Z,"131 km SSW of Gataivai, Samoa",earthquake,6.02,1.903,0.168,11,reviewed,us,us
2026-03-22T16:22:22.510Z,46.742,-121.90466666667,4.26,0.69,ml,26,66,0.008521,0.11,uw,uw62228467,2026-03-23T18:57:31.230Z,"9 km E of Ashford, Washington",earthquake,0.2,0.48,0.18825896223889,12,reviewed,uw,uw
2026-03-22T16:21:44.517Z,32.118,-102.186,8.4229,1.2,ml,45,63,0,0.2,tx,tx2026fscqje,2026-03-23T11:26:26.977Z,"16 km NW of Midland, Texas",earthquake,0.46588147229182,0.98917717811067,0.2,18,reviewed,tx,tx
2026-03-22T16:20:31.810Z,38.802833557129,-122.80867004394,1.5700000524521,1.37,md,29,59,0.01163,0.02,nc,nc75331477,2026-03-22T17:22:20.983Z,"5 km WNW of The Geysers, CA",earthquake,0.19,0.280000001,0.19,29,automatic,nc,nc
2026-03-22T16:19:54.940Z,38.802501678467,-122.80899810791,1.6799999475479,0.76,md,14,61,0.01201,0.02,nc,nc75331472,2026-03-22T16:42:20.713Z,"5 km WNW of The Geysers, CA",earthquake,0.25,0.550000012,0.26,15,automatic,nc,nc
2026-03-22T16:15:59.274Z,54.5571,-160.4933,35,2.9,ml,34,210,0.991,0.95,us,us6000siid,2026-03-26T00:12:49.866Z,"86 km S of Sand Point, Alaska",earthquake,2.32,2.015,0.085,18,reviewed,us,us
2026-03-22T16:15:54.435Z,54.458,-160.468,0,3.4,ml,36,227,1.1,0.5,ak,aka2026fscmhh,2026-03-26T00:15:27.935Z,"97 km S of Sand Point, Alaska",earthquake,6.9,0,0.2,25,reviewed,ak,ak
2026-03-22T16:15:13.420Z,19.137833333333,-64.74,58.57,3.42,md,14,265,0.7192,0.32,pr,pr71510553,2026-03-22T17:37:19.040Z,"89 km N of Cruz Bay, U.S. Virgin Islands",earthquake,4.01,7.22,0.11854932316405,11,reviewed,pr,pr
2026-03-22T16:08:31.290Z,38.842834472656,-122.87466430664,2.829999923706,1.07,md,19,83,0.008265,0.03,nc,nc75331462,2026-03-22T16:57:17.815Z,"13 km NW of The Geysers, CA",earthquake,0.32,0.560000002,0.12,22,automatic,nc,nc
2026-03-22T16:00:18.888Z,-14.9649,-173.0424,10,5.6,mww,19,84,1.61,0.49,us,us6000siia,2026-03-23T16:25:47.188Z,"136 km NE of Hihifo, Tonga",earthquake,8.48,1.922,0.073,18,reviewed,us,us
2026-03-22T15:59:33.360Z,47.5495,-122.80766666667,19.57,0.73,ml,13,87,0.01506,0.14,uw,uw62228462,2026-03-23T18:52:33.680Z,"8 km WNW of Gorst, Washington",earthquake,0.47,0.37,0.19683512834229,6,reviewed,uw,uw
2026-03-22T15:59:19.780Z,38.787666320801,-122.7679977417,2.8499999046326,1.04,md,15,128,0.01651,0.03,nc,nc75331457,2026-03-22T16:17:21.559Z,"2 km NW of The Geysers, CA",earthquake,0.41,0.730000019,0.23,14,automatic,nc,nc
2026-03-22T15:47:15.129Z,61.58,-141.261,11.9,2,ml,15,107,0.4,0.4,ak,aka2026fsbmro,2026-03-26T00:10:33.617Z,"89 km E of McCarthy, Alaska",earthquake,3.6,2.6643,0.1,10,reviewed,ak,ak
2026-03-22T15:42:31.586Z,54.6775,-160.4892,35,2.6,ml,25,228,0.924,0.95,us,us6000sii4,2026-03-26T00:09:05.390Z,"73 km S of Sand Point, Alaska",earthquake,3.87,2.005,0.091,16,reviewed,us,us
2026-03-22T15:37:24.420Z,40.7415,-112.05433333333,9.69,1.13,ml,17,53,0.0202,0.14,uu,uu80132901,2026-03-23T14:09:12.900Z,"5 km NE of Magna, Utah",earthquake,0.36,0.69,0.31772322238171,2,reviewed,uu,uu
2026-03-22T15:31:35.564Z,59.628,-152.899,104.7,2.1,ml,17,82,0.2,0.3,ak,aka2026fsaylu,2026-03-26T00:07:50.864Z,"62 km WSW of Anchor Point, Alaska",earthquake,6.3,3.8488,0.5,11,reviewed,ak,ak
2026-03-22T15:30:37.033Z,-15.2263,-172.6832,10,6.3,mww,9,127,1.574,1.12,us,us6000sii1,2026-03-24T04:51:55.846Z,"144 km NE of Hihifo, Tonga",earthquake,4.95,1.948,0.06,27,reviewed,us,us
2026-03-22T15:27:56.537Z,-15.1719,-172.5084,10,6.2,mww,6,180,1.439,0.42,us,us6000sii0,2026-03-23T16:03:42.085Z,"149 km SSW of Lotofagā, Samoa",earthquake,11.48,2.009,0.052,35,reviewed,us,us
2026-03-22T15:26:56.230Z,57.946833333333,-155.3835,13,-0.37,ml,6,268,0.1139,0.08,av,av94104953,2026-03-24T19:16:50.240Z,"69 km NW of Karluk, Alaska",earthquake,0.78,0.68,0.23306854771622,6,reviewed,av,av
2026-03-22T15:25:26.642Z,32.001,-104.066,6.2537,1.4,ml,22,89,0,0.2,tx,tx2026fsatya,2026-03-24T14:50:15.340Z,"24 km S of Malaga, New Mexico",earthquake,0.7704178582362,0.7636825408564,0.2,18,reviewed,tx,tx
2026-03-22T15:25:09.149Z,51.351,-176.712,39.4,2.3,ml,17,262,0.5,0.2,ak,aka2026fsatqj,2026-03-26T00:05:58.619Z,"58 km S of Adak, Alaska",earthquake,10,5.8626,0.1,13,reviewed,ak,ak
2026-03-22T15:14:51.240Z,38.787498474121,-122.76833343506,2.6800000667572,0.74,md,6,128,0.01474,0.01,nc,nc75331447,2026-03-22T15:16:30.164Z,"2 km NW of The Geysers, CA",earthquake,0.72,2.1500001,0.23,7,automatic,nc,nc
2026-03-22T15:11:20.000Z,60.99,-150.358,22,2,ml,28,81,0.3,0.6,ak,aka2026fsahsa,2026-03-26T00:04:39.859Z,"19 km ENE of Point Possession, Alaska",earthquake,2.6,2.3328,0.2,19,reviewed,ak,ak
2026-03-22T15:08:58.721Z,-6.8659,129.7297,117.954,4.5,mb,23,98,2.335,0.9,us,us6000sihv,2026-03-22T16:45:52.040Z,"Banda Sea",earthquake,9.52,10.148,0.112,23,reviewed,us,us
2026-03-22T15:07:02.930Z,38.840667724609,-122.87966918945,2.3099999427795,0.86,md,11,95,0.003833,0.02,nc,nc75331442,2026-03-22T15:08:40.203Z,"13 km ENE of Cloverdale, CA",earthquake,0.36,0.639999986,0.16,12,automatic,nc,nc
2026-03-22T15:06:17.024Z,-15.6416,-71.6388,173.983,4.6,mb,21,127,2.984,0.96,us,us6000siht,2026-03-22T16:40:41.040Z,"4 km W of Chivay, Peru",earthquake,10.25,12.015,0.152,13,reviewed,us,us
2026-03-22T15:04:19.960Z,18.953833333333,-68.168,116.88,3.38,md,8,336,1.286,0.22,pr,pr71510543,2026-03-22T16:17:57.950Z,"48 km NNE of Punta Cana, Dominican Republic",earthquake,5.09,6.68,0.043381080863674,7,reviewed,pr,pr
2026-03-22T15:03:00.450Z,52.354833333333,-174.1595,5.35,0.46,ml,5,188,0.007271,0.25,av,av94104933,2026-03-24T22:55:34.180Z,"17 km N of Atka, Alaska",earthquake,1.24,1.55,0.22695583998838,4,reviewed,av,av
2026-03-22T15:00:48.610Z,58.25,-154.967,2.5,1.5,ml,22,73,0.1,0.4,ak,aka2026frzyrc,2026-03-25T15:50:01.550Z,"81 km NNW of Karluk, Alaska",earthquake,4.6,7.222,0.3,16,automatic,ak,ak
2026-03-22T15:00:22.830Z,35.4855,-118.29533333333,2.63,0.76,ml,23,86,0.1364,0.14,ci,ci41422360,2026-03-22T20:15:47.787Z,"21 km ESE of Bodfish, CA",earthquake,0.23,0.83,0.048296998638141,5,reviewed,ci,ci
2026-03-22T14:47:59.529Z,62.438,-151.092,74.8,1.9,ml,25,97,0.2,0.5,ak,aka2026frznqb,2026-03-26T00:03:02.847Z,"18 km WSW of Petersville, Alaska",earthquake,4,4.1124,0.2,14,reviewed,ak,ak
2026-03-22T14:46:18.549Z,60.993,-147.34,18.5,2.4,ml,49,49,0.2,0.9,ak,aka2026frzmdw,2026-03-26T00:00:59.941Z,"38 km WNW of Tatitlek, Alaska",earthquake,2.2,1.582,0.2,32,reviewed,ak,ak
2026-03-22T14:43:05.950Z,38.785831451416,-122.76616668701,3.039999961853,0.75,md,8,98,0.01509,0.02,nc,nc75331432,2026-03-22T15:17:25.153Z,"1 km NW of The Geysers, CA",earthquake,0.65,1.65999997,0.04,6,automatic,nc,nc
2026-03-22T14:40:24.780Z,60.466666666667,-152.78416666667,0.21,-1.15,ml,6,132,0.0233,0.06,av,av94104913,2026-03-24T23:21:37.580Z,"77 km NW of Ninilchik, Alaska",earthquake,0.29,0.41,0.086277519824662,6,reviewed,av,av
2026-03-22T14:33:28.360Z,33.884,-116.16883333333,4.83,0.73,ml,26,58,0.04152,0.21,ci,ci41422344,2026-03-22T16:32:54.962Z,"19 km NNE of Indio, CA",earthquake,0.28,0.51,0.072908587922975,13,reviewed,ci,ci
2026-03-22T14:33:16.050Z,60.483,-152.741,4.09,-0.97,ml,5,200,0.02399,0.03,av,av94104903,2026-03-25T15:45:31.260Z,"76 km NW of Ninilchik, Alaska",earthquake,0.55,1.48,0.13163051302476,6,reviewed,av,av
2026-03-22T14:25:41.619Z,51.045,-179.8805,10,2.8,ml,15,233,0.613,0.92,us,us6000sihi,2026-03-25T23:54:31.441Z,"243 km WSW of Adak, Alaska",earthquake,2.2,1.975,0.105,12,reviewed,us,us
2026-03-22T14:24:13.136Z,54.0338,-164.1109,10,2.1,ml,12,220,0.583,0.67,us,us6000siha,2026-03-25T23:53:06.513Z,"101 km SSW of False Pass, Alaska",earthquake,1.01,1.997,0.128,8,reviewed,us,us
2026-03-22T14:19:52.613Z,51.165,-177.077,21.6,2.5,ml,17,276,0.6,0.4,ak,aka2026frypgz,2026-03-25T23:51:26.726Z,"84 km SSW of Adak, Alaska",earthquake,9.1,7.7434,0.1,13,reviewed,ak,ak
2026-03-22T14:12:55.248Z,59.711,-153.529,145.1,2.2,ml,28,59,0.2,0.6,ak,aka2026fryjkq,2026-03-25T23:50:38.054Z,"33 km ESE of Pedro Bay, Alaska",earthquake,6.9,3.8111,0.4,19,reviewed,ak,ak
2026-03-22T14:08:10.689Z,-15.3446,-172.6522,10,4.7,mb,20,102,1.657,0.52,us,us6000sih1,2026-03-22T17:45:39.040Z,"139 km ENE of Hihifo, Tonga",earthquake,3.67,1.926,0.117,23,reviewed,us,us
2026-03-22T14:07:15.760Z,33.176333333333,-116.03133333333,5.9,0.68,ml,21,57,0.04503,0.17,ci,ci41422328,2026-03-22T20:21:36.928Z,"10 km ENE of Ocotillo Wells, CA",earthquake,0.22,0.47,0.088563099900326,10,reviewed,ci,ci
2026-03-22T13:56:04.780Z,33.172333333333,-116.039,4.83,1.09,ml,46,33,0.05139,0.21,ci,ci41422320,2026-03-22T16:40:55.008Z,"9 km ENE of Ocotillo Wells, CA",earthquake,0.17,0.64,0.15429740199578,20,reviewed,ci,ci
2026-03-22T13:54:41.830Z,33.275666666667,-115.66983333333,2.43,1.18,ml,28,62,0.07626,0.2,ci,ci41422312,2026-03-22T16:46:42.050Z,"10 km SE of Bombay Beach, CA",earthquake,0.22,0.47,0.16356357040888,21,reviewed,ci,ci
2026-03-22T13:52:46.680Z,60.040166666667,-153.07383333333,-2.31,-1.03,ml,5,114,0.01799,0.08,av,av94104858,2026-03-24T18:42:16.430Z,"64 km ENE of Pedro Bay, Alaska",earthquake,0.29,2.63,0.41920228935411,4,reviewed,av,av
2026-03-22T13:52:02.346Z,59.733,-152.184,75,1.9,ml,15,187,0.4,0.3,ak,aka2026frxrkf,2026-03-25T23:46:35.702Z,"20 km WSW of Anchor Point, Alaska",earthquake,6.4,4.9531,0.1,6,reviewed,ak,ak
2026-03-22T13:46:45.660Z,36.12816619873,-120.27016448975,8.539999961853,1.02,md,7,193,0.01349,0.02,nc,nc75331422,2026-03-22T13:48:25.443Z,"8 km E of Coalinga, CA",earthquake,0.92,0.920000017,0.09,4,automatic,nc,nc
2026-03-22T13:45:58.905Z,59.959,-152.868,117.3,2.2,ml,59,69,0.1,0.7,ak,aka2026frxmek,2026-03-25T23:45:09.739Z,"61 km WNW of Anchor Point, Alaska",earthquake,3.8,1.8893,0.3,36,reviewed,ak,ak
2026-03-22T13:44:33.727Z,36.7304,-116.6707,2.0751,1.59,ml,37,85,0.072,0.2171,nn,nn00913088,2026-03-22T13:47:33.039Z,"21 km SSE of Beatty, Nevada",earthquake,,0.941,0.17,19,automatic,nn,nn
2026-03-22T13:43:33.410Z,60.010166666667,-153.09983333333,0.26,-1.28,ml,5,120,0.03452,0.08,av,av94104833,2026-03-24T18:40:15.110Z,"61 km ENE of Pedro Bay, Alaska",earthquake,0.28,1.66,0.26796330146777,5,reviewed,av,av
2026-03-22T13:43:23.309Z,31.647,-104.274,6.0999,1.5,ml,25,67,0.1,0.1,tx,tx2026frxjyt,2026-03-22T22:48:02.021Z,"58 km NW of Toyah, Texas",earthquake,0.57047066317733,0.95845196556224,0.1,24,reviewed,tx,tx
2026-03-22T13:43:05.530Z,18.229833333333,-66.983,15.51,2.19,md,8,91,0.1116,0.22,pr,pr71510538,2026-03-22T14:39:11.420Z,"2 km SSE of Las Marías, Puerto Rico",earthquake,0.52,1.37,0.1018414428819,6,reviewed,pr,pr
2026-03-22T13:43:03.842Z,52.259,-176.245,4.9,,,6,354,14,0.5,ak,aka2026frxjre,2026-03-22T13:48:05.537Z,"50 km NNE of Adak, Alaska",earthquake,73.5,20.3748,,,automatic,ak,ak
2026-03-22T13:27:34.230Z,31.652,-104.381,6.3562,2.3,ml,46,67,0,0.2,tx,tx2026frwwib,2026-03-22T18:07:56.463Z,"58 km S of Whites City, New Mexico",earthquake,0.76776466898641,0.68847765722544,0.1,28,reviewed,tx,tx
2026-03-22T13:18:32.731Z,61.316,-150.113,36.2,1.9,ml,18,85,0.3,0.7,ak,aka2026frwonq,2026-03-25T13:31:15.583Z,"8 km SW of Point MacKenzie, Alaska",earthquake,4.1,4.1715,0.2,10,reviewed,ak,ak
2026-03-22T13:17:26.730Z,38.495666666667,-112.89633333333,1.97,0.9,md,11,76,0.00481,0.06,uu,uu80132896,2026-03-23T19:36:17.230Z,"14 km NE of Milford, Utah",earthquake,0.24,0.4,0.57059686494374,5,reviewed,uu,uu
2026-03-22T13:15:40.651Z,60.496,-139.64,5.8,2.1,ml,11,100,0.5,0.8,ak,aka2026frwmbw,2026-03-25T13:29:48.731Z,"105 km N of Yakutat, Alaska",earthquake,4.8,3.813,0.2,8,reviewed,ak,ak
2026-03-22T13:11:10.480Z,58.252666666667,-154.90966666667,7.19,0.69,ml,6,204,0.08154,0.17,av,av94104808,2026-03-25T15:35:30.670Z,"80 km NNW of Karluk, Alaska",earthquake,0.86,1.59,0.26015675993341,7,reviewed,av,av
2026-03-22T13:08:04.600Z,38.835998535156,-122.80699920654,2.0199999809265,0.97,md,15,58,0.01281,0.02,nc,nc75331407,2026-03-22T13:47:22.491Z,"7 km WNW of Cobb, CA",earthquake,0.26,0.460000008,0.19,16,automatic,nc,nc
2026-03-22T13:02:04.577Z,51.1591,-176.3969,35,2.6,ml,15,283,0.704,0.62,us,us6000sigj,2026-03-25T11:55:19.303Z,"81 km SSE of Adak, Alaska",earthquake,4.32,2.024,0.148,6,reviewed,us,us
2026-03-22T12:57:46.860Z,34.325333333333,-117.062,4.45,0.39,ml,21,68,0.08284,0.12,ci,ci41422304,2026-03-24T17:46:34.526Z,"14 km NNE of Running Springs, CA",earthquake,0.2,0.73,0.081256561913319,6,reviewed,ci,ci
2026-03-22T12:57:05.790Z,38.493333333333,-112.89783333333,2.12,1.24,ml,13,77,0.006986,0.07,uu,uu80132891,2026-03-23T19:33:24.260Z,"14 km NE of Milford, Utah",earthquake,0.21,0.39,0.14781160867284,2,reviewed,uu,uu
2026-03-22T12:55:56.540Z,38.493166666667,-112.9055,2.76,2.23,md,20,55,0.009327,0.13,uu,uu80132886,2026-03-26T17:28:58.810Z,"14 km NE of Milford, Utah",earthquake,0.47,0.38,0.36837499698558,15,reviewed,uu,uu
2026-03-22T12:55:10.310Z,38.4925,-112.899,2.63,1.92,ml,29,42,0.007868,0.14,uu,uu80132881,2026-03-23T19:27:50.510Z,"14 km NE of Milford, Utah",earthquake,0.26,0.34,0.067493621233509,6,reviewed,uu,uu
2026-03-22T12:54:41.392Z,32.368,-101.646,7.3486,1.7,ml,34,64,0,0.1,tx,tx2026frvtzm,2026-03-22T17:13:57.852Z,"18 km SSE of Ackerly, Texas",earthquake,0.46032806699301,0.47429722382938,0.1,24,reviewed,tx,tx
2026-03-22T12:51:10.240Z,38.83716583252,-122.79467010498,-0.49000000953674,0.66,md,8,76,0.003599,0.01,nc,nc75331402,2026-03-22T13:22:19.326Z,"6 km WNW of Cobb, CA",earthquake,0.22,0.589999974,0.29,9,automatic,nc,nc
2026-03-22T12:50:55.850Z,38.499666666667,-112.896,1.65,1.16,md,11,74,0.00161,0.09,uu,uu80132876,2026-03-23T19:08:32.390Z,"15 km NE of Milford, Utah",earthquake,0.36,0.4,0.50947736790519,6,reviewed,uu,uu
2026-03-22T12:47:35.660Z,44.442666666667,-111.235,17.09,1.66,ml,13,189,0.1893,0.2,uu,uu80132871,2026-03-23T14:04:53.930Z,"11 km E of Island Park, Idaho",earthquake,0.79,2.49,0.27885660074469,5,reviewed,uu,uu
2026-03-22T12:42:40.820Z,60.043666666667,-153.0875,-2.39,-0.6,ml,5,100,0.01823,0.09,av,av94104798,2026-03-24T18:31:15.390Z,"63 km ENE of Pedro Bay, Alaska",earthquake,0.36,2.98,0.37239659214103,5,reviewed,av,av
2026-03-22T12:37:07.340Z,39.143333333333,-111.9185,6.96,0.68,md,8,107,0.1693,0.15,uu,uu80006533,2026-03-23T15:14:19.480Z,"8 km W of Gunnison, Utah",earthquake,0.45,4.04,0.20377174485521,7,reviewed,uu,uu
2026-03-22T12:31:11.099Z,32.346,-102.091,7.7881,0.3,ml,10,68,0,0.1,tx,tx2026fruzsr,2026-03-26T21:35:14.510Z,"37 km NW of Stanton, Texas",earthquake,1.0027778323531,0.87193486743902,0.2,7,reviewed,tx,tx
2026-03-22T12:24:06.373Z,31.66,-104.352,6.0999,2.5,ml,38,69,0.1,0.2,tx,tx2026frutqe,2026-03-22T18:43:58.557Z,"57 km S of Whites City, New Mexico",earthquake,0.65327219342711,0.58709110590313,0.1,25,reviewed,tx,tx
2026-03-22T12:23:29.013Z,60.515,-140.005,11.4,2,ml,13,86,0.4,0.6,ak,aka2026frutcf,2026-03-25T11:53:58.817Z,"108 km N of Yakutat, Alaska",earthquake,4.4,2.9286,0.2,9,reviewed,ak,ak
2026-03-22T12:21:17.840Z,34.2905,-117.54883333333,5.35,1.86,ml,106,30,0.09207,0.2,ci,ci41422280,2026-03-22T14:02:34.030Z,"6 km NW of Lytle Creek, CA",earthquake,0.12,0.45,0.15743124517059,25,reviewed,ci,ci
2026-03-22T12:17:57.450Z,17.979166666667,-66.8265,12.35,2.83,md,29,154,0.04036,0.15,pr,pr71510528,2026-03-22T13:07:23.210Z,"1 km SSW of Indios, Puerto Rico",earthquake,0.32,0.21,0.20593825487373,18,reviewed,pr,pr
2026-03-22T12:12:20.150Z,47.548333333333,-122.5685,4.88,1.9,ml,26,58,0.1468,0.35,uw,uw62228457,2026-03-22T22:19:58.930Z,"1 km WSW of Manchester, Washington",earthquake,0.9,31.61,0.15311876219269,18,reviewed,uw,uw
2026-03-22T12:05:29.410Z,58.912,-153.614,11.1,2.2,ml,34,164,0,0.5,ak,aka2026frudpa,2026-03-25T15:32:29.400Z,"87 km SE of Pope-Vannoy Landing, Alaska",earthquake,5.1,1.5727,0.2,17,reviewed,ak,ak
2026-03-22T12:04:25.701Z,52.9644,171.0432,52.412,4.4,mb,150,150,5.303,0.76,us,us6000sifz,2026-03-23T01:38:16.837Z,"144 km W of Attu Station, Alaska",earthquake,11.15,8.573,0.041,173,reviewed,us,us
2026-03-22T12:03:39.600Z,58.922333333333,-153.73416666667,1.08,0.62,ml,11,143,0.04689,0.22,av,av94104758,2026-03-25T15:28:59.110Z,"82 km SE of Kokhanok, Alaska",earthquake,1.51,2.05,0.14201516195787,11,reviewed,av,av
2026-03-22T11:54:43.290Z,62.404,-148.687,37.1,2,ml,25,43,0.4,0.9,ak,aka2026frtuhm,2026-03-25T03:03:09.040Z,"66 km ENE of Susitna North, Alaska",earthquake,3.4,3.9322,0.2,17,reviewed,ak,ak
2026-03-22T11:39:46.591Z,-59.6689,-26.2588,77.499,5.1,mb,53,91,19.475,0.56,us,us6000sifv,2026-03-22T11:57:58.040Z,"South Sandwich Islands region",earthquake,14.36,7.796,0.078,53,reviewed,us,us
2026-03-22T11:32:07.700Z,60.05,-153.09783333333,1.47,-1.06,ml,5,131,0.01869,0.2,av,av94104753,2026-03-24T18:27:14.990Z,"63 km ENE of Pedro Bay, Alaska",earthquake,3.79,2.19,0.14543313775346,5,reviewed,av,av
2026-03-22T11:26:53.779Z,61.164,-146.834,15.3,1.6,ml,10,75,0.3,0.4,ak,aka2026frswij,2026-03-25T11:00:26.519Z,"26 km W of Valdez, Alaska",earthquake,5.2,5.2317,0.3,6,reviewed,ak,ak
2026-03-22T11:26:25.150Z,38.498333333333,-112.8935,2.25,0.26,md,12,59,0.003966,0.1,uu,uu80132861,2026-03-23T19:05:20.020Z,"15 km NE of Milford, Utah",earthquake,0.3,0.44,0.49883264070733,5,reviewed,uu,uu
2026-03-22T11:16:16.740Z,58.914,-153.73616666667,-1.79,0.18,ml,9,154,0.04974,0.13,av,av94104743,2026-03-25T15:22:28.550Z,"83 km SE of Kokhanok, Alaska",earthquake,0.71,1.01,0.18618340726117,9,reviewed,av,av
2026-03-22T11:04:08.722Z,61.65,-141.499,3.2,1.9,ml,16,88,0.5,0.6,ak,aka2026frscso,2026-03-25T11:03:16.471Z,"79 km ENE of McCarthy, Alaska",earthquake,4.3,4.3601,0.1,11,reviewed,ak,ak
2026-03-22T11:03:54.142Z,32.376,-101.652,5.9814,1.4,ml,52,42,0,0.2,tx,tx2026frsbyf,2026-03-23T10:43:24.970Z,"17 km SSE of Ackerly, Texas",earthquake,0.33512069236039,0.44353911622071,0.2,29,reviewed,tx,tx
2026-03-22T10:58:20.146Z,51.2846,-177.7147,35,3.3,ml,28,208,0.485,0.68,us,us6000sifl,2026-03-25T11:17:53.051Z,"99 km SW of Adak, Alaska",earthquake,2.95,1.956,0.085,18,reviewed,us,us
2026-03-22T10:54:52.119Z,34.40966667,-97.44483333,6.13,1.39,ml,35,65,0.05128993517,0.27,ok,ok2026fqzw,2026-03-23T20:36:20.088Z,"7 km SE of Ratliff City, Oklahoma",earthquake,,0.8,0.27,18,reviewed,ok,ok
2026-03-22T10:46:08.172Z,32.367,-101.913,7.1533,0.5,ml,10,77,0,0.2,tx,tx2026frrnfd,2026-03-23T13:21:52.978Z,"25 km SW of Ackerly, Texas",earthquake,1.3428795253971,1.2122343966623,0.1,6,reviewed,tx,tx
2026-03-22T10:45:11.072Z,31.667,-104.366,6.0999,1.6,ml,21,69,0.1,0.2,tx,tx2026frrmgc,2026-03-23T12:19:27.044Z,"56 km S of Whites City, New Mexico",earthquake,1.0414523280665,0.8328902089963,0.2,17,reviewed,tx,tx
2026-03-22T10:38:31.780Z,38.820167541504,-122.84999847412,13.369999885559,0.79,md,9,201,0.009116,0.12,nc,nc75331377,2026-03-22T11:22:18.508Z,"9 km WNW of The Geysers, CA",earthquake,3.15,10.3299999,0.1,10,automatic,nc,nc
2026-03-22T10:37:56.860Z,38.499833333333,-112.90233333333,2.83,1.17,md,14,96,0.003537,0.06,uu,uu80132856,2026-03-23T19:00:10.640Z,"14 km NE of Milford, Utah",earthquake,0.29,0.38,0.43710701128048,8,reviewed,uu,uu
2026-03-22T10:35:21.380Z,41.694,-111.598,4.92,1.24,md,18,105,0.1664,0.15,uu,uu80006538,2026-03-23T15:12:22.000Z,"18 km E of Providence, Utah",earthquake,0.49,1.42,0.17648391094812,13,reviewed,uu,uu
2026-03-22T10:25:59.331Z,60.866,-151.619,82.3,2.8,ml,92,27,0.2,0.8,ak,aka2026frqvvo,2026-03-25T11:09:27.496Z,"26 km NW of Nikiski, Alaska",earthquake,2.1,1.6898,0.2,65,reviewed,ak,ak
2026-03-22T10:25:12.770Z,38.821998596191,-122.79499816894,2.710000038147,0.39,md,11,89,0.01186,0.01,nc,nc75331372,2026-03-22T10:57:20.339Z,"6 km NW of The Geysers, CA",earthquake,0.38,0.959999979,0.3,11,automatic,nc,nc
2026-03-22T10:20:31.250Z,38.490833333333,-112.89533333333,2.67,0.78,md,11,78,0.009689,0.04,uu,uu80132851,2026-03-23T18:55:52.710Z,"14 km NE of Milford, Utah",earthquake,0.25,0.42,0.11567545685026,5,reviewed,uu,uu
2026-03-22T10:17:38.680Z,38.502,-112.89833333333,2.66,1.38,md,10,80,0.001707,0.04,uu,uu80132846,2026-03-23T18:51:08.280Z,"15 km NE of Milford, Utah",earthquake,0.31,0.38,0.1972026617166,5,reviewed,uu,uu
2026-03-22T10:15:17.650Z,19.291166666667,-155.39116666667,32.35,1.32,ml,36,94,0.04233,0.13,hv,hv74921907,2026-03-23T21:28:46.920Z,"13 km NE of Pāhala, Hawaii",earthquake,0.48,0.63,0.3965722352514,11,reviewed,hv,hv
2026-03-22T10:10:45.211Z,57.875,-155.97,112.8,2.2,ml,29,129,0.2,0.4,ak,aka2026frqisu,2026-03-25T10:58:47.149Z,"91 km ESE of Egegik, Alaska",earthquake,8.7,2.5952,0.4,13,reviewed,ak,ak
2026-03-22T10:08:00.460Z,58.239833333333,-155.10166666667,5.18,0.2,ml,13,87,0.05908,0.1,av,av94104673,2026-03-25T15:15:28.040Z,"83 km NNW of Karluk, Alaska",earthquake,0.24,0.61,0.28325236522055,13,reviewed,av,av
2026-03-22T10:00:47.714Z,28.67,-98.944,8.4986,1.7,ml,20,66,0.3,0.3,tx,tx2026frqaec,2026-03-23T15:30:00.594Z,"22 km E of Dilley, Texas",earthquake,0.92175833582759,0.95133893875707,0.2,10,reviewed,tx,tx
2026-03-22T09:59:16.630Z,38.5,-112.89816666667,2.35,1.35,md,11,78,0.0004034,0.06,uu,uu80132841,2026-03-23T18:48:36.370Z,"15 km NE of Milford, Utah",earthquake,0.28,0.37,0.44353279283287,6,reviewed,uu,uu
2026-03-22T09:51:51.980Z,19.1608,-63.7905,104,3.97,md,19,319,0.9077,0.59,pr,pr2026081000,2026-03-22T12:18:25.574Z,"129 km NW of Sandy Ground Village, Anguilla",earthquake,5.92,5.85,0.1,16,reviewed,pr,pr
2026-03-22T09:42:23.682Z,31.659,-104.129,6.0999,1.6,ml,28,49,0,0.2,tx,tx2026frpkfc,2026-03-22T22:02:31.413Z,"49 km NW of Toyah, Texas",earthquake,0.46373502851176,0.57123625371844,0.2,18,reviewed,tx,tx
2026-03-22T09:41:59.890Z,38.495,-112.89433333333,1.92,-0.64,md,7,165,0.006002,0.05,uu,uu80132836,2026-03-23T18:51:38.860Z,"14 km NE of Milford, Utah",earthquake,0.64,0.84,0.51943293995643,2,reviewed,uu,uu
2026-03-22T09:35:53.080Z,60.475666666667,-152.77583333333,5.01,-1.02,ml,4,144,0.02682,0.21,av,av94104643,2026-03-24T23:14:38.100Z,"77 km NW of Ninilchik, Alaska",earthquake,1.24,1.6,0.1794905179151,4,reviewed,av,av
2026-03-22T09:35:28.355Z,60.529,-139.682,5.5,2,ml,11,140,0.5,0.8,ak,aka2026frpeij,2026-03-25T10:56:52.376Z,"109 km N of Yakutat, Alaska",earthquake,5.3,3.588,0.2,7,reviewed,ak,ak
2026-03-22T09:28:43.920Z,38.797668457031,-122.77783203125,2.2999999523163,0.76,md,6,113,0.009067,0.03,nc,nc75331357,2026-03-22T09:30:20.411Z,"3 km NW of The Geysers, CA",earthquake,0.61,1.38,0.05,8,automatic,nc,nc
2026-03-22T09:25:57.120Z,60.4865,-152.75933333333,-2.91,-0.9,ml,4,174,0.03243,0.28,av,av94104628,2026-03-24T23:12:06.780Z,"77 km NW of Ninilchik, Alaska",earthquake,0.67,0.94,0.25187445571407,4,reviewed,av,av
2026-03-22T09:24:38.040Z,38.494833333333,-112.89533333333,2.71,-0.3,md,11,76,0.005838,0.05,uu,uu80132831,2026-03-23T18:41:30.690Z,"14 km NE of Milford, Utah",earthquake,0.26,0.4,0.3926849022907,5,reviewed,uu,uu
2026-03-22T09:22:32.440Z,45.811,-121.89666666667,9.06,0.87,ml,22,115,0.1355,0.16,uw,uw62228447,2026-03-23T18:34:17.570Z,"11 km NNW of Carson, Washington",earthquake,0.27,0.43,0.072948318654008,9,reviewed,uw,uw
2026-03-22T09:20:46.270Z,35.61866667,-98.02966667,7.37,1.22,ml,46,104,0.159268746,0.27,ok,ok2026fqwt,2026-03-23T20:43:43.463Z,"8 km ENE of Calumet, Oklahoma",earthquake,,0.7,0.26,21,reviewed,ok,ok
2026-03-22T09:18:58.896Z,58.312,-155.026,2.7,1,ml,7,149,0,0.4,ak,aka2026froqcm,2026-03-24T19:10:48.650Z,"89 km NNW of Karluk, Alaska",earthquake,12,12.0483,0.2,6,automatic,ak,ak
2026-03-22T09:16:49.330Z,38.494666666667,-112.8975,1.94,0.89,md,12,77,0.005662,0.06,uu,uu80132826,2026-03-23T18:35:15.650Z,"14 km NE of Milford, Utah",earthquake,0.25,0.36,0.6115165269853,7,reviewed,uu,uu
2026-03-22T09:16:19.319Z,59.786,-141.704,4.1,2,ml,15,236,0.7,0.7,ak,aka2026fronvr,2026-03-25T10:55:56.596Z,"114 km WNW of Yakutat, Alaska",earthquake,6.7,2.7219,0.1,12,reviewed,ak,ak
2026-03-22T09:14:04.580Z,38.825668334961,-122.84616851807,1.8799999952316,0.77,md,13,102,0.008569,0.01,nc,nc75331347,2026-03-22T09:15:40.402Z,"9 km NW of The Geysers, CA",earthquake,0.27,0.550000012,0.1,13,automatic,nc,nc
2026-03-22T09:13:16.559Z,34.41816667,-97.47666667,5.77,1.46,ml,35,69,0.05488922886,0.37,ok,ok2026fqwm,2026-03-23T20:31:10.842Z,"4 km SE of Ratliff City, Oklahoma",earthquake,,1,0.25,16,reviewed,ok,ok
2026-03-22T09:10:58.960Z,38.495166666667,-112.897,2.63,1.17,md,11,77,0.0052,0.05,uu,uu80132821,2026-03-23T18:19:09.500Z,"14 km NE of Milford, Utah",earthquake,0.29,0.41,0.55131934555359,6,reviewed,uu,uu
2026-03-22T09:08:02.350Z,62.322,-150.191,4.4,1.9,ml,23,61,0.1,0.4,ak,aka2026frogri,2026-03-25T10:54:47.602Z,"2 km ENE of Trapper Creek, Alaska",earthquake,2.1,1.9531,0.2,14,reviewed,ak,ak
2026-03-22T08:59:51.770Z,60.563,-139.852,11.5,1.9,ml,12,127,0.5,0.7,ak,aka2026frnzrg,2026-03-25T10:53:01.906Z,"113 km N of Yakutat, Alaska",earthquake,7.1,3.9911,0.2,6,reviewed,ak,ak
2026-03-22T08:57:59.430Z,60.042166666667,-153.05016666667,-0.18,0.08,ml,5,171,0.01666,0.07,av,av94104608,2026-03-24T18:21:13.580Z,"65 km ENE of Pedro Bay, Alaska",earthquake,0.36,1.05,0.2779719778018,5,reviewed,av,av
2026-03-22T08:57:12.850Z,38.496,-112.89666666667,2.15,0.4,md,11,88,0.004425,0.09,uu,uu80132811,2026-03-23T18:14:56.660Z,"14 km NE of Milford, Utah",earthquake,0.36,0.49,0.45102918787924,3,reviewed,uu,uu
2026-03-22T08:56:27.860Z,38.494666666667,-112.89716666667,2.59,1.09,ml,11,77,0.005682,0.05,uu,uu80132806,2026-03-23T18:10:42.840Z,"14 km NE of Milford, Utah",earthquake,0.27,0.42,0.17848287992289,2,reviewed,uu,uu
2026-03-22T08:56:06.405Z,34.3424,140.1834,94.602,4.5,mb,40,134,2.642,0.53,us,us6000sif5,2026-03-22T09:13:21.779Z,"76 km SSE of Tateyama, Japan",earthquake,12.06,8.403,0.084,41,reviewed,us,us
2026-03-22T08:54:41.510Z,38.820331573486,-122.76383209228,2.0599999427795,1.05,md,9,143,0.01994,0.02,nc,nc75331327,2026-03-22T09:42:22.830Z,"4 km W of Cobb, CA",earthquake,0.37,0.779999971,0.25,12,automatic,nc,nc
2026-03-22T08:52:02.344Z,60.265,-151.686,75.1,2.7,ml,86,49,0.4,0.8,ak,aka2026frnswi,2026-03-25T10:51:53.417Z,"16 km WNW of Clam Gulch, Alaska",earthquake,2.1,2.0625,0.2,59,reviewed,ak,ak
2026-03-22T08:46:24.880Z,38.84700012207,-122.81500244141,0.80000001192093,0.71,md,13,59,0.01005,0.04,nc,nc75331322,2026-03-22T09:17:23.664Z,"8 km WNW of Cobb, CA",earthquake,0.26,0.610000014,0.13,15,automatic,nc,nc
2026-03-22T08:41:16.930Z,35.781,-117.59616666667,6.96,1.33,ml,34,55,0.03468,0.15,ci,ci41422272,2026-03-22T13:55:51.678Z,"17 km W of Searles Valley, CA",earthquake,0.15,0.36,0.20566730924331,20,reviewed,ci,ci
2026-03-22T08:41:11.880Z,33.221166666667,-116.755,9.92,0.39,ml,30,36,0.01511,0.15,ci,ci41422264,2026-03-22T13:55:40.990Z,"2 km SSE of Lake Henshaw, CA",earthquake,0.19,0.43,0.25375526033072,4,reviewed,ci,ci
2026-03-22T08:40:48.640Z,37.935833333333,-122.6765,9.99,1.21,md,16,145,0.03587,0.1,nc,nc75331317,2026-03-23T08:27:22.112Z,"3 km NNE of Bolinas, CA",earthquake,0.41,0.7,0.083,9,reviewed,nc,nc
2026-03-22T08:31:18.981Z,61.275,-152.367,135.3,2.3,ml,29,89,0.1,0.5,ak,aka2026frnbff,2026-03-25T10:47:12.140Z,"70 km WNW of Tyonek, Alaska",earthquake,5.4,3.3598,0.2,15,reviewed,ak,ak
2026-03-22T08:30:46.780Z,38.495333333333,-112.89683333333,2.79,1.38,ml,12,74,0.005055,0.05,uu,uu80132801,2026-03-23T18:05:04.020Z,"14 km NE of Milford, Utah",earthquake,0.26,0.36,0.12256247160412,2,reviewed,uu,uu
2026-03-22T08:19:18.310Z,60.479,-139.726,7,2,ml,12,97,0.5,0.6,ak,aka2026frmqri,2026-03-25T10:39:51.453Z,"103 km N of Yakutat, Alaska",earthquake,4.4,3.2967,0.2,10,reviewed,ak,ak
2026-03-22T08:14:35.123Z,52.1774,160.5119,38.269,4.7,mb,52,136,1.951,1.26,us,us6000siep,2026-03-22T08:39:30.040Z,"161 km SE of Petropavlovsk-Kamchatsky, Russia",earthquake,10.71,7.191,0.058,90,reviewed,us,us
2026-03-22T08:12:46.350Z,60.029666666667,-153.092,-2.16,-0.01,ml,5,113,0.03122,0.06,av,av94104573,2026-03-25T15:08:27.570Z,"62 km ENE of Pedro Bay, Alaska",earthquake,0.24,3.04,0.42624428870173,5,reviewed,av,av
2026-03-22T08:11:52.680Z,63.047,-149.622,5.6,2.2,ml,35,40,0.4,0.9,ak,aka2026frmkhd,2026-03-25T10:42:34.567Z,"51 km SW of Cantwell, Alaska",earthquake,2.1,1.658,0.2,24,reviewed,ak,ak
2026-03-22T08:09:11.520Z,38.4985,-112.8965,2.63,1.06,md,12,68,0.00212,0.05,uu,uu80132796,2026-03-23T17:53:32.550Z,"15 km NE of Milford, Utah",earthquake,0.29,0.36,0.49160813244722,6,reviewed,uu,uu
2026-03-22T08:07:13.169Z,52.3307,160.4611,38.582,4.7,mb,62,134,1.852,0.7,us,us6000siem,2026-03-22T08:30:26.040Z,"148 km SE of Petropavlovsk-Kamchatsky, Russia",earthquake,10.33,4.827,0.063,76,reviewed,us,us
2026-03-22T08:05:18.796Z,59.403,-151.983,55.1,2.5,ml,61,123,0.6,0.8,ak,aka2026frmevq,2026-03-25T11:48:00.414Z,"6 km NW of Nanwalek, Alaska",earthquake,2.9,3.4715,0.2,38,reviewed,ak,ak
2026-03-22T08:02:54.325Z,-17.7221,-69.5663,137.946,4.8,mb,53,95,0.612,1.33,us,us6000sieg,2026-03-22T08:18:53.040Z,"42 km E of Palca, Peru",earthquake,4.24,5.195,0.053,108,reviewed,us,us
2026-03-22T07:46:14.181Z,62.189,-150.735,72.4,2.4,ml,50,48,0.3,0.7,ak,aka2026frloej,2026-03-25T11:44:32.736Z,"29 km WSW of Trapper Creek, Alaska",earthquake,2.5,2.8909,0.2,34,reviewed,ak,ak
2026-03-22T07:45:55.310Z,38.499833333333,-112.89933333333,2.78,1.23,md,11,83,0.001251,0.06,uu,uu80132791,2026-03-23T17:49:43.910Z,"15 km NE of Milford, Utah",earthquake,0.3,0.44,0.17223546643046,4,reviewed,uu,uu
2026-03-22T07:40:11.880Z,61.432,-147.796,1.6,1.9,ml,20,53,0.3,0.9,ak,aka2026frlizi,2026-03-25T11:40:34.324Z,"42 km S of Glacier View, Alaska",earthquake,2.5,2.4857,0.4,12,reviewed,ak,ak
2026-03-22T07:37:52.010Z,38.496166666667,-112.89583333333,1.89,0.74,md,10,76,0.004454,0.11,uu,uu80132786,2026-03-23T17:46:46.790Z,"14 km NE of Milford, Utah",earthquake,0.32,0.53,0.42590380658475,5,reviewed,uu,uu
2026-03-22T07:32:21.308Z,55.87,-159.868,7.7,1.9,ml,13,186,0.3,0.4,ak,aka2026frlcbe,2026-03-25T11:38:04.364Z,"24 km W of Ivanof Bay, Alaska",earthquake,17.8,5.8479,0.4,9,reviewed,ak,ak
2026-03-22T07:32:00.216Z,20.0487,-157.7295,10,3.8,ml,22,204,1.21,0.25,us,us6000siea,2026-03-23T07:42:48.287Z,"120 km SW of Lanai City, Hawaii",earthquake,4.07,1.911,0.06,37,reviewed,us,us
2026-03-22T07:31:24.506Z,52.0303,176.2174,3.088,4.1,mb,40,191,1.421,1.37,us,us6000siec,2026-03-25T11:34:42.300Z,"225 km ESE of Attu Station, Alaska",earthquake,6.83,10.016,0.117,20,reviewed,us,us
2026-03-22T07:27:30.522Z,62.242,-149.25,28,1.9,ml,22,52,0.5,0.8,ak,aka2026frkyaq,2026-03-25T11:35:42.244Z,"32 km ENE of Susitna North, Alaska",earthquake,2.8,2.1091,0.2,12,reviewed,ak,ak
2026-03-22T07:21:08.970Z,35.16416667,-97.7685,7.11,0.97,ml,40,41,0.04049205408,0.19,ok,ok2026fqsu,2026-03-23T20:22:41.638Z,"8 km SSW of Bridge Creek, Oklahoma",earthquake,,0.3,0.25,19,reviewed,ok,ok
2026-03-22T07:19:58.619Z,52.1582,160.8307,10,5.1,mb,58,125,2.133,1,us,us6000sie4,2026-03-22T07:35:53.040Z,"180 km SE of Petropavlovsk-Kamchatsky, Russia",earthquake,10.42,1.877,0.041,190,reviewed,us,us
2026-03-22T07:17:53.650Z,34.4095,-119.55933333333,13.26,2.1,ml,53,65,0.04363,0.24,ci,ci41422256,2026-03-25T20:16:37.139Z,"4 km WNW of Carpinteria, CA",earthquake,0.25,0.48,0.15335534678359,54,reviewed,ci,ci
2026-03-22T07:16:21.980Z,33.942833333333,-116.88916666667,5.79,0.92,ml,50,40,0.07896,0.15,ci,ci41422248,2026-03-22T14:01:59.630Z,"2 km NNW of Banning, CA",earthquake,0.13,0.44,0.21380465287984,28,reviewed,ci,ci
2026-03-22T07:14:43.201Z,61.357,-150.957,69.3,2,ml,32,48,0.1,0.5,ak,aka2026frknai,2026-03-25T11:30:34.952Z,"24 km NNE of Beluga, Alaska",earthquake,3.9,3.4699,0.2,18,reviewed,ak,ak
2026-03-22T07:13:54.650Z,38.4945,-112.89683333333,2.59,1.12,md,13,76,0.005878,0.09,uu,uu80132781,2026-03-23T17:42:58.160Z,"14 km NE of Milford, Utah",earthquake,0.28,0.4,0.4903115941072,7,reviewed,uu,uu
2026-03-22T07:11:49.840Z,60.569,-140.094,13.9,2,ml,14,81,0.5,0.7,ak,aka2026frkkmt,2026-03-25T11:27:33.361Z,"115 km N of Yakutat, Alaska",earthquake,4.1,2.8655,0.1,10,reviewed,ak,ak
2026-03-22T07:05:03.980Z,38.837665557861,-122.78050231934,2.1600000858307,1.01,md,12,160,0.00588,0.02,nc,nc75331302,2026-03-22T07:57:22.166Z,"5 km WNW of Cobb, CA",earthquake,0.49,0.980000019,0.29,14,automatic,nc,nc
2026-03-22T07:03:22.590Z,62.965,-151.134,127.9,2.2,ml,19,83,0.5,0.5,ak,aka2026frkdgl,2026-03-25T11:24:03.303Z,"55 km NNW of Petersville, Alaska",earthquake,4.6,3.9491,0.2,6,reviewed,ak,ak
2026-03-22T07:02:44.360Z,33.598333333333,-116.60783333333,14.58,0.32,ml,24,63,0.03684,0.14,ci,ci41422240,2026-03-22T13:56:21.712Z,"8 km NE of Anza, CA",earthquake,0.23,0.34,0.2505179720343,5,reviewed,ci,ci
2026-03-22T06:57:06.870Z,19.37,-155.28033333333,29.3,1.48,ml,31,65,0.016,0.12,hv,hv74921747,2026-03-23T21:33:52.470Z,"9 km SSW of Volcano, Hawaii",earthquake,0.64,0.56,0.43625365268305,9,reviewed,hv,hv
2026-03-22T06:54:20.720Z,38.826499938965,-122.7679977417,3.3599998950958,0.47,md,7,197,0.004238,0.02,nc,nc75331292,2026-03-22T07:32:23.982Z,"4 km W of Cobb, CA",earthquake,1.34,2.01999998,0.26,7,automatic,nc,nc
2026-03-22T06:49:17.487Z,53.319,-167.281,10.4,2.4,ml,19,228,0.5,0.3,ak,aka2026frjrev,2026-03-25T14:56:56.920Z,"79 km SW of Unalaska, Alaska",earthquake,13.2,4.2776,0.2,12,reviewed,ak,ak
2026-03-22T06:47:02.430Z,60.484166666667,-152.728,-2.97,-0.96,ml,5,122,0.01746,0.15,av,av94104483,2026-03-24T23:09:35.410Z,"76 km NW of Ninilchik, Alaska",earthquake,0.43,0.57,0.27848384810836,5,reviewed,av,av
2026-03-22T06:46:45.321Z,60.249,-141.773,7.7,1.8,ml,17,176,0.3,0.8,ak,aka2026frjoxf,2026-03-25T10:37:42.801Z,"138 km WNW of Yakutat, Alaska",earthquake,5.6,3.1735,0.2,13,reviewed,ak,ak
2026-03-22T06:43:35.641Z,54.019,-163.3471,35,2.5,ml,23,228,0.668,0.93,us,us6000sidf,2026-03-25T10:36:38.719Z,"93 km S of False Pass, Alaska",earthquake,3.13,1.95,0.115,10,reviewed,us,us
2026-03-22T06:43:18.480Z,18.750833333333,-64.917833333333,65.71,2.85,md,10,224,0.398,0.26,pr,pr71510503,2026-03-22T07:21:06.220Z,"45 km N of Charlotte Amalie, U.S. Virgin Islands",earthquake,3.82,3.08,0.1691136047818,5,reviewed,pr,pr
2026-03-22T06:42:15.089Z,31.676,-104.397,6.0999,1.6,ml,26,69,0,0.2,tx,tx2026frjkvd,2026-03-22T21:27:17.971Z,"55 km S of Whites City, New Mexico",earthquake,0.82903252103316,0.64291900837471,0.1,18,reviewed,tx,tx
2026-03-22T06:31:45.582Z,60.584,-139.929,4.6,1.9,ml,8,210,0.5,0.3,ak,aka2026frjcac,2026-03-25T10:34:21.859Z,"116 km N of Yakutat, Alaska",earthquake,7.9,2.807,0.1,7,reviewed,ak,ak
2026-03-22T06:30:28.900Z,33.972166666667,-116.55533333333,7.49,0.86,ml,37,54,0.1015,0.15,ci,ci41422232,2026-03-22T13:56:06.696Z,"5 km WNW of Desert Hot Springs, CA",earthquake,0.15,0.64,0.17895096029967,22,reviewed,ci,ci
2026-03-22T06:16:34.550Z,37.047833333333,-121.48283333333,10.87,0.75,md,25,85,0.02245,0.08,nc,nc75331287,2026-03-23T04:12:23.367Z,"9 km ENE of Gilroy, CA",earthquake,0.28,0.51,0.184,14,reviewed,nc,nc
2026-03-22T06:15:36.646Z,-15.3824,-173.0468,10,6.2,mww,42,69,1.909,1.05,us,us6000sidb,2026-03-23T06:43:40.289Z,"102 km NE of Hihifo, Tonga",earthquake,9.24,1.864,0.057,30,reviewed,us,us
2026-03-22T06:08:37.547Z,-32.0218,57.0542,10,5,mb,40,92,10.999,0.81,us,us6000sida,2026-03-22T06:26:37.040Z,"Southwest Indian Ridge",earthquake,10.14,1.849,0.083,46,reviewed,us,us
2026-03-22T06:02:37.930Z,35.658666666667,-117.43866666667,2.53,1.24,ml,31,57,0.01377,0.13,ci,ci41422224,2026-03-22T13:56:04.271Z,"12 km SSW of Searles Valley, CA",earthquake,0.14,0.21,0.15235492816599,19,reviewed,ci,ci
2026-03-22T06:01:31.820Z,34.41566667,-97.452,5.86,1.53,ml,48,41,0.05488922886,0.31,ok,ok2026fqqe,2026-03-23T20:13:53.411Z,"6 km SE of Ratliff City, Oklahoma",earthquake,,0.8,0.25,23,reviewed,ok,ok
2026-03-22T06:00:30.170Z,34.41416667,-97.45216667,6.41,1.96,ml,78,64,0.05398940544,0.24,ok,ok2026fqqd,2026-03-23T20:05:25.409Z,"6 km SE of Ratliff City, Oklahoma",earthquake,,0.5,0.27,38,reviewed,ok,ok
2026-03-22T05:50:32.850Z,34.41966667,-97.46716667,4.83,2.91,ml,94,41,0,0.33,ok,ok2026fqpv,2026-03-22T23:55:38.411Z,"5 km SE of Ratliff City, Oklahoma",earthquake,,0.7,0.26,43,reviewed,ok,ok
2026-03-22T05:44:37.714Z,60.668,-146.284,22.7,2.8,ml,73,53,0.3,0.8,ak,aka2026frhnjs,2026-03-25T03:41:56.776Z,"30 km SE of Tatitlek, Alaska",earthquake,2,1.615,0.2,49,reviewed,ak,ak
2026-03-22T05:38:03.704Z,64.83,-146.406,6.6,1.9,ml,19,135,0.2,0.3,ak,aka2026frhhmi,2026-03-25T03:37:47.713Z,"22 km ESE of Pleasant Valley, Alaska",earthquake,3.5,2.6838,0.1,13,reviewed,ak,ak
2026-03-22T05:35:56.896Z,69.406,-144.092,5,3.4,ml,84,70,0.3,0.9,ak,aka2026frhfus,2026-03-22T06:22:42.298Z,"82 km SSW of Kaktovik, Alaska",earthquake,3.4,0,0.3,55,reviewed,ak,ak
2026-03-22T05:32:30.104Z,32.2,-101.425,8.7158,1.4,ml,35,68,0,0.2,tx,tx2026frhcyq,2026-03-23T12:07:53.468Z,"7 km SE of Big Spring, Texas",earthquake,0.31117852190747,0.63786217255441,0.1,13,reviewed,tx,tx
2026-03-22T05:30:25.880Z,45.060333333333,-123.08333333333,16.97,0.69,md,7,188,0.01724,0.12,uw,uw62228437,2026-03-25T16:26:24.590Z,"9 km NNW of Keizer, Oregon",earthquake,0.57,0.63,0.29530622709348,6,reviewed,uw,uw
2026-03-22T05:28:57.327Z,59.072,-151.32,29.5,2.7,ml,57,140,0.7,0.6,ak,aka2026frgzwg,2026-03-25T03:01:09.355Z,"42 km SE of Port Graham, Alaska",earthquake,3.5,2.775,0.2,38,reviewed,ak,ak
2026-03-22T05:26:16.717Z,24.206,-45.7611,10,4.5,mb,42,174,19.424,0.59,us,us6000sidm,2026-03-22T11:31:20.040Z,"northern Mid-Atlantic Ridge",earthquake,15.39,1.982,0.082,44,reviewed,us,us
2026-03-22T05:18:48.110Z,33.222333333333,-116.75583333333,9.92,0.59,ml,28,36,0.01383,0.16,ci,ci41422216,2026-03-22T13:57:21.771Z,"2 km SSE of Lake Henshaw, CA",earthquake,0.19,0.55,0.17602267263043,11,reviewed,ci,ci
2026-03-22T05:17:11.070Z,38.831165313721,-122.79333496094,1.710000038147,1.66,md,31,36,0.007601,0.03,nc,nc75331282,2026-03-22T06:12:23.419Z,"6 km W of Cobb, CA",earthquake,0.18,0.270000011,0.1,30,automatic,nc,nc
2026-03-22T05:03:47.030Z,60.462833333333,-152.6965,4.23,-0.94,ml,5,220,0.0259,0.16,av,av94104438,2026-03-24T23:06:06.020Z,"73 km NW of Ninilchik, Alaska",earthquake,0.91,0.73,0.35162255189382,5,reviewed,av,av
2026-03-22T04:59:42.170Z,57.991166666667,-155.82133333333,8.96,0,ml,9,276,0.145,0.11,av,av94104433,2026-03-25T14:49:56.510Z,"91 km SSE of King Salmon, Alaska",earthquake,1.03,0.46,0.22495648524562,10,reviewed,av,av
2026-03-22T04:49:30.740Z,38.842834472656,-122.84432983398,2.6199998855591,0.23,md,9,201,0.008103,0.03,nc,nc75331277,2026-03-22T05:22:21.109Z,"11 km NW of The Geysers, CA",earthquake,0.91,1.55999994,0.12,10,automatic,nc,nc
2026-03-22T04:36:10.930Z,33.947833333333,-117.07,13.77,1.02,ml,54,28,0.07888,0.17,ci,ci41422208,2026-03-22T18:53:58.463Z,"5 km SSW of Calimesa, CA",earthquake,0.15,0.44,0.20443827659219,21,reviewed,ci,ci
2026-03-22T04:30:40.916Z,63.265,-150.66,128.3,1.9,ml,22,48,0.7,0.5,ak,aka2026frfbre,2026-03-25T02:56:41.684Z,"61 km ESE of Denali National Park, Alaska",earthquake,4.2,3.6618,0.2,14,reviewed,ak,ak
2026-03-22T04:29:57.584Z,38.44,-116.5037,2.796,1.52,ml,9,196,0.672,0.2831,nn,nn00913069,2026-03-22T04:32:55.098Z,"75 km ENE of Tonopah, Nevada",earthquake,,5.4908,0.48,5,automatic,nn,nn
2026-03-22T04:18:55.630Z,34.42266667,-97.444,4.48,0.91,ml,28,91,0.0638874631,0.24,ok,ok2026fqmu,2026-03-23T19:54:59.938Z,"6 km ESE of Ratliff City, Oklahoma",earthquake,,0.9,0.18,14,reviewed,ok,ok
2026-03-22T04:13:50.000Z,31.678,-104.397,6.0999,2.1,ml,27,69,0,0.2,tx,tx2026frelmg,2026-03-22T19:19:39.984Z,"55 km S of Whites City, New Mexico",earthquake,0.72353126184407,0.51476868347877,0.1,20,reviewed,tx,tx
2026-03-22T04:12:13.524Z,38.4433,-116.5382,5.5815,2.43,ml,12,215,0.466,0.1455,nn,nn00913066,2026-03-23T23:14:41.761Z,"73 km NE of Tonopah, Nevada",earthquake,,3.019,0.28,8,reviewed,nn,nn
2026-03-22T03:54:13.746Z,31.655,-104.298,6.51,1.6,ml,26,68,0,0.2,tx,tx2026frdwgn,2026-03-22T23:11:49.706Z,"58 km S of Whites City, New Mexico",earthquake,0.60791809473522,0.57035497742118,0.1,18,reviewed,tx,tx
2026-03-22T03:51:48.953Z,-6.4122,103.8675,35,4.7,mb,35,137,2.231,1.21,us,us6000sicc,2026-03-22T04:08:26.040Z,"188 km SW of Bandar Lampung, Indonesia",earthquake,10.09,1.908,0.106,29,reviewed,us,us
2026-03-22T03:48:57.526Z,62.418,-149.392,53.7,1.9,ml,24,58,0.4,0.6,ak,aka2026frdrry,2026-03-25T02:39:13.979Z,"36 km E of Chase, Alaska",earthquake,3,4.5956,0.3,13,reviewed,ak,ak
2026-03-22T03:48:03.160Z,52.354833333333,-174.17816666667,9.33,0.7,ml,5,155,0.008626,0.12,av,av94104418,2026-03-24T22:47:34.600Z,"17 km N of Atka, Alaska",earthquake,0.88,0.79,0.34540580836409,6,reviewed,av,av
2026-03-22T03:46:59.186Z,38.1324,-117.9783,10.2114,2.29,ml,9,123,0.412,0.0961,nn,nn00913064,2026-03-23T23:59:21.384Z,"30 km SSE of Mina, Nevada",earthquake,,3.2605,0.32,4,reviewed,nn,nn
2026-03-22T03:46:17.138Z,59.832,-152.679,91,1.6,ml,7,257,0.2,0.4,ak,aka2026frdpoc,2026-03-25T02:37:30.458Z,"47 km W of Anchor Point, Alaska",earthquake,85.7,14.4191,0.4,6,automatic,ak,ak
2026-03-22T03:45:42.340Z,38.808666229248,-122.77950286865,3.1600000858307,1.06,md,20,66,0.01236,0.02,nc,nc75331267,2026-03-22T04:17:25.684Z,"4 km NNW of The Geysers, CA",earthquake,0.27,0.629999995,0.08,23,automatic,nc,nc
2026-03-22T03:42:40.631Z,60.614,-139.989,2.6,2,ml,16,115,0.5,0.8,ak,aka2026frdmia,2026-03-25T02:37:08.895Z,"119 km N of Yakutat, Alaska",earthquake,3.9,3.0157,0.2,13,reviewed,ak,ak
2026-03-22T03:37:42.719Z,34.41516667,-97.45066667,5.1,1.03,ml,35,66,0.05488922886,0.37,ok,ok2026fqll,2026-03-23T19:47:09.705Z,"6 km SE of Ratliff City, Oklahoma",earthquake,,1,0.22,18,reviewed,ok,ok
2026-03-22T03:26:01.379Z,34.43016667,-97.4685,3.82,1.14,ml,33,151,0.06658693337,0.33,ok,ok2026fqlb,2026-03-23T19:31:38.402Z,"4 km ESE of Ratliff City, Oklahoma",earthquake,,1.3,0.23,17,reviewed,ok,ok
2026-03-22T03:24:46.930Z,60.487,-152.7185,-2.86,-0.54,ml,7,121,0.01226,0.06,av,av94104413,2026-03-24T23:02:35.620Z,"75 km NW of Ninilchik, Alaska",earthquake,0.23,0.32,0.13693967891316,6,reviewed,av,av
2026-03-22T03:21:29.240Z,39.423666666667,-112.054,8.73,1.08,md,8,63,0.1017,0.12,uu,uu80132771,2026-03-23T17:38:02.910Z,"20 km NNE of Scipio, Utah",earthquake,0.38,1.05,0.23232359688657,7,reviewed,uu,uu
2026-03-22T03:11:16.680Z,47.610833333333,-121.76616666667,14.25,0.85,ml,10,129,0.09863,0.08,uw,uw62228412,2026-03-23T18:43:25.030Z,"10 km NNE of Snoqualmie, Washington",earthquake,0.36,0.59,0.089082389008732,2,reviewed,uw,uw
2026-03-22T03:06:59.320Z,19.313666666667,-155.40733333333,8.55,0.87,md,15,85,0.02836,0.12,hv,hv74921552,2026-03-24T01:06:42.270Z,"14 km NNE of Pāhala, Hawaii",earthquake,0.43,0.77,0.065951173201092,4,reviewed,hv,hv
2026-03-22T03:04:37.480Z,47.603666666667,-121.74,12.99,2.38,ml,72,51,0.09728,0.19,uw,uw62228407,2026-03-24T22:01:26.513Z,"10 km NE of Snoqualmie, Washington",earthquake,0.19,0.33,0.15730566102966,102,reviewed,uw,uw
2026-03-22T03:03:51.930Z,34.029333333333,-116.75533333333,15.34,1.69,ml,65,30,0.04394,0.19,ci,ci41422184,2026-03-22T13:57:36.789Z,"13 km NNE of Cabazon, CA",earthquake,0.14,0.39,0.17362923527741,30,reviewed,ci,ci
2026-03-22T03:03:45.069Z,-8.9223,-108.3926,10,5.7,mww,76,119,28.049,0.79,us,us6000sic3,2026-03-23T03:28:14.621Z,"central East Pacific Rise",earthquake,13.8,1.898,0.061,26,reviewed,us,us
2026-03-22T03:03:32.590Z,34.025833333333,-116.757,15.5,1.75,ml,78,30,0.04318,0.18,ci,ci41422176,2026-03-22T14:01:39.730Z,"12 km NNE of Cabazon, CA",earthquake,0.13,0.37,0.1653271226057,25,reviewed,ci,ci
2026-03-22T03:00:49.940Z,34.029833333333,-116.75533333333,15.96,1.2,ml,59,30,0.04388,0.16,ci,ci41422168,2026-03-22T14:01:21.070Z,"13 km NNE of Cabazon, CA",earthquake,0.13,0.39,0.12561274445486,25,reviewed,ci,ci
2026-03-22T02:52:30.810Z,60.152,-151.089,63.7,2,ml,23,85,0.4,0.5,ak,aka2026frbvbz,2026-03-22T08:31:27.271Z,"19 km ESE of Clam Gulch, Alaska",earthquake,4.2,5.0463,0.2,13,reviewed,ak,ak
2026-03-22T02:44:39.779Z,51.876,-166.692,3.8,3,ml,15,319,1.7,0.3,ak,aka2026frboqq,2026-03-22T08:29:17.938Z,"189 km SE of Nikolski, Alaska",earthquake,45.1,30.4922,0.2,12,reviewed,ak,ak
2026-03-22T02:39:47.680Z,38.80683517456,-122.77183532715,1.8099999427795,1.11,md,20,80,0.009431,0.02,nc,nc75331257,2026-03-22T03:12:22.329Z,"4 km NNW of The Geysers, CA",earthquake,0.24,0.389999986,0.18,19,automatic,nc,nc
2026-03-22T02:31:46.650Z,60.599,-152.315,14.96,-0.25,ml,8,323,0.05296,0.05,av,av94104383,2026-03-25T14:45:26.190Z,"54 km W of Salamatof, Alaska",earthquake,0.7,0.56,0.15298097384141,8,reviewed,av,av
2026-03-22T02:28:52.989Z,32.48,-101.678,6.8115,0.7,ml,17,67,0.1,0.1,tx,tx2026frbase,2026-03-23T13:28:40.736Z,"6 km SE of Ackerly, Texas",earthquake,0.67115368013155,0.67214097297432,0.1,13,reviewed,tx,tx
2026-03-22T02:28:23.286Z,69.422,-143.689,0.6,3.8,ml,88,104,0.2,0.8,ak,aka2026frbagt,2026-03-25T02:37:09.960Z,"79 km S of Kaktovik, Alaska",earthquake,4.5,4.2953,0.2,63,reviewed,ak,ak
2026-03-22T02:21:43.064Z,60.389,-152.389,111,1.8,ml,20,73,0.2,0.3,ak,aka2026fraunr,2026-03-25T02:31:26.865Z,"54 km NW of Ninilchik, Alaska",earthquake,6,3.9402,0.3,13,reviewed,ak,ak
2026-03-22T02:16:09.116Z,61.996,-149.837,26.5,1.9,ml,24,56,0.7,0.7,ak,aka2026frapsn,2026-03-25T02:28:18.943Z,"18 km S of Susitna North, Alaska",earthquake,3.1,2.5681,0.2,12,reviewed,ak,ak
2026-03-22T02:14:26.617Z,34.6453,-105.631,5,2.7,ml,15,117,0.742,0.55,us,us6000sibr,2026-03-22T02:31:56.040Z,"15 km W of Encino, New Mexico",earthquake,2.99,1.6,0.097,32,reviewed,us,us
2026-03-22T02:13:47.029Z,60.003,-146.867,17.4,2.1,ml,12,224,0.3,0.7,ak,aka2026fransb,2026-03-25T02:26:10.092Z,"64 km E of Chenega, Alaska",earthquake,8.9,2.877,0.2,8,reviewed,ak,ak
2026-03-22T02:12:05.126Z,55.959,-159.78,11.7,2.2,ml,20,168,0.2,0.5,ak,aka2026framfv,2026-03-25T02:22:46.928Z,"19 km WNW of Ivanof Bay, Alaska",earthquake,11.7,2.8301,0.3,15,reviewed,ak,ak
2026-03-22T02:03:39.820Z,19.191165924072,-155.50216674805,33.970001220703,1.82,md,29,131,0.05194,0.129999995,hv,hv74921512,2026-03-22T02:07:58.280Z,"2 km WSW of Pāhala, Hawaii",earthquake,0.69,0.970000029,0.13146656692544,11,automatic,hv,hv
2026-03-22T02:02:02.860Z,38.838165283203,-122.81366729736,0.55000001192093,0.21,md,8,65,0.01501,0.05,nc,nc75331252,2026-03-22T02:17:24.892Z,"8 km WNW of Cobb, CA",earthquake,0.33,1.85000002,0.12,8,automatic,nc,nc
2026-03-22T01:56:37.531Z,62.95,-150.596,160.5,3.1,ml,7,297,1.8,0.5,ak,aka2026fqzzph,2026-03-25T02:21:19.066Z,"51 km N of Petersville, Alaska",earthquake,34.2,22.2444,0.1,7,reviewed,ak,ak
2026-03-22T01:56:36.809Z,63.144,-150.762,131.3,3,ml,123,18,0.6,0.6,ak,aka2026fqzyxh,2026-03-25T02:18:58.002Z,"65 km SE of Denali National Park, Alaska",earthquake,1.9,1.8656,0.3,89,reviewed,ak,ak
2026-03-22T01:49:25.906Z,60.197,-140.865,6.9,1.9,ml,13,169,0.3,0.7,ak,aka2026fqzssi,2026-03-25T03:46:24.077Z,"96 km NW of Yakutat, Alaska",earthquake,7.3,3.4497,0.1,9,reviewed,ak,ak
2026-03-22T01:44:55.690Z,38.822166442871,-122.81216430664,2.8499999046326,1.11,md,15,93,0.002042,0.02,nc,nc75331247,2026-03-22T02:37:21.022Z,"7 km NW of The Geysers, CA",earthquake,0.37,0.660000026,0.15,19,automatic,nc,nc
2026-03-22T01:44:49.210Z,38.074166666667,-111.15766666667,15.07,1.48,md,5,157,0.1644,0.09,uu,uu80132766,2026-03-23T17:34:20.290Z,"29 km NE of Boulder Town, Utah",earthquake,0.5,0.92,0.20466024147495,5,reviewed,uu,uu
2026-03-22T01:31:38.203Z,-41.2577,175.577,54.425,3.8,ml,22,88,0.217,0.86,us,us6000sibh,2026-03-22T05:47:43.562Z,"17 km NNE of Waipawa, New Zealand",earthquake,4.5,6.737,0.055,44,reviewed,us,us
2026-03-22T01:29:47.490Z,-21.2018,-177.9539,427.214,4.3,mb,32,118,5.1,0.87,us,us6000sibi,2026-03-22T05:13:13.040Z,"275 km W of Houma, Tonga",earthquake,13.8,6.51,0.091,35,reviewed,us,us
2026-03-22T01:28:17.231Z,58.733,-152.185,47.7,2.7,ml,56,135,0.2,0.7,ak,aka2026fqzamk,2026-03-25T03:45:48.495Z,"71 km SSW of Nanwalek, Alaska",earthquake,3.5,4.3662,0.1,36,reviewed,ak,ak
2026-03-22T01:23:45.010Z,19.326833333333,-155.21566666667,5.2,1.38,ml,33,135,0.04615,0.13,hv,hv74921497,2026-03-24T18:40:32.530Z,"12 km S of Volcano, Hawaii",earthquake,0.33,0.72,0.13336085679228,22,reviewed,hv,hv
2026-03-22T01:15:20.240Z,38.501333333333,-112.89666666667,2.88,0.94,md,10,72,0.001377,0.04,uu,uu80132761,2026-03-23T17:30:01.350Z,"15 km NE of Milford, Utah",earthquake,0.32,0.47,0.026132145305135,3,reviewed,uu,uu
2026-03-22T01:13:38.810Z,60.579,-139.946,14.6,2.3,ml,14,86,0.5,0.7,ak,aka2026fqynwo,2026-03-25T03:43:03.509Z,"115 km N of Yakutat, Alaska",earthquake,3.7,2.7683,0.2,12,reviewed,ak,ak
2026-03-22T01:03:52.900Z,35.935666666667,-117.676,2.97,0.48,ml,12,89,0.02411,0.07,ci,ci41422128,2026-03-24T17:36:14.586Z,"21 km E of Little Lake, CA",earthquake,0.21,0.36,0.13393334381713,8,reviewed,ci,ci
2026-03-22T00:54:27.550Z,38.791831970215,-122.78182983398,1.6200000047684,1.08,md,8,97,0.004944,0.02,nc,nc75331237,2026-03-22T00:56:03.576Z,"3 km NW of The Geysers, CA",earthquake,0.41,0.550000012,0.29,11,automatic,nc,nc
2026-03-22T00:49:37.210Z,33.535166666667,-116.7305,3.44,0.17,ml,12,70,0.03066,0.09,ci,ci41422104,2026-03-24T22:11:43.314Z,"6 km WSW of Anza, CA",earthquake,0.22,0.32,0.03647547448641,7,reviewed,ci,ci
2026-03-22T00:46:48.735Z,38.4609,-116.4833,7.0639,1.72,ml,8,199,1.067,0.2242,nn,nn00913058,2026-03-22T00:50:03.268Z,"78 km ENE of Tonopah, Nevada",earthquake,,1.0769,0.34,2,automatic,nn,nn
2026-03-22T00:39:59.971Z,61.302,-149.196,31.5,2,ml,31,41,0.2,0.6,ak,aka2026fqxkwm,2026-03-25T02:09:05.599Z,"20 km E of Eagle River, Alaska",earthquake,2.7,1.6728,0.3,17,reviewed,ak,ak
2026-03-22T00:38:34.440Z,51.865166666667,-177.85,3.96,1.22,ml,5,223,0.0554,0.09,av,av94104308,2026-03-24T23:45:08.910Z,"83 km W of Adak, Alaska",earthquake,1.18,0.71,0.34947679680618,5,reviewed,av,av
2026-03-22T00:31:10.580Z,38.822166442871,-122.80750274658,0.76999998092651,0.65,md,8,107,0.002354,0.02,nc,nc75331232,2026-03-22T00:32:52.328Z,"7 km NW of The Geysers, CA",earthquake,0.3,0.720000029,0.39,10,automatic,nc,nc
2026-03-22T00:29:17.580Z,38.835666656494,-122.80133056641,1.9099999666214,0.29,md,9,69,0.009007,0.01,nc,nc75331227,2026-03-22T00:32:49.348Z,"7 km WNW of Cobb, CA",earthquake,0.34,0.870000005,0.18,10,automatic,nc,nc
2026-03-22T00:29:17.405Z,31.176,-103.475,5.177,2.1,ml,20,61,0,0.2,tx,tx2026fqwzeo,2026-03-26T13:50:15.531Z,"22 km SSE of Lindsay, Texas",earthquake,0.95539481005983,0.60371769625325,0.2,31,reviewed,tx,tx
2026-03-22T00:27:22.236Z,60.542,-140.05,12.5,1.9,ml,13,117,0.5,0.7,ak,aka2026fqwzzr,2026-03-25T02:04:19.345Z,"112 km N of Yakutat, Alaska",earthquake,4.8,2.9296,0.2,11,reviewed,ak,ak
2026-03-22T00:14:49.987Z,-28.0716,62.6499,10,4.7,mb,34,95,8.304,0.53,us,us6000sib0,2026-03-22T00:34:21.040Z,"Southwest Indian Ridge",earthquake,11.05,1.897,0.103,29,reviewed,us,us
2026-03-22T00:13:54.470Z,38.82500076294,-122.79699707031,2.2799999713898,0.8,md,10,80,0.01034,0.01,nc,nc75331222,2026-03-22T00:15:28.048Z,"6 km NNW of The Geysers, CA",earthquake,0.45,1,0.24,12,automatic,nc,nc
2026-03-22T00:09:57.986Z,32.094,-101.026,8.0322,1.1,ml,11,70,0.2,0.1,tx,tx2026fqwkzj,2026-03-23T13:53:52.226Z,"28 km N of Sterling City, Texas",earthquake,1.2137577051682,3.3041127669256,0.2,7,reviewed,tx,tx
2026-03-21T23:46:38.941Z,53.2573,-164.1646,35,2.9,ml,26,246,1.243,0.76,us,us6000siax,2026-03-22T06:35:20.535Z,"144 km SE of Akutan, Alaska",earthquake,5.65,2.021,0.105,12,reviewed,us,us
2026-03-21T23:42:27.871Z,60.556,-139.594,2.3,1.9,ml,9,139,0.6,0.5,ak,aka2026fqvnhw,2026-03-22T06:36:21.662Z,"112 km N of Yakutat, Alaska",earthquake,4.8,3.9989,0.2,6,reviewed,ak,ak
2026-03-21T23:42:22.041Z,53.3682,-164.2142,35,2.9,ml,23,226,1.128,0.96,us,us6000siav,2026-03-22T06:37:49.860Z,"133 km SE of Akutan, Alaska",earthquake,5.6,2.014,0.105,12,reviewed,us,us
2026-03-21T23:40:31.790Z,38.5005,-112.9,2.14,1.13,md,10,87,0.00168,0.06,uu,uu80132756,2026-03-23T17:27:33.580Z,"15 km NE of Milford, Utah",earthquake,0.32,0.32,0.052272169955961,3,reviewed,uu,uu
2026-03-21T23:30:14.960Z,48.256833333333,-121.68083333333,9.29,0.6,md,3,146,0.05303,0.08,uw,uw62228382,2026-03-22T05:16:43.120Z,"4 km SE of Swede Heaven, Washington",earthquake,0.99,1.51,0.093894461206281,3,reviewed,uw,uw
2026-03-21T23:29:51.570Z,35.6205,-117.6005,7.49,0.69,ml,18,101,0.1115,0.11,ci,ci41422072,2026-03-22T20:25:53.627Z,"7 km E of Ridgecrest, CA",earthquake,0.22,1.06,0.059261990364849,7,reviewed,ci,ci
2026-03-21T23:25:43.787Z,51.3218,-174.4651,4.307,2.5,ml,13,274,0.897,0.29,us,us6000sias,2026-03-22T06:39:07.521Z,"98 km S of Atka, Alaska",earthquake,4.41,9.395,0.148,6,reviewed,us,us
2026-03-21T23:20:21.680Z,34.196,-117.58066666667,4.97,0.97,ml,38,59,0.06814,0.18,ci,ci41422064,2026-03-22T16:55:53.102Z,"8 km N of Rancho Cucamonga, CA",earthquake,0.24,0.38,0.147676955675,19,reviewed,ci,ci
2026-03-21T23:09:19.440Z,17.989666666667,-66.9485,10.39,2.33,md,7,156,0.06749,0.11,pr,pr71510488,2026-03-21T23:50:23.530Z,"3 km W of Fuig, Puerto Rico",earthquake,0.49,1,0.070322652164063,4,reviewed,pr,pr
2026-03-21T23:05:36.740Z,40.401832580566,-125.08850097656,0.86000001430511,2.88,md,9,308,0.5812,0.23,nc,nc75331217,2026-03-22T01:37:20.604Z,"69 km W of Petrolia, CA",earthquake,9.12,13.79,0.11,6,automatic,nc,nc
2026-03-21T23:04:10.250Z,35.360166666667,-117.7875,6.28,2.55,ml,55,33,0.1041,0.17,ci,ci41422048,2026-03-22T15:57:21.438Z,"14 km W of Johannesburg, CA",earthquake,0.15,0.49,0.19970948951001,93,reviewed,ci,ci
2026-03-21T23:03:27.930Z,19.861833572388,-155.52383422852,22.020000457764,1.9,md,27,173,0.1043,0.0799999982,hv,hv74921407,2026-03-21T23:07:11.760Z,"23 km SE of Waimea, Hawaii",earthquake,0.6,0.50999999,0.074257685595896,8,automatic,hv,hv
2026-03-21T23:01:01.887Z,64.973,-147.464,3.2,1.2,ml,14,56,0.1,0.5,ak,aka2026fqudpg,2026-03-22T06:39:20.853Z,"7 km ENE of Fox, Alaska",earthquake,5.3,6.2426,0.2,8,automatic,ak,ak
2026-03-21T22:56:30.630Z,38.835834503174,-122.79316711426,2.0699999332428,1.14,md,18,50,0.003387,0.02,nc,nc75331197,2026-03-22T01:07:22.399Z,"6 km WNW of Cobb, CA",earthquake,0.23,0.430000007,0.17,20,automatic,nc,nc
2026-03-21T22:49:33.800Z,35.972833333333,-117.596,6.1,0.62,ml,15,91,0.05065,0.12,ci,ci41422032,2026-03-22T13:57:25.037Z,"28 km E of Little Lake, CA",earthquake,0.23,0.49,0.10198545320339,8,reviewed,ci,ci
2026-03-21T22:49:17.890Z,60.0115,-153.1055,0.21,-0.99,ml,5,127,0.03394,0.08,av,av94104218,2026-03-22T07:14:07.960Z,"61 km ENE of Pedro Bay, Alaska",earthquake,0.24,1.44,0.14963591948045,5,reviewed,av,av
2026-03-21T22:39:21.892Z,65.019,-148.561,15.1,1,ml,6,175,0.2,0.3,ak,aka2026fqtkya,2026-03-22T06:39:35.839Z,"32 km NW of Ester, Alaska",earthquake,9.8,4.8598,0.3,4,automatic,ak,ak
2026-03-21T22:36:52.838Z,32.068,-101.129,8.4717,2.4,ml,49,78,0.2,0.1,tx,tx2026fqtgta,2026-03-22T17:38:52.143Z,"22 km ESE of Forsan, Texas",earthquake,0.50023947826275,0.93720038045555,0.1,36,reviewed,tx,tx
2026-03-21T22:21:28.489Z,35.0075,-97.88616667,8.64,1.17,ml,50,100,0.07378552076,0.25,ok,ok2026fqaz,2026-03-23T14:46:11.526Z,"6 km SE of Chickasha, Oklahoma",earthquake,,1,0.26,21,reviewed,ok,ok
2026-03-21T22:19:03.704Z,32.481,-101.672,6.1035,0.5,ml,15,128,0.1,0.1,tx,tx2026fqstja,2026-03-23T14:01:26.085Z,"6 km SE of Ackerly, Texas",earthquake,0.89181607231146,1.0092145897313,0.1,18,reviewed,tx,tx
2026-03-21T22:15:57.006Z,60.144,-152.772,113.4,2.9,ml,138,61,0.2,0.8,ak,aka2026fqsqrc,2026-03-22T06:42:40.384Z,"61 km WNW of Happy Valley, Alaska",earthquake,2.3,1.2699,0.2,97,reviewed,ak,ak
2026-03-21T22:13:15.978Z,31.652,-104.432,6.0486,1.7,ml,28,77,0,0.2,tx,tx2026fqsolb,2026-03-22T21:03:21.555Z,"58 km S of Whites City, New Mexico",earthquake,1.0321162932946,0.47249536640467,0.1,18,reviewed,tx,tx
2026-03-21T22:12:06.180Z,34.005833333333,-117.19216666667,14.23,0.66,ml,24,99,0.07254,0.17,ci,ci41422016,2026-03-22T19:00:13.117Z,"6 km S of Redlands, CA",earthquake,0.27,0.63,0.11807449022169,9,reviewed,ci,ci
2026-03-21T22:01:13.680Z,35.794,-117.62183333333,5.91,0.74,ml,20,63,0.02935,0.16,ci,ci41422008,2026-03-22T13:57:51.791Z,"20 km NNE of Ridgecrest, CA",earthquake,0.25,0.4,0.21317313309516,11,reviewed,ci,ci
2026-03-21T21:40:08.451Z,62.911,-148.203,0.6,2,ml,34,41,0.2,0.7,ak,aka2026fqrlxc,2026-03-22T06:47:05.444Z,"65 km SE of Cantwell, Alaska",earthquake,2.6,2.046,0.2,25,reviewed,ak,ak
2026-03-21T21:32:11.974Z,61.834,-148.076,22.3,2,ml,22,63,0.1,1,ak,aka2026fqrfat,2026-03-22T06:47:24.027Z,"20 km ENE of Chickaloon, Alaska",earthquake,2.9,2.0163,0.4,13,automatic,ak,ak
2026-03-21T21:26:48.620Z,33.514166666667,-116.50116666667,14.13,0.65,ml,29,58,0.08662,0.13,ci,ci41421992,2026-03-22T13:57:58.589Z,"17 km ESE of Anza, CA",earthquake,0.2,0.35,0.21437700564856,16,reviewed,ci,ci
2026-03-21T21:13:05.837Z,36.6754,70.3504,202.051,4.2,mb,31,101,2.193,0.84,us,us6000sia3,2026-03-21T23:11:13.040Z,"45 km ENE of Farkhār, Afghanistan",earthquake,9.32,8.081,0.136,16,reviewed,us,us
2026-03-21T20:35:51.175Z,60.525,-139.841,6.1,2,ml,13,91,0.5,0.8,ak,aka2026fqpimp,2026-03-22T06:50:09.156Z,"109 km N of Yakutat, Alaska",earthquake,4.5,3.1774,0.2,10,reviewed,ak,ak
2026-03-21T20:34:15.436Z,31.957,-104.013,8.3044,1,ml,22,71,0,0.3,tx,tx2026fqphdf,2026-03-24T14:55:50.680Z,"30 km S of Malaga, New Mexico",earthquake,0.87289274717642,1.1990289945782,0.1,18,reviewed,tx,tx
2026-03-21T20:33:00.240Z,19.294166666667,-155.35933333333,29.96,1.24,ml,35,118,0.04627,0.13,hv,hv74921332,2026-03-24T02:39:21.050Z,"16 km NE of Pāhala, Hawaii",earthquake,0.48,0.53,0.19925916076805,21,reviewed,hv,hv
2026-03-21T20:22:29.540Z,38.82149887085,-122.8441696167,2.170000076294,0.84,md,9,104,0.00732,0.01,nc,nc75331167,2026-03-21T20:24:04.281Z,"9 km WNW of The Geysers, CA",earthquake,0.42,0.680000007,0.26,13,automatic,nc,nc
2026-03-21T20:13:38.022Z,59.929,-143.064,24.1,1.8,ml,13,260,0.4,0.5,ak,aka2026fqophn,2026-03-22T06:48:29.342Z,"164 km ESE of Cordova, Alaska",earthquake,9.8,4.3077,0.1,9,reviewed,ak,ak
2026-03-21T20:07:25.788Z,-29.2715,-179.0714,302.214,5,mb,58,47,0.999,0.8,us,us6000si9m,2026-03-21T20:24:53.040Z,"Kermadec Islands region",earthquake,12.65,6.978,0.04,203,reviewed,us,us
2026-03-21T20:04:04.902Z,-6.8851,129.596,181.233,4.1,mb,17,123,2.367,0.97,us,us6000si9l,2026-03-21T22:47:56.040Z,"Banda Sea",earthquake,11.3,9.603,0.151,13,reviewed,us,us
2026-03-21T19:57:40.160Z,33.895166666667,-117.475,3.39,1,ml,19,85,0.05017,0.1,ci,ci41421968,2026-03-22T13:58:02.682Z,"5 km ENE of Home Gardens, CA",earthquake,0.2,0.19,0.36019359878406,31,reviewed,ci,ci
2026-03-21T19:57:15.669Z,61.266,-152.34,2.4,0.9,ml,13,106,0,0.3,ak,aka2026fqobfy,2026-03-22T06:50:26.333Z,"68 km WNW of Tyonek, Alaska",earthquake,5.7,5.4982,0.5,6,automatic,ak,ak
2026-03-21T19:53:58.896Z,-2.0106,122.5358,10,4.2,mb,22,76,4.077,0.77,us,us6000si9k,2026-03-21T20:13:36.040Z,"120 km SSW of Luwuk, Indonesia",earthquake,9.72,1.916,0.141,14,reviewed,us,us
2026-03-21T19:47:09.714Z,-21.3268,-66.6723,232.48,4.5,mb,35,129,2.137,0.83,us,us6000si9i,2026-03-21T22:17:20.040Z,"63 km SW of Atocha, Bolivia",earthquake,8.68,10.419,0.128,18,reviewed,us,us
2026-03-21T19:43:43.350Z,35.6095,-98.0485,6.69,0.97,ml,51,70,0.1529699821,0.15,ok,ok2026fpvu,2026-03-23T19:17:50.751Z,"6 km E of Calumet, Oklahoma",earthquake,,0.3,0.21,19,reviewed,ok,ok
2026-03-21T19:42:37.892Z,60.623,-140.511,8.6,1.8,ml,10,216,0.3,0.9,ak,aka2026fqnoqo,2026-03-22T06:51:47.442Z,"127 km NNW of Yakutat, Alaska",earthquake,13.3,5.5945,0.2,6,reviewed,ak,ak
2026-03-21T19:39:26.747Z,59.753,-153.155,123.3,2.3,ml,39,82,0.1,0.3,ak,aka2026fqnmcp,2026-03-22T07:36:00.762Z,"53 km E of Pedro Bay, Alaska",earthquake,5,2.503,0.3,26,reviewed,ak,ak
2026-03-21T19:36:40.575Z,57.411,-156.787,124.5,2.4,ml,37,148,0.3,0.4,ak,aka2026fqnjlc,2026-03-22T07:32:55.240Z,"38 km ESE of Ugashik, Alaska",earthquake,8.6,2.6487,0.2,25,reviewed,ak,ak
2026-03-21T19:30:22.070Z,35.1075,-97.35083333,14.02,0.99,ml,49,55,0.1547696289,0.11,ok,ok2026fpvj,2026-03-23T19:09:05.970Z,"2 km NNW of Slaughterville, Oklahoma",earthquake,,0.5,0.21,25,reviewed,ok,ok
2026-03-21T19:14:45.372Z,8.4605,39.9824,10,4.3,mb,31,158,4.155,0.48,us,us6000si9g,2026-03-21T20:01:31.040Z,"49 km S of Metahāra, Ethiopia",earthquake,13.28,1.936,0.116,21,reviewed,us,us
2026-03-21T19:06:57.420Z,51.364,-177.586,28.7,2.3,ml,16,267,0.4,0.3,ak,aka2026fqmjso,2026-03-22T07:30:36.814Z,"86 km SW of Adak, Alaska",earthquake,10.5,3.9485,0.1,13,reviewed,ak,ak
2026-03-21T19:05:55.970Z,34.914333333333,-119.05433333333,14.59,1.06,ml,26,94,0.09499,0.15,ci,ci41421936,2026-03-22T17:02:48.676Z,"12 km NE of Pine Mountain Club, CA",earthquake,0.25,0.53,0.094740899947314,7,reviewed,ci,ci
2026-03-21T18:48:52.660Z,19.003833770752,-155.40632629394,35.259998321533,1.71,md,16,242,0.1597,0.180000007,hv,hv74921272,2026-03-21T18:52:19.220Z,"19 km ESE of Naalehu, Hawaii",earthquake,1.2,1.07000005,0.070626280145998,11,automatic,hv,hv
2026-03-21T18:47:35.320Z,35.659833333333,-117.43966666667,2.42,1.76,ml,39,50,0.01402,0.14,ci,ci41421928,2026-03-22T13:58:36.824Z,"12 km SSW of Searles Valley, CA",earthquake,0.13,0.2,0.15363072384245,25,reviewed,ci,ci
2026-03-21T18:46:37.160Z,61.3215,-152.2565,3.61,0.39,ml,6,189,0.08392,0.15,av,av94104093,2026-03-22T07:26:13.973Z,"66 km WNW of Beluga, Alaska",earthquake,1.14,1.58,0.12986715756241,4,reviewed,av,av
2026-03-21T18:23:27.237Z,58.081,-151.965,1.2,2.6,ml,23,208,0.4,0.7,ak,aka2026fqkykf,2026-03-22T07:28:48.239Z,"36 km ENE of Ouzinkie, Alaska",earthquake,6.4,3.5853,0.1,17,reviewed,ak,ak
2026-03-21T18:19:49.190Z,19.154166666667,-155.51166666667,38.44,1.53,ml,34,133,0.04686,0.13,hv,hv74921252,2026-03-24T03:20:26.000Z,"6 km SSW of Pāhala, Hawaii",earthquake,0.61,0.7,0.16744383592746,9,reviewed,hv,hv
2026-03-21T18:13:33.710Z,38.822498321533,-122.80449676514,3.0499999523163,1.04,md,24,34,0.004448,0.02,nc,nc75331137,2026-03-21T18:57:22.911Z,"7 km NW of The Geysers, CA",earthquake,0.23,0.449999988,0.1,23,automatic,nc,nc
2026-03-21T18:08:53.349Z,-7.4983,104.9624,10,5.1,mww,77,64,2.665,0.76,us,us6000si8m,2026-03-22T03:56:38.789Z,"156 km SW of Labuan, Indonesia",earthquake,4.25,1.68,0.093,11,reviewed,us,us
2026-03-21T18:04:58.392Z,38.079,14.5935,60.858,4.1,mb,41,152,2.135,0.95,us,us6000si8l,2026-03-21T18:37:55.040Z,"2 km NNE of Acquedolci, Italy",earthquake,7.38,10.864,0.136,15,reviewed,us,us
2026-03-21T17:53:06.690Z,33.440666666667,-116.8975,10.32,0.45,ml,18,61,0.04264,0.14,ci,ci41421880,2026-03-22T13:58:51.840Z,"3 km W of Aguanga, CA",earthquake,0.23,0.54,0.12782856640849,12,reviewed,ci,ci
2026-03-21T17:52:44.382Z,58.853,-154.513,124.2,2.2,ml,29,102,0.3,0.4,ak,aka2026fqjxyg,2026-03-22T07:39:50.607Z,"67 km SSE of Kokhanok, Alaska",earthquake,6.6,2.9753,0.2,20,reviewed,ak,ak
2026-03-21T17:48:30.753Z,31.434,-103.947,6.0999,1.1,ml,13,77,0.1,0.1,tx,tx2026fqjuht,2026-03-26T14:37:32.806Z,"19 km NW of Toyah, Texas",earthquake,0.92724568315783,1.7278764399577,0.2,17,reviewed,tx,tx
2026-03-21T17:48:27.183Z,59.783,-153.124,119.1,2,ml,26,131,0.1,0.3,ak,aka2026fqjube,2026-03-22T07:37:34.135Z,"55 km E of Pedro Bay, Alaska",earthquake,9.3,2.9958,0.4,17,reviewed,ak,ak
2026-03-21T17:47:40.940Z,36.942001342773,-119.76850128174,11.109999656677,2.62,md,57,28,0.1477,0.39,nc,nc75331127,2026-03-25T16:36:21.871Z,"7 km SW of Friant, CA",earthquake,0.59,1.01999998,0.24,39,automatic,nc,nc
2026-03-21T17:46:42.490Z,38.4955,-112.89416666667,2.53,1.42,md,9,76,0.00563,0.05,uu,uu80132736,2026-03-23T17:18:31.760Z,"14 km NE of Milford, Utah",earthquake,0.24,0.4,0.18081454203594,4,reviewed,uu,uu
2026-03-21T17:39:20.132Z,51.536,178.605,59.4,3.1,ml,28,242,0.4,0.4,ak,aka2026fqjmvv,2026-03-22T07:26:04.097Z,"Rat Islands, Aleutian Islands, Alaska",earthquake,9.8,4.4271,0.2,21,reviewed,ak,ak
2026-03-21T17:38:03.604Z,62.591,-149.822,61.4,1.9,ml,24,69,0.3,0.7,ak,aka2026fqjlhj,2026-03-22T07:21:46.441Z,"21 km NE of Chase, Alaska",earthquake,3.1,4.1948,0.2,18,reviewed,ak,ak
2026-03-21T17:34:56.720Z,37.655334472656,-122.49866485596,7.7399997711182,0.92,md,7,180,0.02619,0,nc,nc75331117,2026-03-21T18:17:21.644Z,"4 km SW of Colma, CA",earthquake,1.33,0.860000014,0.26,6,automatic,nc,nc
2026-03-21T17:32:32.869Z,35.167,-98.1485,6.88,0.56,ml,24,121,0.07828463788,0.22,ok,ok2026fprm,2026-03-23T18:57:39.559Z,"10 km ESE of Gracemont, Oklahoma",earthquake,,0.6,0.13,8,reviewed,ok,ok
2026-03-21T17:30:42.321Z,53.4487,-162.9884,10,3.6,mb,55,218,1.278,0.58,us,us6000si89,2026-03-21T21:06:17.766Z,"158 km S of False Pass, Alaska",earthquake,6.76,1.988,0.177,8,reviewed,us,us
2026-03-21T17:25:25.780Z,45.364333333333,-121.705,2.24,0.76,ml,11,79,0.005772,0.07,uw,uw62228272,2026-03-22T05:03:38.740Z,"7 km NNE of Government Camp, Oregon",earthquake,0.21,0.38,0.15413618513311,3,reviewed,uw,uw
2026-03-21T17:20:13.700Z,36.094665527344,-121.62100219727,14.010000228882,0.96,md,9,208,0.04504,0.11,nc,nc75331112,2026-03-21T17:52:18.471Z,"10 km NNW of Lopez Point, CA",earthquake,2.36,2.77999997,0.05,5,automatic,nc,nc
2026-03-21T17:18:21.437Z,31.995,-103.833,7.843,0.8,ml,12,78,0,0.2,tx,tx2026fqitlp,2026-03-24T15:18:50.472Z,"33 km SE of Malaga, New Mexico",earthquake,1.3747190470769,0.87795624771737,0.2,11,reviewed,tx,tx
2026-03-21T17:13:50.502Z,36.2677,70.7264,95.778,4.4,mb,55,95,2.477,0.96,us,us6000si84,2026-03-21T17:36:24.040Z,"66 km S of Jurm, Afghanistan",earthquake,9.65,7.7,0.08,45,reviewed,us,us
2026-03-21T17:13:17.280Z,60.704,-147.405,13.7,2,ml,19,116,0.2,0.6,ak,aka2026fqipyh,2026-03-22T07:20:12.042Z,"43 km WSW of Tatitlek, Alaska",earthquake,3.4,1.9656,0.2,13,reviewed,ak,ak
2026-03-21T17:06:37.202Z,60.544,-139.955,14.6,2.2,ml,12,123,0.5,0.8,ak,aka2026fqikef,2026-03-22T07:18:02.519Z,"111 km N of Yakutat, Alaska",earthquake,4.6,3.0004,0.2,10,reviewed,ak,ak
2026-03-21T17:05:04.950Z,34.42266667,-97.44983333,4.56,1.56,ml,40,65,0.06208781625,0.37,ok,ok2026fpqo,2026-03-23T18:49:37.771Z,"6 km ESE of Ratliff City, Oklahoma",earthquake,,1,0.24,20,reviewed,ok,ok
2026-03-21T16:43:10.190Z,60.148,-140.936,40.3,2,ml,13,179,0.3,0.8,ak,aka2026fqhpzl,2026-03-22T07:16:34.044Z,"95 km NW of Yakutat, Alaska",earthquake,11.6,8.9093,0.1,9,reviewed,ak,ak
2026-03-21T16:36:23.230Z,34.191833333333,-118.1295,13.46,0.85,ml,14,135,0.05049,0.11,ci,ci41421808,2026-03-22T16:01:54.066Z,"0 km NNE of Altadena, CA",earthquake,0.3,0.52,0.14302385589051,6,reviewed,ci,ci
2026-03-21T16:34:06.620Z,51.7695,-178.84083333333,11.52,0.65,ml,5,210,0.01272,0.27,av,av94104008,2026-03-21T18:22:30.270Z,"152 km W of Adak, Alaska",earthquake,1.79,1.19,0.1977214092518,5,reviewed,av,av
2026-03-21T16:29:05.940Z,38.497333333333,-112.89183333333,2.59,1.38,md,13,52,0.005603,0.08,uu,uu80132726,2026-03-23T17:11:27.030Z,"15 km NE of Milford, Utah",earthquake,0.3,0.44,0.19827058570831,4,reviewed,uu,uu
2026-03-21T16:28:38.712Z,54.481,-160.529,3.9,2.5,ml,17,272,1,0.5,ak,aka2026fqhdlw,2026-03-22T07:14:32.525Z,"95 km S of Sand Point, Alaska",earthquake,7.8,3.4667,0.1,13,reviewed,ak,ak
2026-03-21T16:28:08.697Z,60.359,-152.462,100.1,1.6,ml,16,164,0.2,0.7,ak,aka2026fqhdav,2026-03-22T07:13:39.779Z,"55 km NW of Ninilchik, Alaska",earthquake,7.1,4.2181,0.4,9,reviewed,ak,ak
2026-03-21T16:22:49.990Z,46.810666666667,-121.98333333333,5.39,0.41,ml,20,107,0.03906,0.1,uw,uw62228262,2026-03-22T04:52:15.600Z,"6 km NNE of Ashford, Washington",earthquake,0.27,0.49,0.16088449775277,7,reviewed,uw,uw
2026-03-21T16:22:23.297Z,54.335,-161.445,7.8,2.3,ml,10,327,0.8,0.3,ak,aka2026fqgyfg,2026-03-22T08:25:43.630Z,"98 km SE of King Cove, Alaska",earthquake,12.9,5.3458,0.2,7,reviewed,ak,ak
2026-03-21T16:19:55.790Z,38.818668365479,-122.7945022583,3.3099999427795,1.98,md,41,29,0.0107,0.05,nc,nc75331092,2026-03-21T17:17:21.256Z,"6 km NW of The Geysers, CA",earthquake,0.18,0.289999992,0.13,42,automatic,nc,nc
2026-03-21T16:19:01.000Z,38.824001312256,-122.7636642456,2.3800001144409,0.4,md,7,134,0.008097,0.02,nc,nc75331087,2026-03-21T16:42:20.039Z,"4 km W of Cobb, CA",earthquake,0.52,0.850000024,0.26,9,automatic,nc,nc
2026-03-21T16:05:54.592Z,61.748,-151.169,80,2.1,ml,48,39,0.3,0.7,ak,aka2026fqgjws,2026-03-22T08:24:35.334Z,"29 km SSE of Skwentna, Alaska",earthquake,2.6,2.5884,0.2,35,reviewed,ak,ak
2026-03-21T16:02:13.220Z,33.938333333333,-116.87416666667,7.11,0.17,ml,11,103,0.1112,0.14,ci,ci41421792,2026-03-24T22:08:57.166Z,"1 km N of Banning, CA",earthquake,0.39,1.69,0.099057975911344,8,reviewed,ci,ci
2026-03-21T16:01:37.200Z,35.871166666667,-117.72216666667,8.41,0.54,ml,18,49,0.07147,0.13,ci,ci41421784,2026-03-24T17:10:57.803Z,"18 km ESE of Little Lake, CA",earthquake,0.22,0.62,0.35791860923808,10,reviewed,ci,ci
2026-03-21T16:01:05.342Z,53.0092,-167.9543,35,3.3,ml,23,207,0.37,0.51,us,us6000si7i,2026-03-22T08:21:00.509Z,"61 km E of Nikolski, Alaska",earthquake,5.22,1.982,0.097,14,reviewed,us,us
2026-03-21T15:56:32.480Z,38.494333333333,-112.89633333333,1.9,0.92,md,11,76,0.006108,0.09,uu,uu80132721,2026-03-23T17:06:52.990Z,"14 km NE of Milford, Utah",earthquake,0.28,0.48,0.40067316500803,4,reviewed,uu,uu
2026-03-21T15:51:39.560Z,38.495,-112.8975,2.39,1.07,md,12,77,0.00533,0.06,uu,uu80132716,2026-03-23T16:52:58.150Z,"14 km NE of Milford, Utah",earthquake,0.32,0.42,0.63767118007566,6,reviewed,uu,uu
2026-03-21T15:45:43.610Z,19.799666666667,-154.9715,43.45,1.92,md,17,246,0.1123,0.13,hv,hv74921157,2026-03-24T03:27:25.790Z,"12 km E of Pāpa‘ikou, Hawaii",earthquake,0.86,1.02,0.0094966773097041,2,reviewed,hv,hv
2026-03-21T15:40:55.017Z,61.555,-141.121,6.9,1.8,ml,9,121,0.4,0.6,ak,aka2026fqfoit,2026-03-26T00:21:30.389Z,"96 km E of McCarthy, Alaska",earthquake,6.1,5.517,0.2,7,reviewed,ak,ak
2026-03-21T15:34:44.320Z,33.881333333333,-116.164,5.28,1.75,ml,64,39,0.04469,0.17,ci,ci41421760,2026-03-22T14:00:42.640Z,"18 km NNE of Indio, CA",earthquake,0.13,0.34,0.16896898498353,26,reviewed,ci,ci
2026-03-21T15:34:24.050Z,33.494833333333,-116.47216666667,13.71,0.71,ml,26,66,0.1087,0.15,ci,ci41421752,2026-03-22T13:59:28.937Z,"20 km ESE of Anza, CA",earthquake,0.22,0.53,0.16263705607574,18,reviewed,ci,ci
2026-03-21T15:30:04.050Z,38.829833984375,-122.81099700928,1.5299999713898,1.29,md,27,39,0.00647,0.02,nc,nc75331077,2026-03-21T16:27:18.945Z,"8 km NW of The Geysers, CA",earthquake,0.18,0.310000002,0.15,27,automatic,nc,nc
2026-03-21T15:26:34.299Z,35.0065,-97.75733333,11.27,2.76,ml,89,44,0,0.18,ok,ok2026fpnh,2026-03-21T16:08:06.681Z,"10 km N of Alex, Oklahoma",earthquake,,0.6,0.21,47,reviewed,ok,ok
2026-03-21T15:24:44.060Z,19.111833572388,-155.50917053223,32.509998321533,1.83,md,16,184,0.06212,0.140000001,hv,hv74921142,2026-03-21T15:28:30.330Z,"8 km ENE of Naalehu, Hawaii",earthquake,0.69,1.02999997,0.17218439102902,11,automatic,hv,hv
2026-03-21T15:21:45.574Z,48.5553,149.7411,348.098,4.4,mb,76,110,6.793,0.6,us,us6000si77,2026-03-21T15:42:33.040Z,"northwest of the Kuril Islands",earthquake,11.5,6.808,0.034,251,reviewed,us,us
2026-03-21T15:21:41.150Z,38.4945,-112.895,1.62,1.26,md,9,87,0.006242,0.04,uu,uu80132711,2026-03-23T16:50:30.280Z,"14 km NE of Milford, Utah",earthquake,0.22,0.42,0.36291250687938,4,reviewed,uu,uu
2026-03-21T15:20:25.170Z,40.304832458496,-124.38500213623,8.829999923706,1.76,md,6,275,0.03634,0.05,nc,nc75331072,2026-03-21T16:07:22.824Z,"9 km WSW of Petrolia, CA",earthquake,1.42,0.910000026,0.1,4,automatic,nc,nc
2026-03-21T15:14:00.530Z,38.498,-112.89766666667,2.47,1.04,md,11,75,0.002332,0.06,uu,uu80132706,2026-03-23T16:48:12.640Z,"14 km NE of Milford, Utah",earthquake,0.28,0.35,0.1635806053352,5,reviewed,uu,uu
2026-03-21T15:02:59.840Z,55.981666666667,-159.7115,22.2,0.82,ml,5,310,0.1236,0.09,av,av94103883,2026-03-22T06:26:35.310Z,"16 km WNW of Ivanof Bay, Alaska",earthquake,0.82,1.14,0.17372078091906,5,reviewed,av,av
2026-03-21T14:33:02.508Z,60.016,-152.517,84,1.8,ml,19,126,0.3,0.4,ak,aka2026fqdhvz,2026-03-22T07:48:14.579Z,"44 km W of Happy Valley, Alaska",earthquake,5.7,3.7603,0.2,12,reviewed,ak,ak
2026-03-21T14:30:24.800Z,38.502666666667,-112.89733333333,2.01,0.79,md,12,76,0.002371,0.07,uu,uu80132701,2026-03-23T16:45:00.300Z,"15 km NE of Milford, Utah",earthquake,0.29,0.32,0.35777026612217,4,reviewed,uu,uu
2026-03-21T14:27:11.290Z,38.822334289551,-122.80616760254,2.9100000858307,0.78,md,13,75,0.00323,0.01,nc,nc75331057,2026-03-21T14:57:20.364Z,"7 km NW of The Geysers, CA",earthquake,0.31,1.03999996,0.17,13,automatic,nc,nc
2026-03-21T14:26:54.863Z,57.689,-155.549,79.7,1.9,ml,22,159,0.4,0.4,ak,aka2026fqdcoo,2026-03-22T07:50:17.815Z,"66 km W of Karluk, Alaska",earthquake,12,4.1491,0.2,12,reviewed,ak,ak
2026-03-21T14:17:58.015Z,13.0997,-88.8667,67.594,4.4,mb,28,173,0.613,0.96,us,us6000si6s,2026-03-21T15:10:21.040Z,"38 km SW of Jiquilisco, El Salvador",earthquake,5.65,7.387,0.066,67,reviewed,us,us
2026-03-21T14:13:57.530Z,58.292666666667,-154.98983333333,3.8,-0.16,ml,8,130,0.03929,0.15,av,av94103833,2026-03-22T07:42:04.325Z,"86 km NNW of Karluk, Alaska",earthquake,0.44,0.63,0.27942644123086,8,reviewed,av,av
2026-03-21T14:13:48.210Z,38.791999816895,-122.76866912842,2.1099998950958,0.75,md,11,77,0.0111,0.04,nc,nc75331047,2026-03-21T15:12:21.458Z,"2 km NNW of The Geysers, CA",earthquake,0.34,0.730000019,0.31,10,automatic,nc,nc
2026-03-21T14:10:15.773Z,60.555,-139.948,1.5,2,ml,13,122,0.5,0.8,ak,aka2026fqcoky,2026-03-22T07:42:06.352Z,"112 km N of Yakutat, Alaska",earthquake,4.3,3.4402,0.2,10,reviewed,ak,ak
2026-03-21T14:08:27.600Z,34.4125,-97.449,5.97,2.1,ml,73,41,0.05308958201,0.39,ok,ok2026fpkt,2026-03-21T15:09:13.163Z,"6 km SE of Ratliff City, Oklahoma",earthquake,,0.8,0.24,35,reviewed,ok,ok
2026-03-21T14:05:09.600Z,38.495666666667,-112.90083333333,2.29,1.68,ml,17,46,0.005204,0.09,uu,uu80132696,2026-03-23T16:41:52.040Z,"14 km NE of Milford, Utah",earthquake,0.23,0.38,0.092531328869711,4,reviewed,uu,uu
2026-03-21T14:04:29.100Z,39.232166666667,-123.20066666667,6.56,1.1,md,13,67,0.07255,0.05,nc,nc75331042,2026-03-23T09:57:20.798Z,"4 km S of Redwood Valley, CA",earthquake,0.2,0.62,0.116,10,reviewed,nc,nc
2026-03-21T14:03:57.670Z,38.497833333333,-112.8955,2.78,1.39,md,11,66,0.00311,0.05,uu,uu80132691,2026-03-23T16:37:23.050Z,"15 km NE of Milford, Utah",earthquake,0.3,0.37,0.3971660745741,5,reviewed,uu,uu
2026-03-21T14:01:20.400Z,34.034166666667,-117.18316666667,10.09,0.99,ml,62,34,0.05877,0.16,ci,ci41421680,2026-03-22T17:13:08.028Z,"2 km S of Redlands, CA",earthquake,0.14,0.31,0.19056279071232,33,reviewed,ci,ci
2026-03-21T13:59:23.076Z,62.188,-150.239,3.4,2.2,ml,38,57,0.2,0.6,ak,aka2026fqcewa,2026-03-22T07:53:27.936Z,"14 km S of Trapper Creek, Alaska",earthquake,1.8,1.8074,0.1,26,reviewed,ak,ak
2026-03-21T13:58:02.980Z,36.993499755859,-121.35633087158,7.5500001907349,1.15,md,12,104,0.05736,0.17,nc,nc75331032,2026-03-21T14:47:22.298Z,"17 km NNE of Hollister, CA",earthquake,0.58,1.73000002,0.14,9,automatic,nc,nc
2026-03-21T13:40:25.050Z,38.834167480469,-122.80883026123,2.829999923706,0.76,md,7,101,0.0108,0.02,nc,nc75331027,2026-03-21T14:22:23.130Z,"8 km W of Cobb, CA",earthquake,0.54,1.57000005,0.49,8,automatic,nc,nc
2026-03-21T13:39:27.443Z,31.668,-104.31,6.087,2.1,ml,33,67,0,0.2,tx,tx2026fqblxg,2026-03-22T02:45:41.267Z,"56 km S of Whites City, New Mexico",earthquake,0.51328878852551,0.66151685328114,0.1,21,reviewed,tx,tx
2026-03-21T13:25:33.320Z,54.766,-164.09483333333,2.22,1.54,ml,5,164,0.08012,0.14,av,av94103813,2026-03-21T18:27:29.700Z,"45 km WSW of False Pass, Alaska",earthquake,0.61,1.1,0.1544636418482,5,reviewed,av,av
2026-03-21T13:25:16.790Z,54.756333333333,-164.105,7.65,1.05,ml,4,174,0.07822,0.17,av,av93056979,2026-03-21T18:29:29.900Z,"45 km WSW of False Pass, Alaska",earthquake,1.75,1.84,0.36270115886399,4,reviewed,av,av
2026-03-21T13:23:17.689Z,31.733,-104.247,6.51,1.8,ml,7,75,0,0.1,tx,tx2026fqaztn,2026-03-23T11:58:45.784Z,"50 km SSE of Whites City, New Mexico",earthquake,0.79397015441292,0.65635303535916,0.1,17,reviewed,tx,tx
2026-03-21T13:18:46.330Z,36.126166666667,-117.87033333333,2.42,0.92,ml,20,90,0.01518,0.11,ci,ci41421672,2026-03-22T14:00:07.913Z,"11 km NE of Coso Junction, CA",earthquake,0.18,0.18,0.25269616802903,12,reviewed,ci,ci
2026-03-21T13:18:41.061Z,40.57,-119.7267,8.5089,1.8,ml,7,178,0.4,0.0726,nn,nn00913038,2026-03-26T21:08:03.611Z,"32 km W of Empire, Nevada",earthquake,,4.3611,0.38,6,reviewed,nn,nn
2026-03-21T13:08:02.833Z,43.7221,-76.4802,5,2.8,mb_lg,21,50,0.428,0.21,us,us6000si68,2026-03-25T23:36:17.840Z,"27 km WSW of Henderson, New York",earthquake,0.91,1.959,0.17,9,reviewed,us,us
2026-03-21T13:07:18.808Z,60.556,-139.905,6.3,2.1,ml,9,125,0.5,0.5,ak,aka2026fqalzj,2026-03-22T08:15:18.579Z,"112 km N of Yakutat, Alaska",earthquake,5.7,4.7406,0.3,6,reviewed,ak,ak
2026-03-21T13:07:15.250Z,36.587665557861,-121.22583007812,8.8400001525879,2.03,md,34,37,0.03623,0.25,nc,nc75331022,2026-03-21T13:57:19.964Z,"10 km NW of Pinnacles, CA",earthquake,0.4,1.15999997,0.19,30,automatic,nc,nc
2026-03-21T13:05:45.053Z,32.883,-100.906,5.6885,0.8,ml,9,58,0,0.1,tx,tx2026fqakqc,2026-03-23T16:48:18.258Z,"18 km N of Snyder, Texas",earthquake,0.6156355525551,0.48907842882882,0.2,6,reviewed,tx,tx
2026-03-21T13:04:39.320Z,19.205833435059,-155.49482727051,30.040000915527,1.75,md,32,75,0.05892,0.150000006,hv,hv74921072,2026-03-21T13:08:33.990Z,"1 km W of Pāhala, Hawaii",earthquake,0.55,0.819999993,0.21888542517003,13,automatic,hv,hv
2026-03-21T13:02:44.919Z,58.904,-153.022,13.7,2.3,ml,40,78,0.3,0.6,ak,aka2026fqaibc,2026-03-22T08:18:07.198Z,"80 km SW of Nanwalek, Alaska",earthquake,2.7,1.446,0.3,16,reviewed,ak,ak
2026-03-21T12:58:06.067Z,53.928,-162.504,2.8,3,ml,34,229,1,0.5,ak,aka2026fqadzk,2026-03-22T08:14:18.107Z,"118 km SSE of False Pass, Alaska",earthquake,5,2.5293,0.1,26,reviewed,ak,ak
2026-03-21T12:56:14.771Z,31.732,-104.241,7.1765,1.5,ml,32,49,0,0.2,tx,tx2026fqacay,2026-03-23T13:02:12.155Z,"50 km SSE of Whites City, New Mexico",earthquake,0.59230732809434,0.61357866405651,0.1,22,reviewed,tx,tx
2026-03-21T12:54:03.273Z,31.613,-104.275,7.4585,1.5,ml,33,71,0.1,0.2,tx,tx2026fqaaoj,2026-03-23T12:34:48.880Z,"56 km NW of Toyah, Texas",earthquake,1.0708146353265,0.85757105354024,0.2,17,reviewed,tx,tx
2026-03-21T12:52:51.193Z,58.477,-155.388,140.1,3.2,ml,101,48,0.1,0.6,ak,aka2026fpzznh,2026-03-22T08:08:03.084Z,"77 km ESE of King Salmon, Alaska",earthquake,4.1,1.3924,0.6,73,reviewed,ak,ak
2026-03-21T12:42:09.763Z,31.579,-102.169,7.1045,1.7,ml,12,81,0.1,0.1,tx,tx2026fpzqhr,2026-03-23T16:00:09.122Z,"26 km NE of Crane, Texas",earthquake,0.97192341823791,2.4544020938638,0.6,6,reviewed,tx,tx
2026-03-21T12:31:19.904Z,59.995,-151.479,67,2,ml,8,177,0.4,0.2,ak,aka2026fpzgwy,2026-03-22T08:01:49.678Z,"12 km ESE of Ninilchik, Alaska",earthquake,11.1,7.6807,0.4,7,reviewed,ak,ak
2026-03-21T12:23:44.353Z,60.523,-139.688,8.5,1.9,ml,8,140,0.5,0.5,ak,aka2026fpzald,2026-03-22T07:54:23.016Z,"108 km N of Yakutat, Alaska",earthquake,5.4,3.8953,0.2,7,reviewed,ak,ak
2026-03-21T12:21:47.415Z,37.3848,-116.0327,6.0774,1.97,ml,56,100,0.167,0.1216,nn,nn00913031,2026-03-26T18:19:32.142Z,"38 km SW of Rachel, Nevada",earthquake,,0.9942,0.26,26,reviewed,nn,nn
2026-03-21T12:16:46.736Z,23.8496,-45.8331,10,6.6,mww,114,31,16.131,0.68,us,us6000si5l,2026-03-22T12:41:01.151Z,"northern Mid-Atlantic Ridge",earthquake,9.59,1.851,0.054,33,reviewed,us,us
2026-03-21T12:11:44.230Z,38.496666666667,-112.89533333333,2.64,1.17,md,10,75,0.004164,0.06,uu,uu80132676,2026-03-23T16:33:40.400Z,"14 km NE of Milford, Utah",earthquake,0.27,0.44,0.17339494066248,3,reviewed,uu,uu
2026-03-21T12:10:25.500Z,38.4995,-112.90066666667,1.88,1.6,ml,20,43,0.002346,0.09,uu,uu80132671,2026-03-23T16:31:22.680Z,"14 km NE of Milford, Utah",earthquake,0.22,0.33,0.095979730719752,4,reviewed,uu,uu
2026-03-21T12:09:59.820Z,38.809833526611,-122.81199645996,3.3900001049042,1.08,md,19,59,0.01317,0.03,nc,nc75331007,2026-03-21T12:11:33.460Z,"6 km NW of The Geysers, CA",earthquake,0.29,0.660000026,0.21,18,automatic,nc,nc
2026-03-21T11:57:02.615Z,60.442,-139.588,9.1,2.1,ml,13,105,0.5,0.8,ak,aka2026fpydky,2026-03-22T07:56:17.471Z,"100 km N of Yakutat, Alaska",earthquake,4,2.8166,0.1,10,reviewed,ak,ak
2026-03-21T11:54:07.340Z,60.296,-152.226,90.2,1.9,ml,32,54,0.4,0.5,ak,aka2026fpyaxm,2026-03-22T07:59:38.624Z,"41 km NW of Ninilchik, Alaska",earthquake,3.4,3.0529,0.2,22,reviewed,ak,ak
2026-03-21T11:53:55.080Z,38.500166666667,-112.89516666667,2.6,0.99,md,9,116,0.002127,0.06,uu,uu80132666,2026-03-23T16:27:14.830Z,"15 km NE of Milford, Utah",earthquake,0.35,0.37,0.28931022753201,4,reviewed,uu,uu
2026-03-21T11:53:16.975Z,29.4304,130.6158,39.075,4.5,mb,58,127,2.077,0.45,us,us6000si5j,2026-03-21T12:54:45.040Z,"89 km S of Koshima, Japan",earthquake,7.74,7.603,0.079,47,reviewed,us,us
2026-03-21T11:52:16.999Z,53.555,-165.671,23.1,2.7,ml,32,213,0.6,0.5,ak,aka2026fpxzhw,2026-03-22T07:10:07.823Z,"64 km S of Akutan, Alaska",earthquake,7.2,3.9775,0.1,24,reviewed,ak,ak
2026-03-21T11:47:30.680Z,33.639333333333,-117.01433333333,13.34,0.85,ml,44,31,0.0114,0.17,ci,ci41421656,2026-03-22T14:00:02.749Z,"10 km SE of Winchester, CA",earthquake,0.18,0.33,0.17225820331899,25,reviewed,ci,ci
2026-03-21T11:43:31.170Z,55.374,-161.85616666667,14.31,0.36,ml,5,128,0.02803,0.12,av,av93057014,2026-03-22T05:35:02.740Z,"45 km NE of King Cove, Alaska",earthquake,1.07,0.78,0.076512581504569,5,reviewed,av,av
2026-03-21T11:33:59.390Z,38.498166666667,-112.89716666667,2.6,1.54,md,10,75,0.002229,0.05,uu,uu80132661,2026-03-23T16:25:13.240Z,"14 km NE of Milford, Utah",earthquake,0.28,0.41,0.079779061159711,3,reviewed,uu,uu
2026-03-21T11:17:10.420Z,35.674333333333,-117.476,7.42,0.86,ml,28,43,0.04356,0.16,ci,ci41421640,2026-03-22T14:00:18.557Z,"12 km SSW of Searles Valley, CA",earthquake,0.19,0.58,0.087654960513098,11,reviewed,ci,ci
2026-03-21T11:12:20.965Z,41.0791,-127.1902,10,3,ml,27,275,2.408,0.78,us,us6000si56,2026-03-23T09:22:15.745Z,"252 km W of Indianola, California",earthquake,4.58,2.024,0.042,74,reviewed,us,us
2026-03-21T11:12:04.833Z,29.4276,130.7265,25.517,5.4,mww,86,94,2.088,1.17,us,us6000si57,2026-03-22T11:35:31.232Z,"91 km SSE of Koshima, Japan",earthquake,6.92,4.909,0.063,24,reviewed,us,us
2026-03-21T11:08:03.580Z,39.243833333333,-111.04733333333,19.35,0.85,ml,6,90,0.1355,0.08,uu,uu80132656,2026-03-23T16:22:25.270Z,"1 km NNE of Orangeville, Utah",earthquake,0.46,1.79,0.10319371670095,3,reviewed,uu,uu
2026-03-21T10:52:41.207Z,28.382,-98.761,4.8375,1.3,ml,14,88,0.2,0.3,tx,tx2026fpvzzu,2026-03-24T15:20:54.095Z,"10 km SSE of Fowlerton, Texas",earthquake,1.5337669652031,1.4163816259729,0.2,6,reviewed,tx,tx
2026-03-21T10:51:23.040Z,38.82483291626,-122.8450012207,1.8200000524521,0.75,md,10,95,0.007975,0.01,nc,nc75330987,2026-03-21T11:07:21.782Z,"9 km NW of The Geysers, CA",earthquake,0.3,0.600000024,0.21,12,automatic,nc,nc
2026-03-21T10:38:47.040Z,33.222333333333,-116.75516666667,10.02,0.17,ml,24,36,0.01394,0.15,ci,ci41421632,2026-03-24T19:39:07.903Z,"2 km SSE of Lake Henshaw, CA",earthquake,0.19,0.44,0.17719939532559,16,reviewed,ci,ci
2026-03-21T10:35:53.868Z,-55.4876,-124.8018,10,5.4,mww,38,117,30.449,0.75,us,us6000sieq,2026-03-24T15:00:11.221Z,"southern East Pacific Rise",earthquake,9.78,1.722,0.098,10,reviewed,us,us
2026-03-21T10:34:33.460Z,17.937166666667,-66.939333333333,6.12,2.48,md,25,201,0.06848,0.13,pr,pr71510453,2026-03-21T13:44:15.510Z,"5 km SW of Guánica, Puerto Rico",earthquake,0.39,0.2,0.27361479774894,15,reviewed,pr,pr
2026-03-21T10:29:12.241Z,63.211,-148.748,80.4,2,ml,45,46,0.2,0.6,ak,aka2026fpvfss,2026-03-22T07:05:27.315Z,"22 km SSE of Cantwell, Alaska",earthquake,2.8,2.8021,0.2,31,reviewed,ak,ak
2026-03-21T10:25:58.666Z,-30.2134,-177.1604,10,5,mb,32,148,1.174,0.93,us,us6000si52,2026-03-21T10:42:29.040Z,"Kermadec Islands, New Zealand",earthquake,9.51,1.91,0.116,24,reviewed,us,us
2026-03-21T10:25:53.684Z,61.252,-151.711,89.2,2.2,ml,62,37,0.2,0.7,ak,aka2026fpvcwv,2026-03-22T07:03:29.503Z,"35 km WNW of Beluga, Alaska",earthquake,2.8,1.9446,0.3,35,reviewed,ak,ak
2026-03-21T10:00:37.467Z,-24.0759,-66.977,192.58,5.6,mww,67,31,1.571,1.18,us,us6000si4j,2026-03-22T10:23:41.576Z,"68 km WNW of San Antonio de los Cobres, Argentina",earthquake,8.07,6.248,0.06,27,reviewed,us,us
2026-03-21T09:59:53.746Z,60.167,-151.119,47.1,2.3,ml,47,62,0.4,0.7,ak,aka2026fpugmg,2026-03-22T06:59:14.547Z,"16 km ESE of Clam Gulch, Alaska",earthquake,2.6,4.5623,0.2,32,reviewed,ak,ak
2026-03-21T09:59:26.640Z,38.500833333333,-112.89883333333,2.16,0.61,md,11,82,0.0009077,0.06,uu,uu80132646,2026-03-23T16:18:31.580Z,"15 km NE of Milford, Utah",earthquake,0.31,0.45,0.48734071421009,5,reviewed,uu,uu
2026-03-21T09:53:35.555Z,32.458,-102.051,8.9111,1.4,ml,54,56,0.1,0.2,tx,tx2026fpubay,2026-03-23T10:03:14.707Z,"31 km SSW of Los Ybanez, Texas",earthquake,0.35268118126206,0.52522710162192,0.2,30,reviewed,tx,tx
2026-03-21T09:49:20.320Z,38.757333333333,-122.7205,1.88,0.81,md,6,200,0.005451,0.03,nc,nc75330952,2026-03-21T23:12:20.634Z,"3 km SW of Anderson Springs, CA",earthquake,0.96,0.34,0.381,5,reviewed,nc,nc
2026-03-21T09:33:17.530Z,53.913333333333,-166.7065,3.62,0.12,ml,7,143,0.03291,0.24,av,av94103588,2026-03-22T03:18:26.310Z,"11 km WNW of Dutch Harbor, Alaska",earthquake,0.49,0.84,0.16371531103855,7,reviewed,av,av
2026-03-21T09:31:46.860Z,33.8505,-116.16766666667,3.18,0.81,ml,27,81,0.06986,0.15,ci,ci41421624,2026-03-22T20:50:05.144Z,"15 km NNE of Indio, CA",earthquake,0.22,0.65,0.17547820384731,13,reviewed,ci,ci
2026-03-21T09:31:19.940Z,52.366333333333,-174.161,2.25,-0.11,ml,5,168,0.007173,0.23,av,av94103583,2026-03-22T02:59:26.250Z,"19 km N of Atka, Alaska",earthquake,0.63,1.03,0.54222303624863,5,reviewed,av,av
2026-03-21T09:28:40.190Z,34.1425,-117.01333333333,5.86,0.9,ml,55,35,0.07906,0.12,ci,ci41421616,2026-03-22T14:00:59.360Z,"11 km SE of Running Springs, CA",earthquake,0.1,0.28,0.15858047663293,27,reviewed,ci,ci
2026-03-21T09:25:58.610Z,52.3441,-170.4977,56.472,2.9,ml,16,208,0.569,0.93,us,us6000si49,2026-03-22T06:56:29.864Z,"129 km WSW of Nikolski, Alaska",earthquake,11.32,19.242,0.105,12,reviewed,us,us
2026-03-21T09:18:12.690Z,33.871666666667,-116.16766666667,6.7,0.79,ml,31,81,0.05386,0.15,ci,ci41421608,2026-03-22T20:43:30.979Z,"17 km NNE of Indio, CA",earthquake,0.22,0.5,0.10348425819675,14,reviewed,ci,ci
2026-03-21T09:13:33.070Z,33.011666666667,-115.59066666667,10.61,1.42,ml,40,39,0.09944,0.25,ci,ci41421600,2026-03-22T16:13:43.701Z,"4 km SE of Westmorland, CA",earthquake,0.24,0.54,0.10313447650609,31,reviewed,ci,ci
2026-03-21T09:12:24.190Z,41.7125,-109.87316666667,-3.4,2.88,ml,16,139,0.03205,0.34,uu,uu80132641,2026-03-21T14:42:26.490Z,"15 km NNE of Granger, Wyoming",earthquake,1.04,3.8,0.23508394991065,19,reviewed,uu,uu
2026-03-21T09:05:16.300Z,58.2465,-154.91916666667,4.92,0.46,ml,6,171,0.07367,0.39,av,av94103548,2026-03-21T22:11:42.490Z,"80 km NNW of Karluk, Alaska",earthquake,1.21,2.87,0.23325068602493,6,reviewed,av,av
2026-03-21T08:58:59.477Z,18.5345,-69.0814,127.618,4.3,mb,32,109,0.665,0.82,us,us6000si44,2026-03-21T21:36:37.398Z,"10 km E of Ramón Santana, Dominican Republic",earthquake,8.95,9.745,0.125,18,reviewed,us,us
2026-03-21T08:54:56.425Z,60.576,-139.996,13.7,1.9,ml,13,84,0.5,0.6,ak,aka2026fpscmw,2026-03-22T06:55:17.642Z,"115 km N of Yakutat, Alaska",earthquake,4.1,2.7732,0.2,7,reviewed,ak,ak
2026-03-21T08:51:27.669Z,31.652,-104.421,5.7922,1.7,ml,32,74,0,0.2,tx,tx2026fprzna,2026-03-23T12:15:20.279Z,"58 km S of Whites City, New Mexico",earthquake,0.95439987897567,0.53905941530703,0.1,19,reviewed,tx,tx
2026-03-21T08:47:48.300Z,38.500166666667,-112.89883333333,2.61,0.96,md,13,82,0.0007733,0.07,uu,uu80132636,2026-03-23T16:15:39.550Z,"15 km NE of Milford, Utah",earthquake,0.3,0.37,0.4035304977388,5,reviewed,uu,uu
2026-03-21T08:45:32.329Z,34.427,-97.44666667,3.92,1.17,ml,38,65,0.0674867568,0.36,ok,ok2026fpac,2026-03-23T17:55:51.578Z,"6 km ESE of Ratliff City, Oklahoma",earthquake,,1.1,0.22,18,reviewed,ok,ok
2026-03-21T08:29:33.860Z,38.837333679199,-122.78533172607,1.210000038147,0.62,md,10,111,0.004059,0.02,nc,nc75330937,2026-03-21T08:47:23.800Z,"6 km WNW of Cobb, CA",earthquake,0.37,0.560000002,0.31,11,automatic,nc,nc
2026-03-21T08:26:37.040Z,53.439333333333,-168.04933333333,2.08,0.31,ml,5,246,0.02529,0.15,av,av93057009,2026-03-22T02:52:54.850Z,"77 km NE of Nikolski, Alaska",earthquake,0.71,1.15,0.44409376724065,5,reviewed,av,av
2026-03-21T08:25:49.700Z,38.498333333333,-112.89866666667,2.31,1.53,md,12,79,0.002089,0.06,uu,uu80132631,2026-03-23T16:12:17.110Z,"14 km NE of Milford, Utah",earthquake,0.25,0.36,0.56448497012605,7,reviewed,uu,uu
2026-03-21T08:25:12.755Z,64.375,-149.676,11.4,1.7,ml,20,66,0.3,0.4,ak,aka2026fprcwz,2026-03-22T06:54:02.179Z,"23 km W of Anderson, Alaska",earthquake,2.9,2.4257,0.1,13,reviewed,ak,ak
2026-03-21T08:15:38.820Z,34.4035,-97.429,6.25,0.92,ml,22,161,0.05398940544,0.2,ok,ok2026fozc,2026-03-23T17:47:16.330Z,"8 km SE of Ratliff City, Oklahoma",earthquake,,0.7,0.23,11,reviewed,ok,ok
2026-03-21T08:14:57.350Z,38.5658,-116.331,8.8279,1.51,ml,9,239,1.143,0.2106,nn,nn00913021,2026-03-21T08:17:29.058Z,"96 km SE of Kingston, Nevada",earthquake,,1.1314,0.48,5,automatic,nn,nn
2026-03-21T08:14:34.710Z,35.904166666667,-117.74933333333,7.1,0.55,ml,18,64,0.07152,0.1,ci,ci41421592,2026-03-22T14:01:07.016Z,"15 km ESE of Little Lake, CA",earthquake,0.17,0.41,0.38468111727563,8,reviewed,ci,ci
2026-03-21T07:59:22.250Z,30.827,-103.398,2.9468,1.8,ml,23,77,0.3,0.2,tx,tx2026fpqgli,2026-03-23T14:10:08.193Z,"37 km ESE of Balmorhea, Texas",earthquake,0.98786182586664,2.3644580060096,0.1,12,reviewed,tx,tx
2026-03-21T07:56:09.580Z,39.9811668396,-120.79633331299,7.6799998283386,1.43,md,5,145,0.2147,0.01,nc,nc75330932,2026-03-21T09:07:19.934Z,"8 km N of Spring Garden, CA",earthquake,0.45,4.9000001,0.13,3,automatic,nc,nc
2026-03-21T07:51:52.899Z,35.16633333,-98.15716667,11.82,1.49,ml,84,65,0.08458340185,0.32,ok,ok2026foyi,2026-03-23T14:13:45.623Z,"9 km ESE of Gracemont, Oklahoma",earthquake,,1.1,0.22,36,reviewed,ok,ok
2026-03-21T07:46:30.740Z,49.496166666667,-116.65483333333,39.93,2.17,md,5,259,0.8061,0.47,uw,uw62228227,2026-03-24T19:02:48.460Z,"45 km NNW of Creston, Canada",earthquake,3.35,40.28,0.10276475033021,4,reviewed,uw,uw
2026-03-21T07:40:22.828Z,53.1645,-166.4871,35,2.6,ml,28,222,0.664,0.56,us,us6000si3p,2026-03-21T08:26:50.040Z,"79 km S of Unalaska, Alaska",earthquake,2.94,2.011,0.115,10,reviewed,us,us
2026-03-21T07:40:14.040Z,38.818832397461,-122.76516723633,1.8799999952316,1.11,md,6,110,0.0122,0.01,nc,nc75330927,2026-03-21T08:37:21.729Z,"4 km W of Cobb, CA",earthquake,0.45,1.03999996,0.19,9,automatic,nc,nc
2026-03-21T07:39:38.400Z,35.6825,-117.47666666667,7.41,0.51,ml,19,61,0.04648,0.11,ci,ci41421584,2026-03-22T14:01:10.046Z,"12 km SW of Searles Valley, CA",earthquake,0.28,0.52,0.218364179171,6,reviewed,ci,ci
2026-03-21T07:37:48.680Z,38.491666666667,-112.90016666667,1.76,1.51,ml,21,43,0.008836,0.11,uu,uu80132626,2026-03-23T16:09:54.430Z,"14 km NE of Milford, Utah",earthquake,0.24,0.48,0.12411643058686,4,reviewed,uu,uu
2026-03-21T07:32:39.600Z,38.836334228516,-122.83599853516,1.6399999856949,1.09,md,16,78,0.002287,0.02,nc,nc75330922,2026-03-21T07:57:21.435Z,"10 km NW of The Geysers, CA",earthquake,0.26,0.460000008,0.15,20,automatic,nc,nc
2026-03-21T07:29:51.730Z,38.804500579834,-122.77866363525,3.2699999809265,0.77,md,10,84,0.01342,0.02,nc,nc75330917,2026-03-21T07:47:23.375Z,"4 km NNW of The Geysers, CA",earthquake,0.39,0.810000002,0.07,11,automatic,nc,nc
2026-03-21T07:27:32.550Z,40.9404,-127.6645,10,2.9,ml,35,287,2.759,0.82,us,us6000si3l,2026-03-21T08:18:02.040Z,"289 km W of Ferndale, California",earthquake,5.11,2.026,0.048,58,reviewed,us,us
2026-03-21T07:26:08.828Z,64.756,-147.444,5,1.3,ml,17,51,0.2,0.3,ak,aka2026fppdzm,2026-03-21T07:33:10.729Z,"4 km W of North Pole, Alaska",earthquake,3.2,,0.2,12,automatic,ak,ak
2026-03-21T07:22:54.570Z,35.54,-96.75466667,6.46,1.75,ml,91,42,0,0.16,ok,ok2026foxj,2026-03-23T14:35:19.340Z,"8 km NW of Prague, Oklahoma",earthquake,,0.2,0.15,43,reviewed,ok,ok
2026-03-21T07:19:23.465Z,44.0535,-75.5697,9.7,1.4,ml,5,108,0.714,1.07,us,us7000s7nx,2026-03-26T00:10:59.040Z,"6 km WSW of Natural Bridge, New York",earthquake,1.45,7.824,0.115,10,reviewed,us,us
2026-03-21T07:06:16.560Z,37.580833435059,-122.44999694824,8.6000003814697,1.94,md,24,92,0.02383,0.04,nc,nc75330912,2026-03-21T08:12:22.541Z,"5 km SE of Pacifica, CA",earthquake,0.27,0.389999986,0.3,20,automatic,nc,nc
2026-03-21T06:52:44.870Z,58.714,-153.884,98.1,2.1,ml,16,113,0.2,0.3,ak,aka2026fpobfm,2026-03-21T07:07:28.583Z,"92 km NW of Aleneva, Alaska",earthquake,9.3,4.7441,0.2,12,reviewed,ak,ak
2026-03-21T06:48:08.630Z,38.825668334961,-122.81533050537,2.3900001049042,0.44,md,6,106,0.004692,0.02,nc,nc75330907,2026-03-21T07:07:23.115Z,"7 km NW of The Geysers, CA",earthquake,0.72,1.69000006,0.33,7,automatic,nc,nc
2026-03-21T06:44:31.130Z,35.682833333333,-117.53733333333,9.94,0.5,ml,24,57,0.09419,0.14,ci,ci41421568,2026-03-24T19:04:36.020Z,"14 km ENE of Ridgecrest, CA",earthquake,0.2,0.55,0.15294009798379,12,reviewed,ci,ci
2026-03-21T06:39:45.600Z,19.326333333333,-155.18633333333,1.76,1.57,ml,40,93,0.05465,0.16,hv,hv74920777,2026-03-23T21:28:52.890Z,"13 km SSE of Volcano, Hawaii",earthquake,0.26,0.42,0.1776635985956,23,reviewed,hv,hv
2026-03-21T06:34:46.576Z,61.711,-150.344,26.7,1.9,ml,33,42,0.6,0.8,ak,aka2026fpnlsl,2026-03-21T07:11:22.103Z,"16 km WSW of Willow, Alaska",earthquake,2.6,2.3819,0.2,24,reviewed,ak,ak
2026-03-21T06:29:52.262Z,62.273,-153.707,10,2.5,ml,36,38,0.5,0.9,ak,aka2026fpnhmj,2026-03-21T08:09:34.040Z,"89 km SSE of Nikolai, Alaska",earthquake,2.8,0,0.1,27,reviewed,ak,ak
2026-03-21T06:28:46.880Z,38.495,-112.89516666667,2.06,0.71,md,11,76,0.005729,0.06,uu,uu80132621,2026-03-23T16:02:43.660Z,"14 km NE of Milford, Utah",earthquake,0.27,0.47,0.49489885663695,6,reviewed,uu,uu
2026-03-21T06:24:29.150Z,38.832332611084,-122.81866455078,1.7599999904633,0.64,md,7,90,0.01117,0.01,nc,nc75330902,2026-03-21T06:26:06.643Z,"8 km NW of The Geysers, CA",earthquake,0.48,1.72000003,0.38,9,automatic,nc,nc
2026-03-21T06:19:06.707Z,63.859,-149.324,120.4,1.8,ml,26,69,0.2,0.5,ak,aka2026fpmyfs,2026-03-21T07:14:56.026Z,"17 km W of Healy, Alaska",earthquake,3.7,3.3242,0.2,18,reviewed,ak,ak
2026-03-21T06:15:40.211Z,38.4013,-116.6237,5.2295,1.51,ml,8,226,0.996,0.1062,nn,nn00913018,2026-03-21T06:18:18.365Z,"64 km NE of Tonopah, Nevada",earthquake,,1.5692,0.49,4,automatic,nn,nn
2026-03-21T06:15:25.652Z,31.683,-104.399,6.0999,2.3,ml,39,68,0,0.2,tx,tx2026fpmvas,2026-03-23T08:19:46.330Z,"54 km S of Whites City, New Mexico",earthquake,0.73476869697284,0.55554440312489,0.2,23,reviewed,tx,tx
2026-03-21T06:14:13.740Z,36.650833129883,-121.30583190918,3.6500000953674,1.33,md,10,95,0.04052,0.19,nc,nc75330887,2026-03-21T07:47:24.376Z,"16 km S of Tres Pinos, CA",earthquake,0.71,1.95000005,0.34,8,automatic,nc,nc
2026-03-21T06:12:44.820Z,37.658164978027,-122.52400207519,8.9499998092651,1.88,md,38,111,0.0443,0.05,nc,nc75330882,2026-03-21T07:22:21.223Z,"6 km NNW of Pacifica, CA",earthquake,0.24,0.400000006,0.27,25,automatic,nc,nc
2026-03-21T06:12:43.542Z,31.676,-104.395,4.6643,1.5,ml,26,69,0,0.2,tx,tx2026fpmsrw,2026-03-23T12:54:09.588Z,"55 km S of Whites City, New Mexico",earthquake,0.76455836529025,0.7685237222979,0.1,17,reviewed,tx,tx
2026-03-21T06:10:06.750Z,31.76,-115.70883333333,9.52,3.24,ml,12,185,0.2468,0.19,ci,ci41421552,2026-03-22T14:56:09.009Z,"73 km SW of Alberto Oviedo Mota, B.C., MX",earthquake,0.53,1.2,0.19817731775055,92,reviewed,ci,ci
2026-03-21T06:07:31.294Z,38.454,-116.5378,9.7468,3.12,ml,9,283,0.471,0.1091,nn,nn00913013,2026-03-22T06:17:22.677Z,"74 km NE of Tonopah, Nevada",earthquake,,1.0975,0.23,6,reviewed,nn,nn
2026-03-21T06:06:29.640Z,36.014166666667,-117.69166666667,1.61,1.34,ml,26,58,0.06067,0.15,ci,ci41421544,2026-03-22T14:01:25.770Z,"21 km ENE of Little Lake, CA",earthquake,0.19,0.27,0.22691466221744,19,reviewed,ci,ci
2026-03-21T06:04:20.226Z,55.79,-158.395,52,2,ml,13,286,0.5,0.3,ak,aka2026fpmlmm,2026-03-21T07:15:52.743Z,"48 km ESE of Perryville, Alaska",earthquake,16.9,11.4017,0.1,7,reviewed,ak,ak
2026-03-21T06:00:11.680Z,61.297333333333,-152.34833333333,0.46,-0.6,ml,8,159,0.04007,0.14,av,av94103383,2026-03-24T19:43:19.502Z,"69 km WNW of Tyonek, Alaska",earthquake,0.46,2.62,0.2105027575338,8,reviewed,av,av
2026-03-21T05:58:19.920Z,41.636333333333,-125.88733333333,2.44,2.12,md,17,319,1.317,0.39,uw,uw62228202,2026-03-24T18:44:37.490Z,"140 km W of Crescent City, California",earthquake,16.42,22.48,0.12034397087551,10,reviewed,uw,uw
2026-03-21T05:56:06.209Z,-21.903,-178.8621,502.627,4.9,mb,42,144,5.054,0.75,us,us6000si2t,2026-03-21T06:09:35.040Z,"Fiji region",earthquake,14.59,10.917,0.1,31,reviewed,us,us
2026-03-21T05:51:31.575Z,38.295,20.4286,10,4.3,mb,29,89,1.628,1.02,us,us6000si2s,2026-03-21T07:47:19.040Z,"10 km N of Lixoúri, Greece",earthquake,4.35,1.921,0.123,19,reviewed,us,us
2026-03-21T05:51:02.640Z,33.1465,-116.545,6.03,0.94,ml,53,32,0.07883,0.19,ci,ci41421536,2026-03-22T14:02:16.120Z,"9 km NE of Julian, CA",earthquake,0.17,0.56,0.19953815907735,27,reviewed,ci,ci
2026-03-21T05:50:20.060Z,33.147,-116.53983333333,6.94,0.28,ml,25,50,0.08174,0.15,ci,ci41421528,2026-03-24T19:25:01.146Z,"10 km NE of Julian, CA",earthquake,0.24,0.44,0.14105362299143,10,reviewed,ci,ci
2026-03-21T05:40:42.040Z,61.322166666667,-152.36233333333,6.96,-0.74,ml,5,255,0.06347,0.28,av,av93056999,2026-03-21T22:06:12.160Z,"71 km WNW of Beluga, Alaska",earthquake,2.8,2.83,0.16130090654946,4,reviewed,av,av
2026-03-21T05:40:20.685Z,58.199,-154.904,23.4,1.3,ml,11,102,0.1,0.9,ak,aka2026fplqvw,2026-03-21T21:48:40.070Z,"75 km NNW of Karluk, Alaska",earthquake,13,7.0537,0.2,8,automatic,ak,ak
2026-03-21T05:39:54.349Z,60.471,-139.576,1.8,1.9,ml,10,152,0.5,0.5,ak,aka2026fplqlr,2026-03-21T07:05:26.411Z,"103 km N of Yakutat, Alaska",earthquake,5.2,4.2133,0.2,6,reviewed,ak,ak
2026-03-21T05:35:44.600Z,40.583332061768,-123.9178314209,29.729999542236,3.32,ml,38,106,0.04905,0.14,nc,nc75330867,2026-03-21T07:40:46.040Z,"16 km ENE of Hydesville, CA",earthquake,0.4,0.920000017,0.309,12,automatic,nc,nc
2026-03-21T05:31:07.646Z,59.591,-148.91,16.5,2.2,ml,14,167,0.6,1,ak,aka2026fplivv,2026-03-21T07:04:08.695Z,"61 km SSE of Lowell Point, Alaska",earthquake,7.5,8.2209,0.2,11,reviewed,ak,ak
2026-03-21T05:27:13.070Z,38.822834014893,-122.84483337402,1.9099999666214,0.76,md,13,76,0.007663,0.02,nc,nc75330862,2026-03-21T06:07:22.669Z,"9 km WNW of The Geysers, CA",earthquake,0.33,0.479999989,0.14,14,automatic,nc,nc
2026-03-21T05:24:07.501Z,59.614,-152.625,83.1,2,ml,28,92,0.3,0.4,ak,aka2026fplcvf,2026-03-21T07:02:15.476Z,"48 km WSW of Anchor Point, Alaska",earthquake,4.2,3.3286,0.3,18,reviewed,ak,ak
2026-03-21T05:14:56.122Z,60.545,-139.808,9,2.1,ml,14,92,0.5,0.9,ak,aka2026fpkuzg,2026-03-21T06:59:06.377Z,"111 km N of Yakutat, Alaska",earthquake,4,4.2303,0.2,11,reviewed,ak,ak
2026-03-21T05:11:09.500Z,38.499666666667,-112.896,1.62,0.99,md,13,65,0.00161,0.07,uu,uu80132611,2026-03-23T15:58:30.690Z,"15 km NE of Milford, Utah",earthquake,0.24,0.3,0.55437694097396,6,reviewed,uu,uu
2026-03-21T05:06:16.840Z,33.167166666667,-116.11316666667,9.74,0.73,ml,35,89,0.1138,0.2,ci,ci41421504,2026-03-22T20:57:31.149Z,"3 km NNE of Ocotillo Wells, CA",earthquake,0.25,0.74,0.17121006185414,11,reviewed,ci,ci
2026-03-21T04:58:12.036Z,56.9051,-143.1279,10,2.8,ml,26,238,3.05,0.74,us,us6000si2d,2026-03-21T06:54:36.024Z,"Gulf of Alaska",earthquake,11.99,2.021,0.064,32,reviewed,us,us
2026-03-21T04:39:13.130Z,60.374,-152.342,98,2,ml,50,51,0.2,0.5,ak,aka2026fpjpzv,2026-03-21T06:57:56.556Z,"51 km NW of Ninilchik, Alaska",earthquake,3.2,2.4582,0.4,34,reviewed,ak,ak
2026-03-21T04:34:33.454Z,32.346,-102.105,7.8613,0.4,ml,11,88,0,0.1,tx,tx2026fpjmcv,2026-03-23T15:48:43.062Z,"38 km NW of Stanton, Texas",earthquake,0.77471283006532,0.71516904580105,0.1,7,reviewed,tx,tx
2026-03-21T04:32:39.984Z,60.043,-152.799,109.2,1.7,ml,25,77,0.1,0.3,ak,aka2026fpjkmj,2026-03-21T07:33:02.580Z,"60 km W of Happy Valley, Alaska",earthquake,4.8,3.1729,0.3,19,reviewed,ak,ak
2026-03-21T04:30:54.434Z,32.352,-102.104,8.3252,0.8,ml,27,80,0,0.1,tx,tx2026fpjitg,2026-03-23T14:20:50.369Z,"38 km NW of Stanton, Texas",earthquake,0.46270086517118,0.45548656395517,0.2,12,reviewed,tx,tx
2026-03-21T04:24:10.470Z,18.148833333333,-66.999333333333,27.82,2.19,md,13,67,0.08647,0.14,pr,pr71510428,2026-03-21T04:44:25.370Z,"4 km SSW of Maricao, Puerto Rico",earthquake,0.38,0.95,0.076192013280907,6,reviewed,pr,pr
2026-03-21T04:24:00.402Z,60.545,-139.914,7.6,1.9,ml,13,125,0.5,0.8,ak,aka2026fpjdbg,2026-03-21T07:31:16.918Z,"111 km N of Yakutat, Alaska",earthquake,4.4,2.9911,0.2,11,reviewed,ak,ak
2026-03-21T04:23:27.586Z,32.18,-101.787,8.374,1,ml,59,40,0,0.2,tx,tx2026fpjbyk,2026-03-23T11:16:40.201Z,"5 km N of Stanton, Texas",earthquake,0.32149866348101,0.54582066866086,0.2,23,reviewed,tx,tx
2026-03-21T04:15:27.766Z,-16.0059,166.8808,36.155,4.5,mb,21,103,0.636,1.09,us,us6000si1v,2026-03-21T04:37:28.040Z,"55 km W of Norsup, Vanuatu",earthquake,7.71,7.596,0.132,17,reviewed,us,us
2026-03-21T04:09:52.734Z,59.804,-151.746,57.4,1.9,ml,26,99,0.4,0.6,ak,aka2026fpiqwe,2026-03-21T07:30:04.292Z,"5 km ENE of Anchor Point, Alaska",earthquake,3.8,4.3395,0.1,19,reviewed,ak,ak
2026-03-21T04:08:24.180Z,58.3645,-154.666,5.97,0.58,ml,7,204,0.07367,0.28,av,av94103253,2026-03-24T19:41:37.927Z,"89 km N of Karluk, Alaska",earthquake,1.06,1.9,0.18876834321588,7,reviewed,av,av
2026-03-21T04:04:26.800Z,32.071,-103.712,7.5867,1.1,ml,16,59,0,0.2,tx,tx2026fpimea,2026-03-23T15:23:52.977Z,"38 km ESE of Malaga, New Mexico",earthquake,0.66027594120188,1.0443877181524,0.1,10,reviewed,tx,tx
2026-03-21T04:01:53.920Z,58.2255,-155.18133333333,3.31,-0.2,ml,5,218,0.07053,0.14,av,av94103233,2026-03-24T00:01:22.295Z,"84 km NNW of Karluk, Alaska",earthquake,0.62,1.53,0.31516748460454,5,reviewed,av,av
2026-03-21T04:01:53.500Z,38.793998718262,-122.72750091553,1.2999999523163,1.31,md,16,97,0.02603,0.03,nc,nc75330852,2026-03-21T04:57:20.210Z,"3 km NE of The Geysers, CA",earthquake,0.25,0.540000021,0.2,17,automatic,nc,nc
2026-03-21T03:53:37.980Z,38.817832946777,-122.82333374023,2.079999923706,1.07,md,18,66,0.01005,0.03,nc,nc75330847,2026-03-21T04:32:21.046Z,"7 km NW of The Geysers, CA",earthquake,0.23,0.5,0.18,20,automatic,nc,nc
2026-03-21T03:51:13.470Z,34.584666666667,-119.13633333333,2.66,0.86,ml,18,57,0.1355,0.2,ci,ci41421472,2026-03-22T18:41:54.729Z,"18 km NNE of Ojai, CA",earthquake,0.28,1.39,0.14290953594327,10,reviewed,ci,ci
2026-03-21T03:50:38.780Z,44.63,-110.44116666667,6.38,0.42,md,10,106,0.07115,0.08,uu,uu80132606,2026-03-23T13:49:17.920Z,"43 km SSE of Mammoth, Wyoming",earthquake,0.57,2.01,0.34896068842499,7,reviewed,uu,uu
2026-03-21T03:38:50.860Z,35.8735,-117.71133333333,9.37,0.93,ml,22,41,0.07805,0.14,ci,ci41421464,2026-03-22T20:31:55.857Z,"19 km ESE of Little Lake, CA",earthquake,0.2,0.47,0.1951294945638,11,reviewed,ci,ci
2026-03-21T03:34:42.377Z,64.565,-165.115,13.9,3.4,ml,17,89,0.1,0.5,ak,aka2026fphmoe,2026-03-22T13:45:25.021Z,"15 km ENE of Nome, Alaska",earthquake,4.7,2.7492,0.2,12,reviewed,ak,ak
2026-03-21T03:34:20.762Z,31.648,-104.253,7.2791,1.8,ml,35,66,0,0.2,tx,tx2026fphmgf,2026-03-23T11:35:39.846Z,"57 km NW of Toyah, Texas",earthquake,0.59524885340079,0.66014580384929,0.2,25,reviewed,tx,tx
2026-03-21T03:32:54.647Z,61.333,-141.001,8.2,1.8,ml,15,133,0.5,0.6,ak,aka2026fphkzv,2026-03-21T07:23:05.639Z,"103 km E of McCarthy, Alaska",earthquake,3.6,3.0825,0.1,11,reviewed,ak,ak
2026-03-21T03:23:34.740Z,35.8715,-117.7035,9.76,0.54,ml,17,52,0.0802,0.13,ci,ci41421456,2026-03-24T17:15:15.563Z,"20 km ESE of Little Lake, CA",earthquake,0.26,0.48,0.30590851025214,10,reviewed,ci,ci
2026-03-21T03:21:00.605Z,-16.0064,166.9182,37.084,5.7,mww,82,32,0.62,0.94,us,us6000si17,2026-03-22T03:45:58.458Z,"51 km W of Norsup, Vanuatu",earthquake,6.52,5.016,0.052,36,reviewed,us,us
2026-03-21T03:04:59.895Z,51.3665,179.8511,10,2.5,ml,11,195,0.344,0.3,us,us6000si16,2026-03-21T07:21:09.340Z,"249 km WSW of Adak, Alaska",earthquake,2.84,2.014,0.115,10,reviewed,us,us
2026-03-21T03:04:26.820Z,38.498166666667,-112.898,2.22,1.1,md,12,77,0.002162,0.06,uu,uu80132601,2026-03-23T15:55:01.340Z,"14 km NE of Milford, Utah",earthquake,0.27,0.35,0.53227654947782,5,reviewed,uu,uu
2026-03-21T02:55:18.980Z,33.2285,-116.065,7.56,0.58,ml,35,49,0.09144,0.23,ci,ci41421448,2026-03-22T18:22:48.655Z,"11 km NNE of Ocotillo Wells, CA",earthquake,0.26,1.07,0.10534020531668,5,reviewed,ci,ci
2026-03-21T02:53:46.500Z,19.2705,-155.315,10.12,0.63,md,12,166,0.02658,0.12,hv,hv74920577,2026-03-24T01:34:14.390Z,"18 km ENE of Pāhala, Hawaii",earthquake,0.63,0.84,0.07977352932038,3,reviewed,hv,hv
2026-03-21T02:50:16.397Z,58.377,-154.624,5.5,1.5,ml,18,99,0.1,0.4,ak,aka2026fpgagu,2026-03-21T20:13:35.290Z,"90 km N of Karluk, Alaska",earthquake,4.6,6.0396,0.2,12,reviewed,ak,ak
2026-03-21T02:50:13.340Z,38.014667510986,-122.13083648682,1.6900000572205,1.92,md,6,228,0.4667,0.11,nc,nc75330832,2026-03-21T03:27:21.621Z,"1 km SSE of Martinez, CA",earthquake,8.96,10.8199997,,1,automatic,nc,nc
2026-03-21T02:48:00.090Z,19.156833648682,-155.48783874512,32.880001068115,1.81,md,29,179,0.02436,0.170000002,hv,hv74920572,2026-03-21T02:52:31.870Z,"5 km S of Pāhala, Hawaii",earthquake,1.04,0.75999999,0.13968911646365,12,automatic,hv,hv
2026-03-21T02:39:57.309Z,32.356,-102.102,8.667,0.7,ml,21,67,0,0.2,tx,tx2026fpfqty,2026-03-23T15:09:10.001Z,"38 km NW of Stanton, Texas",earthquake,0.67484295538367,0.75396783464437,0.1,7,reviewed,tx,tx
2026-03-21T02:39:16.596Z,61.655,-149.743,31.5,1.6,ml,20,56,0.3,0.7,ak,aka2026fpfqtu,2026-03-21T07:25:55.361Z,"4 km NE of Houston, Alaska",earthquake,3.5,3.3706,0.2,13,reviewed,ak,ak
2026-03-21T02:38:29.180Z,38.496333333333,-112.8975,2.72,0.35,md,13,74,0.004001,0.06,uu,uu80132596,2026-03-23T15:50:33.210Z,"14 km NE of Milford, Utah",earthquake,0.29,0.38,0.55935874110628,5,reviewed,uu,uu
2026-03-21T02:37:37.067Z,60.125,-151.715,69.7,1.7,ml,11,113,0.6,0.4,ak,aka2026fpfpiz,2026-03-21T07:27:19.985Z,"8 km NNW of Ninilchik, Alaska",earthquake,6.3,6.6958,0.1,7,reviewed,ak,ak
2026-03-21T02:30:59.540Z,33.534333333333,-116.72016666667,5.41,0.38,ml,21,41,0.03412,0.12,ci,ci41421432,2026-03-22T14:02:30.196Z,"5 km WSW of Anza, CA",earthquake,0.15,0.38,0.088988502678513,6,reviewed,ci,ci
2026-03-21T02:30:43.641Z,31.918,-101.746,7.7393,0.9,ml,29,67,0.1,0.2,tx,tx2026fpfjkw,2026-03-23T13:32:56.110Z,"23 km S of Stanton, Texas",earthquake,0.62499825252736,0.95127781382888,0.1,10,reviewed,tx,tx
2026-03-21T02:30:24.019Z,39.4682,-119.3858,9.2107,2.23,ml,33,142,0.243,0.108,nn,nn00913005,2026-03-26T14:46:39.421Z,"10 km N of Stagecoach, Nevada",earthquake,,1.6538,0.38,11,reviewed,nn,nn
2026-03-21T02:28:06.770Z,55.995,-159.68366666667,25.24,0.27,ml,7,305,0.1031,0.26,av,av93056984,2026-03-21T20:08:05.630Z,"16 km NW of Ivanof Bay, Alaska",earthquake,3.24,1.62,0.16967500389185,7,reviewed,av,av
2026-03-21T02:23:34.200Z,33.256,-116.43233333333,2.87,0.76,ml,40,56,0.0176,0.23,ci,ci41421424,2026-03-22T17:33:04.483Z,"5 km W of Borrego Springs, CA",earthquake,0.21,0.36,0.077171560356418,17,reviewed,ci,ci
2026-03-21T02:23:25.170Z,55.971166666667,-159.71133333333,22.42,0.82,ml,5,312,0.1314,0.07,av,av94103163,2026-03-21T03:14:13.320Z,"16 km WNW of Ivanof Bay, Alaska",earthquake,0.93,0.79,0.091143562358659,6,reviewed,av,av
2026-03-21T02:22:41.530Z,55.975833333333,-159.69983333333,22.47,0.98,ml,6,301,0.1236,0.07,av,av94103158,2026-03-21T03:11:13.060Z,"15 km WNW of Ivanof Bay, Alaska",earthquake,0.67,0.71,0.23952357468267,6,reviewed,av,av
2026-03-21T02:19:36.850Z,55.976166666667,-159.706,27.25,0.7,ml,6,311,0.1256,0.16,av,av94103143,2026-03-21T03:16:44.530Z,"16 km WNW of Ivanof Bay, Alaska",earthquake,1.21,1.45,0.23385912281287,6,reviewed,av,av
2026-03-21T02:13:13.955Z,31.547,-104.037,7.4713,1.5,ml,40,59,0,0.2,tx,tx2026fpeuiv,2026-03-23T12:42:10.706Z,"34 km NW of Toyah, Texas",earthquake,0.52808891836393,0.53401234899909,0.1,21,reviewed,tx,tx
2026-03-21T02:05:20.872Z,60.147,-152.724,106.1,2.5,ml,93,61,0.2,0.8,ak,aka2026fpenmv,2026-03-21T06:42:17.974Z,"59 km WNW of Happy Valley, Alaska",earthquake,2.8,1.7164,0.3,66,reviewed,ak,ak
2026-03-21T02:04:51.330Z,38.498,-112.89466666667,2.56,0.09,md,10,65,0.007241,0.07,uu,uu80132586,2026-03-23T15:43:12.450Z,"15 km NE of Milford, Utah",earthquake,0.34,0.47,0.36601615087463,4,reviewed,uu,uu
2026-03-21T02:03:45.360Z,33.448833333333,-116.384,11.39,0.34,ml,14,98,0.1063,0.14,ci,ci41421416,2026-03-22T14:02:46.903Z,"21 km N of Borrego Springs, CA",earthquake,0.31,0.95,0.05133928062152,4,reviewed,ci,ci
2026-03-21T02:01:50.911Z,35.0831,69.9492,89.54,4.5,mb,59,94,3.647,0.68,us,us6000si0t,2026-03-21T03:27:03.040Z,"37 km NE of Tagāb, Afghanistan",earthquake,9.22,7.182,0.079,47,reviewed,us,us
2026-03-21T02:00:38.343Z,32.566,-101.088,8.6182,1.6,ml,25,72,0.2,0.2,tx,tx2026fpejmg,2026-03-23T11:50:27.240Z,"23 km SW of Snyder, Texas",earthquake,0.7071423673366,1.5990513077604,0.2,13,reviewed,tx,tx
2026-03-21T01:52:45.400Z,33.4615,-116.60166666667,4.67,0.17,ml,16,66,0.03312,0.13,ci,ci41421408,2026-03-22T17:24:30.655Z,"12 km SSE of Anza, CA",earthquake,0.19,0.28,0.16208353215338,16,reviewed,ci,ci
2026-03-21T01:46:05.394Z,38.5127,14.2898,10,5.2,mb,89,59,1.894,0.84,us,us6000si0l,2026-03-21T16:26:28.314Z,"46 km W of Leni, Italy",earthquake,6.38,1.849,0.034,286,reviewed,us,us
2026-03-21T01:34:33.610Z,39.232166290283,-123.20050048828,6.3899998664856,1.59,md,17,57,0.07254,0.05,nc,nc75330802,2026-03-21T02:27:17.192Z,"4 km S of Redwood Valley, CA",earthquake,0.23,0.769999981,0.17,13,automatic,nc,nc
2026-03-21T01:28:25.147Z,51.9839,159.9968,35,4.6,mb,47,134,1.799,0.68,us,us6000si0j,2026-03-21T03:13:48.040Z,"151 km SE of Vilyuchinsk, Russia",earthquake,11.24,1.935,0.084,42,reviewed,us,us
2026-03-21T01:27:09.810Z,36.013666666667,-117.68933333333,0.83,1.3,ml,23,58,0.1018,0.18,ci,ci41421400,2026-03-22T14:02:49.931Z,"21 km ENE of Little Lake, CA",earthquake,0.2,0.4,0.21514098890787,16,reviewed,ci,ci
2026-03-21T01:10:27.440Z,35.16933333,-97.772,7.5,0.62,ml,20,80,0.0413918775,0.22,ok,ok2026folb,2026-03-23T17:41:52.725Z,"7 km SSW of Bridge Creek, Oklahoma",earthquake,,0.6,0.26,9,reviewed,ok,ok
2026-03-21T01:07:53.720Z,19.357334136963,-155.49833679199,6.9200000762939,1.71,md,19,84,0.04149,0.170000002,hv,hv74920512,2026-03-21T01:11:56.200Z,"17 km N of Pāhala, Hawaii",earthquake,0.58,0.75999999,0.096887820074385,9,automatic,hv,hv
2026-03-21T01:02:48.581Z,32.107,-102.224,8.6182,1.3,ml,54,52,0,0.2,tx,tx2026fpcloq,2026-03-23T09:44:09.820Z,"17 km ENE of Gardendale, Texas",earthquake,0.42082310524805,0.99133104705479,0.2,24,reviewed,tx,tx
2026-03-21T01:02:40.417Z,65.256,-148.902,10.4,1,ml,11,128,0.2,0.6,ak,aka2026fpclnt,2026-03-21T06:35:33.954Z,"24 km ENE of Minto, Alaska",earthquake,5.2,3.5731,0.3,7,automatic,ak,ak
2026-03-21T00:42:40.910Z,52.065166666667,-176.128,-1.77,-0.01,ml,5,102,0.01391,0.32,av,av93056989,2026-03-21T20:10:34.880Z,"40 km ENE of Adak, Alaska",earthquake,0.75,1.55,0.37781620778124,5,reviewed,av,av
2026-03-21T00:40:43.803Z,63.11,-151.416,1.5,1.7,ml,18,74,0.4,0.4,ak,aka2026fpbsqh,2026-03-21T06:38:09.380Z,"50 km SSE of Denali National Park, Alaska",earthquake,2.9,2.3907,0.1,13,reviewed,ak,ak
2026-03-21T00:36:14.490Z,19.155333333333,-155.48316666667,33.16,2.18,ml,42,136,0.0199,0.14,hv,hv74920482,2026-03-23T21:19:15.370Z,"5 km S of Pāhala, Hawaii",earthquake,0.46,0.63,0.14227704238443,27,reviewed,hv,hv
2026-03-21T00:33:29.590Z,19.167166666667,-155.48833333333,31.64,3.43,ml,47,108,0.02741,0.11,hv,hv74920477,2026-03-22T03:12:56.925Z,"4 km SSW of Pāhala, Hawaii",earthquake,0.43,0.5,0.19034057160926,37,reviewed,hv,hv
2026-03-21T00:31:30.926Z,13.9562,51.4318,10,4.5,mb,19,183,6.856,1.13,us,us6000si0c,2026-03-21T02:51:05.040Z,"214 km NNW of Kilmia, Yemen",earthquake,14.35,1.989,0.144,14,reviewed,us,us
2026-03-21T00:25:25.260Z,35.621333333333,-117.441,7.34,0.92,ml,23,51,0.0459,0.14,ci,ci41421376,2026-03-22T17:18:27.433Z,"17 km SSW of Searles Valley, CA",earthquake,0.19,0.48,0.053917873147079,7,reviewed,ci,ci
2026-03-21T00:25:09.204Z,62.153,-150.589,1.9,2.2,ml,33,44,0.3,0.7,ak,aka2026fpbfav,2026-03-21T06:52:38.656Z,"26 km SW of Trapper Creek, Alaska",earthquake,2.4,1.8001,0.1,25,reviewed,ak,ak
2026-03-21T00:24:58.850Z,38.499166666667,-112.89866666667,2.14,0.42,md,12,80,0.001319,0.06,uu,uu80132581,2026-03-23T15:40:20.310Z,"14 km NE of Milford, Utah",earthquake,0.25,0.35,0.46991100408761,6,reviewed,uu,uu
2026-03-21T00:22:02.630Z,38.496333333333,-112.89816666667,2.55,1.44,ml,18,48,0.003997,0.07,uu,uu80132576,2026-03-23T15:37:12.150Z,"14 km NE of Milford, Utah",earthquake,0.22,0.34,0.15234903579532,2,reviewed,uu,uu
2026-03-21T00:17:24.400Z,18.004166666667,-66.841,15.93,1.94,md,7,140,0.04092,0.08,pr,pr71510413,2026-03-21T00:40:11.540Z,"2 km WNW of Indios, Puerto Rico",earthquake,0.58,0.69,0.025784399710512,5,reviewed,pr,pr
2026-03-21T00:15:36.459Z,60.956,-151.325,69.9,2.3,ml,66,31,0.2,0.8,ak,aka2026fpawze,2026-03-21T06:50:56.632Z,"16 km SW of Tyonek, Alaska",earthquake,2.3,2.4064,0.2,46,reviewed,ak,ak
2026-03-21T00:03:29.140Z,38.826166666667,-122.81583333333,1.88,0.26,md,13,108,0.005282,0.02,nc,nc75330787,2026-03-22T23:52:21.633Z,"7 km NW of The Geysers, CA",earthquake,0.24,0.3,0.22,13,reviewed,nc,nc
2026-03-21T00:01:54.694Z,63.56,-148.795,6.1,1.8,ml,30,43,0.2,0.7,ak,aka2026fpalel,2026-03-21T06:45:56.369Z,"20 km SSE of Denali Park, Alaska",earthquake,2.4,1.6815,0.1,23,reviewed,ak,ak
2026-03-20T23:58:40.340Z,61.23,-140.67,11.7,1.6,ml,13,74,0.4,0.7,ak,aka2026fpaika,2026-03-24T05:01:05.186Z,"122 km ESE of McCarthy, Alaska",earthquake,4.7,2.815,0.2,6,reviewed,ak,ak
2026-03-20T23:54:48.870Z,44.753,-111.09316666667,10.47,0.69,ml,12,90,0.0442,0.15,uu,uu80132571,2026-03-23T13:44:59.130Z,"7 km ESE of Hebgen Lake Estates, Montana",earthquake,0.46,1.11,0.068853271072573,3,reviewed,uu,uu
2026-03-20T23:54:30.940Z,37.046165466309,-121.48100280762,9.0699996948242,1.43,md,29,58,0.02095,0.15,nc,nc75330782,2026-03-21T00:47:20.497Z,"9 km ENE of Gilroy, CA",earthquake,0.37,0.720000029,0.23,20,automatic,nc,nc
2026-03-20T23:50:42.452Z,51.469,-174.941,19.9,2.5,ml,16,249,0.8,0.5,ak,aka2026fpabnw,2026-03-24T04:58:39.410Z,"95 km SSW of Atka, Alaska",earthquake,8.6,6.688,0.2,10,reviewed,ak,ak
2026-03-20T23:37:29.910Z,48.423166666667,-123.555,-0.25,0.2,md,5,168,0.1535,0.1,uw,uw62228127,2026-03-23T18:04:29.030Z,"4 km NNW of Metchosin, Canada",explosion,0.53,31.61,0.25279652182002,3,reviewed,uw,uw
2026-03-20T23:31:21.230Z,38.2516,20.2844,10,4.5,mb,67,48,1.685,1.3,us,us6000shzt,2026-03-21T00:11:19.040Z,"14 km WNW of Lixoúri, Greece",earthquake,4.69,1.859,0.07,60,reviewed,us,us
2026-03-20T23:30:33.000Z,38.4975,-112.90016666667,2.19,1.63,ml,17,76,0.003351,0.09,uu,uu80132566,2026-03-23T15:31:38.420Z,"14 km NE of Milford, Utah",earthquake,0.23,0.36,0.096032539490548,5,reviewed,uu,uu
2026-03-20T23:16:26.881Z,51.275,-177.262,35.8,2.5,ml,18,235,0.5,0.4,ak,aka2026foyxxo,2026-03-24T04:56:19.867Z,"79 km SSW of Adak, Alaska",earthquake,9.4,6.1782,0.1,14,reviewed,ak,ak
2026-03-20T23:06:39.910Z,38.497166666667,-112.89516666667,2.21,0.78,md,11,66,0.003805,0.06,uu,uu80132561,2026-03-23T15:25:44.470Z,"15 km NE of Milford, Utah",earthquake,0.27,0.37,0.39339816425702,3,reviewed,uu,uu
2026-03-20T22:56:28.070Z,38.4955,-112.89583333333,2.43,0.7,md,13,70,0.00508,0.06,uu,uu80132556,2026-03-23T13:41:41.720Z,"14 km NE of Milford, Utah",earthquake,0.24,0.36,0.49254342492154,6,reviewed,uu,uu
2026-03-20T22:47:01.493Z,32.396,-102.117,7.6416,0.5,ml,15,81,0,0.1,tx,tx2026foxyqr,2026-03-23T15:37:14.682Z,"40 km ENE of McKinney Acres, Texas",earthquake,0.94709881020976,0.68473544385416,0.1,7,reviewed,tx,tx
2026-03-20T22:43:08.420Z,38.493666666667,-112.895,2.41,0.82,md,11,77,0.007024,0.06,uu,uu80132551,2026-03-23T13:26:21.040Z,"14 km NE of Milford, Utah",earthquake,0.21,0.36,0.26415094388382,4,reviewed,uu,uu
2026-03-20T22:42:13.845Z,53.704,-164.179,44.5,2.7,ml,13,234,0.8,0.2,ak,aka2026foxunr,2026-03-24T00:52:07.532Z,"115 km ESE of Akutan, Alaska",earthquake,40.6,85.4257,0.1,7,reviewed,ak,ak
2026-03-20T22:39:55.970Z,36.123,-117.91216666667,5.24,1.37,ml,25,74,0.03834,0.15,ci,ci41421288,2026-03-24T17:22:50.382Z,"9 km NNE of Coso Junction, CA",earthquake,0.22,0.49,0.2316427910983,20,reviewed,ci,ci
2026-03-20T22:38:11.830Z,38.837501525879,-122.78199768066,2.25,1.09,md,11,140,0.006581,0.01,nc,nc75330762,2026-03-20T23:07:19.820Z,"5 km WNW of Cobb, CA",earthquake,0.37,0.49000001,0.17,16,automatic,nc,nc
2026-03-20T22:34:56.300Z,38.496,-112.89833333333,2.05,1.51,md,13,77,0.004339,0.09,uu,uu80132546,2026-03-20T23:02:50.400Z,"14 km NE of Milford, Utah",earthquake,0.28,0.42,0.32096723419081,8,reviewed,uu,uu
2026-03-20T22:31:41.495Z,31.672,-104.405,7.0612,2.9,ml,17,69,0,0.2,tx,tx2026foxllf,2026-03-20T23:06:03.040Z,"55 km S of Whites City, New Mexico",earthquake,0.4471136160168,0.5129038486348,0.2,17,reviewed,tx,tx
2026-03-20T22:31:20.073Z,31.672,-104.406,6.9714,2.9,ml,24,69,0,0.2,tx,tx2026foxlcq,2026-03-20T23:12:53.040Z,"55 km S of Whites City, New Mexico",earthquake,2.2275723522834,1.7890326227009,0.2,18,reviewed,tx,tx
2026-03-20T22:29:40.378Z,31.681,-104.401,5.7922,2.2,ml,40,68,0,0.2,tx,tx2026foxjcf,2026-03-23T08:59:17.904Z,"54 km S of Whites City, New Mexico",earthquake,0.7365509939288,0.62865502081716,0.1,30,reviewed,tx,tx
2026-03-20T22:27:14.530Z,58.240833333333,-155.05466666667,4.62,-0.21,ml,8,115,0.0462,0.13,av,av94102928,2026-03-21T07:58:30.270Z,"82 km NNW of Karluk, Alaska",earthquake,0.33,0.53,0.28903884271653,8,reviewed,av,av
2026-03-20T22:27:06.860Z,31.685,-104.404,6.0999,1.9,ml,32,68,0,0.2,tx,tx2026foxhms,2026-03-23T09:17:26.810Z,"54 km S of Whites City, New Mexico",earthquake,0.7793996106015,0.54188510508693,0.1,20,reviewed,tx,tx
2026-03-20T22:17:46.533Z,31.685,-104.406,5.5103,1.6,ml,28,68,0,0.2,tx,tx2026fowzks,2026-03-23T13:44:59.300Z,"54 km S of Whites City, New Mexico",earthquake,0.89498323111838,0.9037100430866,0.2,12,reviewed,tx,tx
2026-03-20T22:17:16.670Z,35.754665374756,-120.31433105469,7.5599999427795,1.88,md,37,71,0.06967,0.06,nc,nc75330752,2026-03-20T23:17:21.887Z,"4 km NNW of Cholame, CA",earthquake,0.25,0.579999983,0.16,24,automatic,nc,nc
2026-03-20T22:17:05.737Z,-22.8558,-177.3746,234.643,4.4,mb,21,174,6.653,0.92,us,us6000shz5,2026-03-22T01:48:33.040Z,"283 km SW of Houma, Tonga",earthquake,17.69,9.411,0.123,19,reviewed,us,us
2026-03-20T22:16:51.902Z,49.4086,155.5877,48.244,4.3,mb,38,193,3.935,0.68,us,us6000si96,2026-03-22T01:35:07.040Z,"146 km SSW of Severo-Kuril’sk, Russia",earthquake,15.48,10.833,0.092,33,reviewed,us,us
2026-03-20T22:04:55.710Z,38.499,-112.89483333333,2.11,0.96,md,12,62,0.002728,0.08,uu,uu80132541,2026-03-20T22:57:24.800Z,"15 km NE of Milford, Utah",earthquake,0.24,0.37,0.35021915289756,4,reviewed,uu,uu
2026-03-20T22:02:40.830Z,38.501333333333,-112.89566666667,2.29,0.44,md,8,72,0.001998,0.06,uu,uu80132536,2026-03-20T22:55:03.050Z,"15 km NE of Milford, Utah",earthquake,0.35,0.44,0.49053614784117,3,reviewed,uu,uu
2026-03-20T21:59:49.720Z,39.238334655762,-123.19333648682,5.9400000572205,1.05,md,8,119,0.06642,0.03,nc,nc75330747,2026-03-20T22:17:22.472Z,"3 km SSE of Redwood Valley, CA",earthquake,0.34,1.26999998,0.08,6,automatic,nc,nc
2026-03-20T21:58:45.120Z,60.046833333333,-153.06816666667,1.09,-0.61,ml,5,129,0.0108,0.07,av,av94102908,2026-03-21T07:52:59.890Z,"64 km ENE of Pedro Bay, Alaska",earthquake,0.33,0.31,0.25346073984144,5,reviewed,av,av
2026-03-20T21:55:23.401Z,62.904,-149.335,60.9,1.8,ml,41,30,0.2,0.8,ak,aka2026fowgco,2026-03-24T00:31:13.767Z,"57 km SSW of Cantwell, Alaska",earthquake,2.7,3.2242,0.2,25,reviewed,ak,ak
2026-03-20T21:52:56.797Z,31.68,-104.399,6.0999,2.6,ml,44,68,0,0.2,tx,tx2026fowduj,2026-03-23T08:43:39.872Z,"55 km S of Whites City, New Mexico",earthquake,0.75065346110374,0.48112490457438,0.1,28,reviewed,tx,tx
2026-03-20T21:51:37.170Z,37.318333333333,-77.664333333333,0.03,2.4,md,11,73,0.3571,0.25,se,se60618951,2026-03-26T00:41:20.004Z,"11 km S of Woodlake, Virginia",earthquake,0.61,1.59,0.067529797524899,9,reviewed,se,se
2026-03-20T21:41:32.050Z,58.2855,-154.9805,3.23,0.52,ml,8,136,0.04537,0.13,av,av94102888,2026-03-24T19:37:51.652Z,"85 km NNW of Karluk, Alaska",earthquake,0.33,0.82,0.65286061263166,2,reviewed,av,av
2026-03-20T21:36:07.280Z,48.481666666667,-123.50316666667,-0.21,1.27,ml,6,173,0.137,0.05,uw,uw62228052,2026-03-20T22:35:39.340Z,"3 km N of Langford, Canada",explosion,0.27,31.61,0.062475869934064,3,reviewed,uw,uw
2026-03-20T21:34:47.957Z,60.934,-150.792,26.4,1.9,ml,20,68,0.2,0.4,ak,aka2026fovogi,2026-03-24T00:27:03.355Z,"5 km WNW of Point Possession, Alaska",earthquake,5.3,3.5162,0.2,20,reviewed,ak,ak
2026-03-20T21:25:17.940Z,19.3145,-155.24616666667,1.12,1.84,ml,36,90,0.03884,0.2,hv,hv74920347,2026-03-23T21:10:12.610Z,"14 km S of Volcano, Hawaii",earthquake,0.23,0.45,0.15117527485805,24,reviewed,hv,hv
2026-03-20T21:24:56.980Z,51.716166666667,-178.78516666667,10.05,0.86,ml,5,307,0.0451,0.26,av,av94102878,2026-03-21T07:44:59.110Z,"149 km W of Adak, Alaska",earthquake,2.99,3.57,0.11789063428466,5,reviewed,av,av
2026-03-20T21:24:27.137Z,61.173,-140.036,8.4,1.7,ml,12,86,0.5,0.5,ak,aka2026fovfms,2026-03-24T00:20:29.342Z,"157 km ESE of McCarthy, Alaska",earthquake,4.3,4.0657,0.2,8,reviewed,ak,ak
2026-03-20T21:23:27.962Z,61.153,-140.027,7.9,1.7,ml,17,83,0.5,0.7,ak,aka2026foveqn,2026-03-24T00:17:56.419Z,"158 km ESE of McCarthy, Alaska",earthquake,3.8,2.9834,0.1,10,reviewed,ak,ak
2026-03-20T21:19:21.348Z,28.3965,129.343,59.694,4.6,mb,73,111,1.822,0.66,us,us6000shyj,2026-03-21T01:08:40.040Z,"14 km WNW of Naze, Japan",earthquake,6.82,7.96,0.061,80,reviewed,us,us
2026-03-20T21:17:47.684Z,31.671,-104.309,5.2026,1.7,ml,33,67,0,0.2,tx,tx2026fouzfl,2026-03-23T12:25:43.806Z,"56 km S of Whites City, New Mexico",earthquake,0.66617341882362,0.8885982997132,0.2,24,reviewed,tx,tx
2026-03-20T21:03:32.180Z,36.588665008545,-121.22467041016,4.9499998092651,1.68,md,21,63,0.03586,0.23,nc,nc75330742,2026-03-20T22:27:20.606Z,"10 km NW of Pinnacles, CA",earthquake,0.5,1.75,0.22,17,automatic,nc,nc
2026-03-20T20:59:23.440Z,33.643166666667,-116.71433333333,13.62,0.67,ml,32,55,0.04245,0.16,ci,ci41421216,2026-03-20T21:30:35.039Z,"11 km NNW of Anza, CA",earthquake,0.19,0.38,0.20009712724998,13,reviewed,ci,ci
2026-03-20T20:51:55.170Z,38.823665618896,-122.84283447266,1.9800000190735,1.08,md,18,102,0.006121,0.02,nc,nc75330732,2026-03-20T20:53:30.419Z,"9 km NW of The Geysers, CA",earthquake,0.22,0.379999995,0.14,20,automatic,nc,nc
2026-03-20T20:39:43.610Z,35.872166666667,-117.72283333333,8.72,0.92,ml,23,42,0.07208,0.11,ci,ci41421208,2026-03-20T21:08:22.268Z,"18 km ESE of Little Lake, CA",earthquake,0.15,0.43,0.13405422214513,9,reviewed,ci,ci
2026-03-20T20:38:50.354Z,-20.0214,-70.9683,27.079,4,mb,17,200,0.825,0.71,us,us6000shy8,2026-03-20T21:11:58.040Z,"87 km WNW of Puerto, Chile",earthquake,5.18,6.051,0.232,5,reviewed,us,us
2026-03-20T20:30:09.970Z,38.501166666667,-112.8945,1.62,0.79,md,13,63,0.002773,0.07,uu,uu80132526,2026-03-20T20:56:59.890Z,"15 km NE of Milford, Utah",earthquake,0.23,0.33,0.35077466682771,4,reviewed,uu,uu
2026-03-20T20:13:31.480Z,33.183666666667,-116.5435,12.08,0.56,ml,17,84,0.08837,0.13,ci,ci41421200,2026-03-20T20:49:33.422Z,"13 km NNE of Julian, CA",earthquake,0.29,0.56,0.2258525612441,8,reviewed,ci,ci
2026-03-20T20:11:45.540Z,19.255332946777,-155.37899780273,28.489999771118,1.7,md,17,167,0.0249,0.100000001,hv,hv74920307,2026-03-20T20:15:25.280Z,"11 km ENE of Pāhala, Hawaii",earthquake,0.67,0.889999986,0.16062595754726,10,automatic,hv,hv
2026-03-20T20:11:20.232Z,52.016,176.216,5,3.6,ml,15,192,1.4,1,ak,aka2026fosuze,2026-03-24T00:14:24.057Z,"225 km ESE of Attu Station, Alaska",earthquake,30.8,0,0.1,12,reviewed,ak,ak
2026-03-20T20:06:52.112Z,-19.9972,-71.0226,11.317,4.7,mb,28,145,0.881,1.13,us,us6000shxy,2026-03-21T01:56:19.337Z,"94 km WNW of Puerto, Chile",earthquake,5.08,4.844,0.147,17,reviewed,us,us
2026-03-20T20:03:05.468Z,31.667,-104.404,7.2998,1.8,ml,20,70,0,0.1,tx,tx2026fosnju,2026-03-20T20:25:46.890Z,"56 km S of Whites City, New Mexico",earthquake,0.53967333209774,0.47995420305317,0.1,18,reviewed,tx,tx
2026-03-20T20:00:41.340Z,33.2365,-116.794,15.67,0.32,ml,10,102,0.02954,0.27,ci,ci10233310,2026-03-24T22:00:29.801Z,"3 km WSW of Lake Henshaw, CA",earthquake,0.67,1.41,0.14763045049361,4,reviewed,ci,ci
2026-03-20T20:00:33.790Z,33.2465,-116.80616666667,12.7,0.38,ml,19,58,0.04109,0.16,ci,ci41421192,2026-03-24T21:45:04.435Z,"4 km W of Lake Henshaw, CA",earthquake,0.26,0.59,0.073349246575297,10,reviewed,ci,ci
2026-03-20T19:56:55.920Z,34.47083333,-96.83133333,0,1.22,ml,28,90,0.195261683,0.21,ok,ok2026foas,2026-03-23T17:37:04.773Z,"7 km N of Mill Creek, Oklahoma",quarry blast,,0.4,0.25,14,reviewed,ok,ok
2026-03-20T19:55:20.816Z,-19.2594,168.3306,10,4.6,mb,37,109,3.401,0.84,us,us6000shxt,2026-03-20T20:51:02.040Z,"104 km WNW of Isangel, Vanuatu",earthquake,5.16,1.894,0.089,41,reviewed,us,us
2026-03-20T19:52:40.320Z,33.168333333333,-116.559,13.99,0.89,ml,32,58,0.08015,0.21,ci,ci41421184,2026-03-20T21:26:47.478Z,"11 km NNE of Julian, CA",earthquake,0.27,0.67,0.18916796634818,15,reviewed,ci,ci
2026-03-20T19:50:37.620Z,33.795666666667,-117.0985,3.29,0.71,ml,20,107,0.07656,0.15,ci,ci41421176,2026-03-20T21:03:20.526Z,"4 km E of Nuevo, CA",earthquake,0.27,0.48,0.049694565814549,8,reviewed,ci,ci
2026-03-20T19:50:03.921Z,32.107,-101.935,8.374,1.4,ml,24,49,0.1,0.1,tx,tx2026fosccw,2026-03-20T20:51:59.731Z,"14 km W of Stanton, Texas",earthquake,0.481628300377,0.60070999054046,0.1,24,reviewed,tx,tx
2026-03-20T19:47:26.494Z,31.677,-104.401,7.1252,1.9,ml,28,69,0,0.2,tx,tx2026forzww,2026-03-20T20:22:20.455Z,"55 km S of Whites City, New Mexico",earthquake,0.82584300720573,0.90058342545486,0.1,21,reviewed,tx,tx
2026-03-20T19:43:18.320Z,34.466166666667,-117.95683333333,9.28,1.33,ml,28,34,0.01722,0.14,ci,ci41421160,2026-03-20T20:39:39.804Z,"6 km SW of Pearblossom, CA",earthquake,0.17,0.36,0.19757295421728,18,reviewed,ci,ci
2026-03-20T19:34:54.490Z,53.9225,-166.57683333333,9.84,0.85,ml,8,204,0.07561,0.1,av,av94102778,2026-03-21T07:39:58.660Z,"4 km NNW of Dutch Harbor, Alaska",earthquake,0.42,0.6,0.23120716471656,8,reviewed,av,av
2026-03-20T19:30:27.130Z,33.845166666667,-117.48383333333,-0.5,1.26,ml,40,43,0.04254,0.25,ci,ci41421144,2026-03-21T00:03:35.343Z,"5 km SE of Home Gardens, CA",quarry blast,0.37,31.61,0.23787122076397,31,reviewed,ci,ci
2026-03-20T19:21:01.690Z,33.246,-116.80733333333,12.92,0.66,ml,26,35,0.04192,0.15,ci,ci41421128,2026-03-20T21:14:41.053Z,"4 km W of Lake Henshaw, CA",earthquake,0.22,0.53,0.16017956234056,14,reviewed,ci,ci
2026-03-20T19:19:40.930Z,46.991166666667,-123.18216666667,-0.22,1.3,ml,9,69,0.035,0.31,uw,uw62227977,2026-03-20T21:12:21.470Z,"9 km SE of McCleary, Washington",earthquake,0.48,1.65,0.21761112904348,7,reviewed,uw,uw
2026-03-20T19:17:19.527Z,54.5137,-160.1738,35,2.7,ml,22,222,1.167,0.81,us,us6000shxk,2026-03-23T20:58:13.021Z,"93 km SSE of Sand Point, Alaska",earthquake,3.3,2.003,0.091,16,reviewed,us,us
2026-03-20T19:16:17.850Z,60.012333333333,-153.043,0.39,-0.7,ml,5,123,0.01293,0.05,av,av94102763,2026-03-21T07:36:28.340Z,"64 km ENE of Pedro Bay, Alaska",earthquake,0.52,1.12,0.10018006167047,4,reviewed,av,av
2026-03-20T19:14:22.870Z,38.817333221435,-122.76083374023,1.5299999713898,0.46,md,6,159,0.01491,0.02,nc,nc75330727,2026-03-20T19:42:20.510Z,"3 km W of Cobb, CA",earthquake,0.63,1.00999999,0.26,9,automatic,nc,nc
2026-03-20T19:12:01.879Z,63.17,-147.653,4.6,1.5,ml,27,32,0.5,0.7,ak,aka2026foqvjy,2026-03-23T20:50:12.658Z,"69 km ESE of Cantwell, Alaska",earthquake,2.3,1.7737,0.2,18,reviewed,ak,ak
2026-03-20T19:06:53.330Z,38.841667175293,-122.83100128174,1.2999999523163,0.71,md,13,86,0.00466,0.02,nc,nc75330722,2026-03-20T19:08:30.591Z,"10 km WNW of Cobb, CA",earthquake,0.23,0.620000005,0.08,16,automatic,nc,nc
2026-03-20T19:03:11.140Z,38.812000274658,-122.80683135986,18.729999542236,1.17,md,5,126,0.009866,0.1,nc,nc75330717,2026-03-20T20:12:19.696Z,"6 km NW of The Geysers, CA",earthquake,5.58,11.4499998,0.12,7,automatic,nc,nc
2026-03-20T19:00:29.746Z,32.368,-101.665,6.6162,0.6,ml,10,87,0,0.1,tx,tx2026foqjeg,2026-03-23T16:15:48.413Z,"18 km SSE of Ackerly, Texas",earthquake,0.68340490169602,0.66772339418831,0.1,6,reviewed,tx,tx
2026-03-20T18:59:59.650Z,51.785333333333,-178.81383333333,7.64,0.53,ml,5,121,0.02763,0.08,av,av94102738,2026-03-20T21:02:23.480Z,"150 km W of Adak, Alaska",earthquake,0.8,0.81,0.22957307122897,5,reviewed,av,av
2026-03-20T18:55:43.650Z,34.033833333333,-117.181,10.47,0.94,ml,36,55,0.05698,0.14,ci,ci41421080,2026-03-20T23:08:00.775Z,"2 km S of Redlands, CA",earthquake,0.16,0.4,0.22919733413532,28,reviewed,ci,ci
2026-03-20T18:55:03.170Z,60.974,-151.034,10.5,1.6,ml,16,87,0.5,0.4,ak,aka2026foqgtt,2026-03-23T20:47:18.350Z,"11 km SSE of Tyonek, Alaska",earthquake,4.9,4.671,0.4,7,reviewed,ak,ak
2026-03-20T18:50:41.630Z,38.826499938965,-122.8048324585,2.0099999904633,0.7,md,11,77,0.005136,0.01,nc,nc75330707,2026-03-20T19:22:19.371Z,"7 km NW of The Geysers, CA",earthquake,0.3,0.870000005,0.09,14,automatic,nc,nc
2026-03-20T18:45:34.633Z,60.501,-139.653,0.5,2,ml,16,99,0.5,0.8,ak,aka2026fopypg,2026-03-23T20:42:42.217Z,"106 km N of Yakutat, Alaska",earthquake,3.9,3.5433,0.2,12,reviewed,ak,ak
2026-03-20T18:43:22.410Z,52.373,-174.17516666667,1.9,0.92,ml,7,104,0.01361,0.26,av,av94102718,2026-03-24T19:36:55.129Z,"19 km N of Atka, Alaska",earthquake,0.68,1.1,0.36840865157484,7,reviewed,av,av
2026-03-20T18:42:53.360Z,33.2565,-116.39933333333,6.94,1.1,ml,43,41,0.01895,0.18,ci,ci41421040,2026-03-20T22:55:42.198Z,"2 km W of Borrego Springs, CA",earthquake,0.2,0.39,0.15577924769615,25,reviewed,ci,ci
2026-03-20T18:41:00.280Z,51.818333333333,-178.772,9.52,0.7,ml,5,245,0.004127,0.15,av,av94102713,2026-03-20T20:53:21.850Z,"147 km W of Adak, Alaska",earthquake,1.88,0.85,0.18702305474368,5,reviewed,av,av
2026-03-20T18:32:09.012Z,-4.916,145.1919,115.105,4.7,mb,112,47,3.585,0.79,us,us6000shx5,2026-03-20T18:58:02.040Z,"74 km WNW of Madang, Papua New Guinea",earthquake,7.14,6.178,0.05,130,reviewed,us,us
2026-03-20T18:11:44.990Z,38.499,-112.89566666667,2.71,1.15,md,10,75,0.00218,0.06,uu,uu80132521,2026-03-20T18:34:00.380Z,"15 km NE of Milford, Utah",earthquake,0.24,0.39,0.087045603942306,4,reviewed,uu,uu
2026-03-20T18:10:41.590Z,38.496333333333,-112.89616666667,2.83,0.79,md,13,70,0.004208,0.07,uu,uu80132516,2026-03-20T18:30:47.090Z,"14 km NE of Milford, Utah",earthquake,0.25,0.38,0.43446063225437,4,reviewed,uu,uu
2026-03-20T18:09:55.170Z,33.246333333333,-116.80533333333,12.57,0.52,ml,23,35,0.04037,0.14,ci,ci41421024,2026-03-20T18:58:24.528Z,"4 km W of Lake Henshaw, CA",earthquake,0.2,0.51,0.21605116657652,9,reviewed,ci,ci
2026-03-20T18:01:31.357Z,31.676,-104.396,5.4333,2.5,ml,36,69,0,0.2,tx,tx2026foompu,2026-03-20T21:01:34.040Z,"55 km S of Whites City, New Mexico",earthquake,0.69897939985774,0.58389481758203,0.1,23,reviewed,tx,tx
2026-03-20T18:01:28.430Z,33.2435,-116.80966666667,10.26,2.04,ml,79,14,0.04332,0.21,ci,ci41421016,2026-03-20T18:14:54.010Z,"4 km W of Lake Henshaw, CA",earthquake,0.14,0.35,0.2406482748224,27,reviewed,ci,ci
2026-03-20T17:57:10.005Z,36.6517,-116.2746,6.5973,0.17,ml,20,94,0.052,0.1138,nn,nn00912987,2026-03-20T20:04:25.727Z,"51 km ESE of Beatty, Nevada",earthquake,,1.0455,0.24,4,reviewed,nn,nn
2026-03-20T17:56:30.412Z,60.311,-153.01,129.5,1.9,ml,47,52,0.2,0.6,ak,aka2026fooihd,2026-03-23T20:37:37.501Z,"73 km E of Port Alsworth, Alaska",earthquake,4.2,2.1931,0.3,20,reviewed,ak,ak
2026-03-20T17:51:59.520Z,33.991833333333,-116.44633333333,4.18,0.1,ml,3,243,0.05982,0.01,ci,ci41421008,2026-03-20T20:10:06.901Z,"6 km NE of Desert Hot Springs, CA",earthquake,0.51,0.51,0.065921187533685,3,reviewed,ci,ci
2026-03-20T17:49:47.792Z,60.614,-139.702,2.2,1.8,ml,15,93,0.6,0.8,ak,aka2026foocnr,2026-03-23T20:29:36.472Z,"118 km N of Yakutat, Alaska",earthquake,4.7,3.4781,0.2,8,reviewed,ak,ak
2026-03-20T17:46:40.395Z,60.556,-139.72,0.9,1.8,ml,14,95,0.5,0.5,ak,aka2026fonzvk,2026-03-23T20:27:44.779Z,"112 km N of Yakutat, Alaska",earthquake,5,4.5134,0.2,7,reviewed,ak,ak
2026-03-20T17:46:26.840Z,58.268333333333,-155.125,6.13,-0.28,ml,8,88,0.0428,0.07,av,av94102648,2026-03-24T19:36:23.947Z,"87 km NNW of Karluk, Alaska",earthquake,0.3,0.61,0.23076721478777,8,reviewed,av,av
2026-03-20T17:33:01.650Z,63.382,-152.822,1.4,2.2,ml,30,39,0.3,0.7,ak,aka2026fonobu,2026-03-23T20:26:02.264Z,"57 km WSW of Denali National Park, Alaska",earthquake,2.7,2.2721,0.2,25,reviewed,ak,ak
2026-03-20T17:32:58.430Z,38.494166666667,-112.89616666667,2.55,1.06,md,11,77,0.006297,0.05,uu,uu80132511,2026-03-20T18:27:43.930Z,"14 km NE of Milford, Utah",earthquake,0.23,0.36,0.26222394504228,4,reviewed,uu,uu
2026-03-20T17:27:23.100Z,34.343333333333,-116.88283333333,-1.75,1.16,ml,23,51,0.04605,0.19,ci,ci41420960,2026-03-20T20:06:46.445Z,"10 km NNW of Big Bear City, CA",quarry blast,0.39,31.61,0.12520545126538,18,reviewed,ci,ci
2026-03-20T17:24:28.300Z,54.7365,-164.11916666667,2.5,1.68,ml,7,127,0.07578,0.16,av,av93056969,2026-03-24T19:35:59.675Z,"47 km WSW of False Pass, Alaska",earthquake,0.5,0.88,0.10950627056968,7,reviewed,av,av
2026-03-20T17:23:46.250Z,57.040833333333,-135.79516666667,0.85,-0.28,ml,4,214,0.01333,0.04,av,av93056974,2026-03-21T07:26:27.600Z,"28 km W of Sitka, Alaska",earthquake,0.38,1.39,0.23748404270363,4,reviewed,av,av
2026-03-20T17:22:46.984Z,58.561,-142.7123,10,2.5,ml,76,154,1.611,0.86,us,us6000shwf,2026-03-23T20:20:48.050Z,"203 km SW of Yakutat, Alaska",earthquake,5.58,1.998,0.038,90,reviewed,us,us
2026-03-20T17:19:44.587Z,60.635,-139.942,0.8,2.5,ml,17,70,0.6,0.8,ak,aka2026foncqn,2026-03-23T20:16:22.120Z,"121 km N of Yakutat, Alaska",earthquake,3.5,3.0725,0.2,16,reviewed,ak,ak
2026-03-20T17:19:02.430Z,33.432666666667,-116.6005,11.82,0.05,ml,16,65,0.0452,0.11,ci,ci41420944,2026-03-20T18:05:28.004Z,"15 km SSE of Anza, CA",earthquake,0.25,0.43,0.15981169096254,6,reviewed,ci,ci
2026-03-20T17:16:44.934Z,64.297,-148.482,1.3,1.6,ml,28,59,0.2,0.5,ak,aka2026fonaba,2026-03-23T20:14:48.847Z,"34 km E of Clear, Alaska",earthquake,2.3,2.439,0.2,22,reviewed,ak,ak
2026-03-20T17:16:02.680Z,49.385666666667,-120.51283333333,-0.36,1.9,ml,7,184,0.5837,0.46,uw,uw62227947,2026-03-20T17:56:02.270Z,"8 km S of Princeton, Canada",explosion,3.59,31.61,0.060073338615686,3,reviewed,uw,uw
2026-03-20T17:14:46.328Z,52.4271,-169.8832,11.985,3.4,ml,36,211,0.368,0.85,us,us6000shw9,2026-03-23T20:08:56.835Z,"89 km SW of Nikolski, Alaska",earthquake,4.48,7.869,0.077,22,reviewed,us,us
2026-03-20T17:13:47.985Z,60.813,-151.092,61,1.9,ml,37,47,0.1,0.7,ak,aka2026fomxmv,2026-03-23T20:07:12.550Z,"17 km NE of Nikiski, Alaska",earthquake,2.7,3.1399,0.1,22,reviewed,ak,ak
2026-03-20T17:09:51.264Z,60.7528,-139.8869,5,2.5,ml,28,56,0.553,0.99,us,us6000shw6,2026-03-23T20:04:16.634Z,"134 km N of Yakutat, Alaska",earthquake,1.8,1.977,0.043,72,reviewed,us,us
2026-03-20T17:07:25.660Z,32.800166666667,-116.14266666667,12.12,0.66,ml,9,103,0.0392,0.14,ci,ci41420936,2026-03-20T17:46:00.082Z,"16 km WNW of Ocotillo, CA",earthquake,0.44,0.7,0.27793033744778,6,reviewed,ci,ci
2026-03-20T17:04:29.089Z,57.8458,-142.684,10,2.6,ml,49,169,2.273,1,us,us6000shw3,2026-03-23T19:59:29.148Z,"255 km SW of Yakutat, Alaska",earthquake,4.07,2.002,0.045,66,reviewed,us,us
2026-03-20T16:59:50.009Z,51.299,-178.051,20.5,2.4,ml,19,233,0.5,0.3,ak,aka2026fomlki,2026-03-23T19:51:09.042Z,"117 km WSW of Adak, Alaska",earthquake,8.2,4.1646,0.1,13,reviewed,ak,ak
2026-03-20T16:58:17.360Z,37.03783416748,-121.49283599853,5.6399998664856,0.99,md,7,190,0.0141,0.04,nc,nc75330682,2026-03-20T17:17:20.558Z,"8 km ENE of Gilroy, CA",earthquake,0.65,1.60000002,0.2,4,automatic,nc,nc
2026-03-20T16:50:12.950Z,38.742500305176,-122.85766601562,14.640000343323,1.13,md,6,168,0.05744,0.04,nc,nc75330677,2026-03-20T17:47:22.767Z,"10 km WSW of The Geysers, CA",earthquake,1.61,2.49000001,0.16,2,automatic,nc,nc
2026-03-20T16:45:33.020Z,61.1245,-152.3075,3.94,0.54,ml,11,122,0.07306,0.07,av,av94102513,2026-03-23T19:45:21.167Z,"63 km W of Tyonek, Alaska",earthquake,0.26,0.23,0.23375765208787,11,reviewed,av,av
2026-03-20T16:44:31.090Z,61.132,-152.31733333333,5.61,0.06,ml,7,253,0.06476,0.15,av,av94102508,2026-03-20T20:57:52.190Z,"64 km W of Tyonek, Alaska",earthquake,0.88,1.18,0.24627443313317,7,reviewed,av,av
2026-03-20T16:40:09.440Z,18.254833333333,-66.110833333333,10.2,1.97,md,3,189,0.2478,0.03,pr,pr71510393,2026-03-20T16:58:33.240Z,"0 km WSW of Aguas Buenas, Puerto Rico",earthquake,0.61,4.83,0.04689351298426,3,reviewed,pr,pr
2026-03-20T16:39:38.600Z,33.993833333333,-116.42683333333,2.5,1.92,ml,67,45,0.08128,0.16,ci,ci41420920,2026-03-20T17:08:03.910Z,"8 km ENE of Desert Hot Springs, CA",earthquake,0.12,0.31,0.2007975172377,26,reviewed,ci,ci
2026-03-20T16:31:47.710Z,38.811332702637,-122.80200195312,1.0599999427795,0.76,md,8,75,0.006219,0.02,nc,nc75330672,2026-03-20T17:22:23.588Z,"5 km NW of The Geysers, CA",earthquake,0.34,0.910000026,0.16,8,automatic,nc,nc
2026-03-20T16:24:26.280Z,38.824501037598,-122.76633453369,1.9700000286102,1.45,md,28,105,0.006584,0.03,nc,nc75330667,2026-03-20T16:57:20.419Z,"4 km W of Cobb, CA",earthquake,0.23,0.340000004,0.14,28,automatic,nc,nc
2026-03-20T16:17:50.285Z,-15.5634,-174.841,276.909,4.3,mb,22,139,3.386,0.68,us,us6000shvq,2026-03-20T16:40:00.040Z,"120 km WNW of Hihifo, Tonga",earthquake,14.5,14.531,0.13,17,reviewed,us,us
2026-03-20T16:14:38.948Z,31.675,-104.397,5.3052,1.6,ml,18,64,0,0.2,tx,tx2026fokynt,2026-03-20T16:52:46.146Z,"55 km S of Whites City, New Mexico",earthquake,0.77952033761122,0.67472305950743,0.1,19,reviewed,tx,tx
2026-03-20T16:10:46.490Z,58.172333333333,-154.99283333333,8.13,-0.39,ml,6,142,0.03026,0.22,av,av94102453,2026-03-21T06:55:55.700Z,"74 km NNW of Karluk, Alaska",earthquake,0.73,1.09,0.23347101119808,6,reviewed,av,av
2026-03-20T16:10:32.342Z,60.552,-140.097,0.2,1.9,ml,15,82,0.5,0.6,ak,aka2026fokvcw,2026-03-23T18:31:06.250Z,"113 km N of Yakutat, Alaska",earthquake,4.2,7.4131,0.2,12,reviewed,ak,ak
2026-03-20T16:02:23.620Z,51.742833333333,-178.76,15.37,0.44,ml,5,291,0.01974,0.31,av,av94102433,2026-03-20T20:48:20.410Z,"147 km W of Adak, Alaska",earthquake,4.67,1.72,0.31955684810175,5,reviewed,av,av
2026-03-20T16:00:31.820Z,19.147,-155.473,31.76,1.54,ml,36,168,0.01327,0.12,hv,hv74920097,2026-03-24T02:31:19.580Z,"6 km S of Pāhala, Hawaii",earthquake,0.52,0.63,0.17890984013068,16,reviewed,hv,hv
2026-03-20T15:52:56.137Z,32.108,-101.93,9.2285,1.2,ml,16,57,0.1,0.1,tx,tx2026fokfux,2026-03-20T16:20:57.316Z,"13 km W of Stanton, Texas",earthquake,0.49936863291168,0.72176914849782,0.2,7,reviewed,tx,tx
2026-03-20T15:48:53.945Z,63.231,-150.317,104.8,1.8,ml,25,47,0.7,0.5,ak,aka2026fokcqm,2026-03-21T01:16:43.027Z,"70 km WSW of Cantwell, Alaska",earthquake,4,3.8819,0.2,17,reviewed,ak,ak
2026-03-20T15:48:27.310Z,51.767666666667,-178.66916666667,13.72,0.82,ml,5,317,0.05149,0.26,av,av94102403,2026-03-20T20:45:20.150Z,"140 km W of Adak, Alaska",earthquake,4.45,1.66,0.28787085764588,5,reviewed,av,av
2026-03-20T15:43:02.360Z,40.337501525879,-124.85516357422,11,2.98,md,51,238,0.395,0.19,nc,nc75330657,2026-03-20T16:36:02.040Z,"48 km W of Petrolia, CA",earthquake,1.42,1.53999996,0.12,28,automatic,nc,nc
2026-03-20T15:30:45.163Z,-32.1967,-71.6987,57.462,4.6,mb,28,107,0.633,0.39,us,us6000shvi,2026-03-20T17:46:17.003Z,"52 km WNW of La Ligua, Chile",earthquake,4.68,11.759,0.173,10,reviewed,us,us
2026-03-20T15:25:30.520Z,19.136166666667,-155.37283333333,29.2,2.35,ml,43,184,0.08655,0.14,hv,hv74920052,2026-03-23T19:45:36.580Z,"13 km ESE of Pāhala, Hawaii",earthquake,0.47,0.58,0.19762059166799,32,reviewed,hv,hv
2026-03-20T15:22:13.592Z,32.103,-101.931,8.1299,0.8,ml,20,64,0.1,0.1,tx,tx2026fojfho,2026-03-23T15:26:11.564Z,"13 km WSW of Stanton, Texas",earthquake,0.6278901213923,0.73053879326152,0.1,7,reviewed,tx,tx
2026-03-20T15:16:08.331Z,60.561,-139.953,1.4,1.8,ml,14,86,0.5,0.8,ak,aka2026fojady,2026-03-21T01:14:50.090Z,"113 km N of Yakutat, Alaska",earthquake,4.2,5.5089,0.2,6,reviewed,ak,ak
2026-03-20T15:01:56.400Z,33.245333333333,-116.80666666667,12.94,0.78,ml,28,40,0.04122,0.11,ci,ci41420872,2026-03-20T16:54:06.469Z,"4 km W of Lake Henshaw, CA",earthquake,0.14,0.38,0.10196018829146,19,reviewed,ci,ci
2026-03-20T14:51:42.994Z,60.228,-150.958,66.6,1.7,ml,27,69,0.5,0.4,ak,aka2026foifcr,2026-03-21T01:09:50.385Z,"21 km SE of Kasilof, Alaska",earthquake,3.7,4.4928,0.2,14,reviewed,ak,ak
2026-03-20T14:51:41.281Z,52.6617,-169.7461,10,3.1,ml,22,206,0.126,0.93,us,us6000shuw,2026-03-21T12:12:30.040Z,"67 km WSW of Nikolski, Alaska",earthquake,2.17,1.994,0.077,22,reviewed,us,us
2026-03-20T14:49:36.775Z,32.108,-101.931,8.9111,2.6,ml,34,58,0.1,0.1,tx,tx2026foidgi,2026-03-21T12:17:08.040Z,"13 km W of Stanton, Texas",earthquake,0.283256752106,0.46356914214298,0.2,13,reviewed,tx,tx
2026-03-20T14:46:56.847Z,32.105,-101.926,9.5947,2.7,ml,62,64,0.1,0.1,tx,tx2026foiayk,2026-03-21T12:23:13.040Z,"13 km WSW of Stanton, Texas",earthquake,0.24352046685562,0.31844345920522,0.2,46,reviewed,tx,tx
2026-03-20T14:46:38.660Z,19.411166666667,-155.50383333333,12.52,1.19,md,20,80,0.04079,0.13,hv,hv74919997,2026-03-24T02:27:19.500Z,"23 km N of Pāhala, Hawaii",earthquake,0.44,0.67,0.097357841902355,6,reviewed,hv,hv
2026-03-20T14:45:25.107Z,-20.6282,-178.4475,593.274,4.9,mb,54,54,4.378,0.72,us,us6000shus,2026-03-20T15:01:44.040Z,"Fiji region",earthquake,13.49,9.073,0.059,90,reviewed,us,us
2026-03-20T14:38:49.780Z,54.105333333333,-165.89566666667,5.64,0.48,ml,5,313,0.02379,0.31,av,av93056959,2026-03-21T06:48:26.210Z,"8 km WSW of Akutan, Alaska",earthquake,1.53,1.04,0.15081043040881,5,reviewed,av,av
2026-03-20T14:36:48.960Z,34.4235,-97.46333333,5.12,1.74,ml,42,66,0.0602881694,0.34,ok,ok2026fnqe,2026-03-23T17:32:02.917Z,"5 km ESE of Ratliff City, Oklahoma",earthquake,,0.9,0.28,21,reviewed,ok,ok
2026-03-20T14:35:12.590Z,33.255,-116.1025,11.09,0.63,ml,21,86,0.1009,0.14,ci,ci41420864,2026-03-20T18:05:29.159Z,"13 km NNE of Ocotillo Wells, CA",earthquake,0.24,0.55,0.10669458938827,7,reviewed,ci,ci
2026-03-20T14:32:33.770Z,47.631166666667,-121.85966666667,19.99,1.37,ml,8,122,0.05914,0.08,uw,uw62227917,2026-03-20T17:28:58.160Z,"4 km ESE of Carnation, Washington",earthquake,0.52,0.48,0.0835310103117,3,reviewed,uw,uw
2026-03-20T14:28:06.910Z,36.121333333333,-117.911,4.75,1.02,ml,25,94,0.04561,0.15,ci,ci41420856,2026-03-20T16:54:24.260Z,"9 km NNE of Coso Junction, CA",earthquake,0.22,0.55,0.19784961684493,15,reviewed,ci,ci
2026-03-20T14:26:09.491Z,31.621,-104.099,5.7794,1.5,ml,25,52,0,0.1,tx,tx2026fohjbb,2026-03-20T19:46:17.694Z,"44 km NW of Toyah, Texas",earthquake,0.41233252194912,0.38651643529114,0.2,18,reviewed,tx,tx
2026-03-20T14:25:51.660Z,36.120166778565,-120.21900177002,7.9000000953674,1.68,md,16,166,0.02972,0.1,nc,nc75330637,2026-03-20T15:32:20.849Z,"13 km E of Coalinga, CA",earthquake,0.67,0.529999971,0.27,7,automatic,nc,nc
2026-03-20T14:13:11.826Z,54.2115,-164.8232,30.073,2.4,ml,22,182,0.287,0.99,us,us6000shua,2026-03-21T12:32:50.040Z,"62 km E of Akutan, Alaska",earthquake,4.74,7.114,0.097,14,reviewed,us,us
2026-03-20T14:08:34.350Z,18.628166666667,-66.673,83.75,3,md,4,287,0.2028,0.13,pr,pr71510388,2026-03-20T14:29:52.520Z,"17 km NNE of Arecibo, Puerto Rico",earthquake,2.53,1.26,0.075189034083106,4,reviewed,pr,pr
2026-03-20T14:08:22.980Z,36.675666809082,-121.32783508301,4.5999999046326,2.18,md,38,35,0.0351,0.16,nc,nc75330632,2026-03-20T15:07:21.661Z,"13 km S of Tres Pinos, CA",earthquake,0.28,1.00999999,0.13,35,automatic,nc,nc
2026-03-20T14:06:33.506Z,40.4263,-125.699,5,2.5,ml,27,258,1.329,0.82,us,us6000shu2,2026-03-21T12:45:17.040Z,"122 km W of Ferndale, California",earthquake,3.49,2.015,0.039,86,reviewed,us,us
2026-03-20T14:02:43.340Z,38.832668304443,-122.87300109863,2.7200000286102,1.34,md,21,69,0.009869,0.03,nc,nc75330622,2026-03-20T14:52:20.555Z,"12 km WNW of The Geysers, CA",earthquake,0.28,0.529999971,0.12,24,automatic,nc,nc
2026-03-20T13:57:26.724Z,-5.2729,153.6662,56.278,4.8,mb,69,79,1.843,0.61,us,us6000shu0,2026-03-21T13:04:33.040Z,"186 km ESE of Kokopo, Papua New Guinea",earthquake,8.39,7.096,0.067,69,reviewed,us,us
2026-03-20T13:51:29.890Z,38.827167510986,-122.76349639893,1.8200000524521,1.07,md,9,157,0.006,0.01,nc,nc75330612,2026-03-20T13:53:05.107Z,"4 km W of Cobb, CA",earthquake,0.41,0.620000005,0.2,11,automatic,nc,nc
2026-03-20T13:49:56.190Z,62.106,-142.554,4.2,1.6,ml,19,91,0.4,0.3,ak,aka2026fogbfb,2026-03-20T23:38:44.252Z,"38 km SE of Nabesna, Alaska",earthquake,2.8,2.9668,0.1,7,reviewed,ak,ak
2026-03-20T13:46:03.815Z,51.9624,176.477,35,3,ml,12,191,1.296,0.69,us,us6000shtx,2026-03-21T13:19:07.040Z,"244 km ESE of Attu Station, Alaska",earthquake,8.03,1.992,0.091,16,reviewed,us,us
2026-03-20T13:45:32.080Z,63.511,-147.882,1.4,1.5,ml,24,40,0.5,0.5,ak,aka2026fogaat,2026-03-20T23:30:24.156Z,"54 km ENE of Cantwell, Alaska",earthquake,2.3,2.2666,0.2,15,reviewed,ak,ak
2026-03-20T13:42:54.960Z,51.798333333333,-178.89066666667,12.61,0.55,ml,5,294,0.02965,0.2,av,av94102188,2026-03-20T20:41:19.840Z,"155 km W of Adak, Alaska",earthquake,1.91,1.14,0.29266336600436,5,reviewed,av,av
2026-03-20T13:42:53.049Z,35.164,-98.14383333,8.86,1.47,ml,62,62,0.07738481446,0.3,ok,ok2026fnoj,2026-03-20T14:24:24.766Z,"10 km NNW of Verden, Oklahoma",earthquake,,1.4,0.27,27,reviewed,ok,ok
2026-03-20T13:42:09.460Z,33.168333333333,-116.562,14.43,1.13,ml,47,34,0.07783,0.19,ci,ci41420848,2026-03-20T15:26:49.399Z,"11 km NNE of Julian, CA",earthquake,0.19,0.4,0.20352395703796,27,reviewed,ci,ci
2026-03-20T13:36:48.570Z,33.522166666667,-116.58183333333,11.97,0.26,ml,18,58,0.03225,0.14,ci,ci41420840,2026-03-20T17:52:34.209Z,"9 km ESE of Anza, CA",earthquake,0.25,0.5,0.18945314431475,8,reviewed,ci,ci
2026-03-20T13:36:10.830Z,52.8624,-167.7921,35,2.8,ml,23,215,0.543,0.69,us,us6000shtr,2026-03-21T13:26:10.040Z,"72 km E of Nikolski, Alaska",earthquake,3.47,2.01,0.097,14,reviewed,us,us
2026-03-20T13:32:41.471Z,23.768,121.7116,29.077,4.9,mb,108,73,0.418,0.92,us,us6000shth,2026-03-21T13:49:22.040Z,"25 km SSE of Hualien City, Taiwan",earthquake,2.68,4.441,0.046,145,reviewed,us,us
2026-03-20T13:31:55.250Z,38.805000305176,-122.78016662598,1.5,1.21,md,27,65,0.008257,0.02,nc,nc75330602,2026-03-20T14:07:21.365Z,"4 km NW of The Geysers, CA",earthquake,0.2,0.289999992,0.22,26,automatic,nc,nc
2026-03-20T13:31:14.628Z,51.74,-174.4387,35,2.7,ml,19,246,0.486,0.71,us,us6000shtf,2026-03-21T13:55:53.040Z,"53 km SSW of Atka, Alaska",earthquake,5.33,2.026,0.105,12,reviewed,us,us
2026-03-20T13:28:09.010Z,58.270333333333,-154.91833333333,5.58,0.01,ml,12,152,0.08121,0.28,av,av94102138,2026-03-21T06:35:55.460Z,"82 km NNW of Karluk, Alaska",earthquake,0.56,1.51,0.28278223095997,12,reviewed,av,av
2026-03-20T13:25:44.099Z,56.629,-155.7,32.5,2.4,ml,27,195,1.1,0.5,ak,aka2026fofinx,2026-03-20T23:22:41.665Z,"99 km WSW of Akhiok, Alaska",earthquake,7.1,15.3194,0.1,18,reviewed,ak,ak
2026-03-20T13:14:07.670Z,34.665833333333,-119.37583333333,5.97,0.69,ml,10,66,0.02964,0.18,ci,ci41420816,2026-03-20T17:55:18.624Z,"27 km NNW of Ojai, CA",earthquake,0.37,0.73,0.047981211153574,7,reviewed,ci,ci
2026-03-20T13:13:30.193Z,-24.5179,-66.8758,219.301,4.4,mb,22,134,1.964,0.91,us,us6000shtc,2026-03-20T13:30:34.040Z,"65 km WSW of San Antonio de los Cobres, Argentina",earthquake,10.54,6.466,0.241,7,reviewed,us,us
2026-03-20T12:59:07.930Z,60.074666666667,-153.041,6.25,-0.62,ml,6,147,0.02074,0.2,av,av94102053,2026-03-21T06:28:24.990Z,"67 km ENE of Pedro Bay, Alaska",earthquake,1.12,0.96,0.23895533045714,6,reviewed,av,av
2026-03-20T12:36:29.010Z,51.805833333333,-178.83133333333,6.36,0.28,ml,5,199,0.02075,0.14,av,av94101993,2026-03-20T20:38:49.620Z,"151 km W of Adak, Alaska",earthquake,0.89,1.07,0.2628533597365,5,reviewed,av,av
2026-03-20T12:35:24.510Z,38.80683517456,-122.81883239746,3.5199999809265,0.3,md,6,129,0.008334,0.01,nc,nc75330587,2026-03-20T12:57:18.850Z,"6 km WNW of The Geysers, CA",earthquake,0.61,1.47000003,0.13,8,automatic,nc,nc
2026-03-20T12:34:08.510Z,63.281,-151.04,2.7,2,ml,33,53,0.3,0.6,ak,aka2026fodqng,2026-03-20T23:19:42.813Z,"44 km SE of Denali National Park, Alaska",earthquake,2.3,1.7427,0.2,25,reviewed,ak,ak
2026-03-20T12:33:28.390Z,33.248666666667,-116.80333333333,12.52,0.6,ml,29,35,0.03944,0.16,ci,ci41420800,2026-03-20T16:54:39.281Z,"4 km WNW of Lake Henshaw, CA",earthquake,0.19,0.53,0.15564223983372,14,reviewed,ci,ci
2026-03-20T12:32:39.382Z,54.4355,-159.7579,35,3.5,mb,62,166,1.414,0.8,us,us6000sht9,2026-03-20T23:14:11.498Z,"110 km SSE of Sand Point, Alaska",earthquake,5.78,1.996,0.201,6,reviewed,us,us
2026-03-20T12:30:37.284Z,59.956,-153.381,139.6,2.2,ml,70,68,0.1,0.7,ak,aka2026fodnfz,2026-03-20T23:07:28.363Z,"44 km ENE of Pedro Bay, Alaska",earthquake,3.9,1.7954,0.3,36,reviewed,ak,ak
2026-03-20T12:30:24.590Z,38.776000976562,-122.71250152588,1.9700000286102,1.01,md,9,88,0.01296,0.02,nc,nc75330582,2026-03-20T13:22:17.929Z,"2 km W of Anderson Springs, CA",earthquake,0.55,0.639999986,0.3,9,automatic,nc,nc
2026-03-20T12:30:01.290Z,33.243666666667,-116.799,11.76,0.08,ml,22,35,0.03458,0.14,ci,ci41420784,2026-03-20T16:55:09.336Z,"3 km W of Lake Henshaw, CA",earthquake,0.2,0.48,0.047076951805923,3,reviewed,ci,ci
2026-03-20T12:28:09.166Z,2.2408,96.1171,10,4.9,mb,71,113,1.729,0.43,us,us6000sht8,2026-03-20T12:57:08.040Z,"39 km SW of Sinabang, Indonesia",earthquake,8.25,1.878,0.066,71,reviewed,us,us
2026-03-20T12:19:20.140Z,51.822666666667,-178.84,5.96,0.52,ml,5,264,0.02151,0.13,av,av94101943,2026-03-20T20:36:49.380Z,"152 km W of Adak, Alaska",earthquake,0.72,0.82,0.52370172372,5,reviewed,av,av
2026-03-20T12:14:55.850Z,33.502,-116.56283333333,13.38,0.77,ml,46,48,0.03369,0.17,ci,ci41420776,2026-03-20T15:26:02.918Z,"12 km ESE of Anza, CA",earthquake,0.18,0.35,0.15535475691746,26,reviewed,ci,ci
2026-03-20T12:11:49.380Z,34.411,-97.44866667,5.27,2.19,ml,89,41,0,0.33,ok,ok2026fnlj,2026-03-20T13:19:29.426Z,"6 km SE of Ratliff City, Oklahoma",earthquake,,0.6,0.27,34,reviewed,ok,ok
2026-03-20T12:10:58.702Z,32.184,-101.778,6.665,0.9,ml,18,89,0.1,0.1,tx,tx2026foctwd,2026-03-20T14:20:09.513Z,"6 km N of Stanton, Texas",earthquake,0.41493709784661,0.75530359164672,0.1,10,reviewed,tx,tx
2026-03-20T12:06:46.270Z,38.84033203125,-122.8373336792,1.1100000143051,0.62,md,12,86,0.00226,0.03,nc,nc75330577,2026-03-20T12:08:21.441Z,"10 km NW of The Geysers, CA",earthquake,0.26,0.479999989,0.4,13,automatic,nc,nc
2026-03-20T12:04:46.110Z,38.814498901367,-122.81916809082,2.7599999904633,0.8,md,13,65,0.009632,0.02,nc,nc75330572,2026-03-20T12:57:18.750Z,"7 km NW of The Geysers, CA",earthquake,0.36,0.779999971,0.45,14,automatic,nc,nc
2026-03-20T12:02:01.480Z,38.84400177002,-122.7559967041,1.7699999809265,0.27,md,5,218,0.01599,0.01,nc,nc75330567,2026-03-20T12:32:19.575Z,"4 km NW of Cobb, CA",earthquake,1.68,0.970000029,0.18,7,automatic,nc,nc
2026-03-20T11:46:11.322Z,26.4388,144.7411,10,4.4,mb,74,119,21.15,0.4,us,us6000shsz,2026-03-20T12:28:28.040Z,"Bonin Islands, Japan region",earthquake,12.33,1.894,0.064,70,reviewed,us,us
2026-03-20T11:44:38.765Z,53.4718,-165.7899,35,2.6,ml,16,220,0.566,0.4,us,us6000shsx,2026-03-20T22:56:24.130Z,"66 km SE of Unalaska, Alaska",earthquake,5.1,2.02,0.115,10,reviewed,us,us
2026-03-20T11:43:24.840Z,33.584166666667,-116.74966666667,12.63,0.7,ml,38,45,0.02139,0.16,ci,ci41420768,2026-03-20T18:31:25.824Z,"8 km WNW of Anza, CA",earthquake,0.17,0.42,0.2419824133816,13,reviewed,ci,ci
2026-03-20T11:33:10.990Z,38.498833333333,-112.89583333333,1.9,0.57,md,13,66,0.002188,0.08,uu,uu80132506,2026-03-20T18:15:30.160Z,"15 km NE of Milford, Utah",earthquake,0.26,0.35,0.32863095087735,4,reviewed,uu,uu
2026-03-20T11:32:56.600Z,19.488166666667,-155.362,13.63,1.43,ml,36,55,0.1,0.09,hv,hv74919827,2026-03-23T18:28:33.410Z,"14 km WNW of Volcano, Hawaii",earthquake,0.29,0.3,0.19792809749341,17,reviewed,hv,hv
2026-03-20T11:30:11.440Z,58.403166666667,-154.47316666667,2.65,0.23,ml,9,207,0.09871,0.17,av,av94101778,2026-03-21T05:58:22.290Z,"92 km N of Karluk, Alaska",earthquake,0.63,0.95,0.26838467791302,9,reviewed,av,av
2026-03-20T11:29:39.800Z,38.495666666667,-112.89416666667,1.41,1.27,md,16,63,0.005489,0.13,uu,uu80132501,2026-03-20T18:11:21.310Z,"14 km NE of Milford, Utah",earthquake,0.3,0.41,0.45013394788153,8,reviewed,uu,uu
2026-03-20T11:25:21.755Z,51.443,-176.863,20.5,2.3,ml,23,212,0.4,0.3,ak,aka2026fobjgj,2026-03-20T22:52:56.694Z,"50 km SSW of Adak, Alaska",earthquake,8.2,4.4827,0.2,18,reviewed,ak,ak
2026-03-20T11:20:33.850Z,-8.4082,106.6966,22.034,4.4,mb,35,105,1.332,0.51,us,us6000shst,2026-03-20T13:36:25.729Z,"156 km SSW of Banjar, Indonesia",earthquake,6.28,4.276,0.102,28,reviewed,us,us
2026-03-20T11:05:42.860Z,52.311333333333,-174.15916666667,3.89,0.43,ml,4,298,0.02853,0.09,av,av93056954,2026-03-21T06:06:52.910Z,"13 km NNE of Atka, Alaska",earthquake,0.7,0.66,0.39272497202259,4,reviewed,av,av
2026-03-20T11:04:58.980Z,52.321833333333,-174.17333333333,3.9,1.15,ml,8,83,0.01772,0.11,av,av93056949,2026-03-24T01:28:35.868Z,"14 km N of Atka, Alaska",earthquake,0.3,0.57,0.22974179243907,8,reviewed,av,av
2026-03-20T10:56:45.010Z,38.822166442871,-122.7636642456,1.6900000572205,0.21,md,7,127,0.009622,0.04,nc,nc75330562,2026-03-20T11:32:23.192Z,"4 km W of Cobb, CA",earthquake,0.48,0.560000002,0.04,8,automatic,nc,nc
2026-03-20T10:54:35.910Z,18.023666666667,-66.897666666667,9.31,2.16,md,6,117,0.05143,0.06,pr,pr71510373,2026-03-20T11:06:58.890Z,"1 km SSE of Lluveras, Puerto Rico",earthquake,0.61,1.02,0.055826283377815,4,reviewed,pr,pr
