<kml xmlns:xsd="https://schemas.opengis.net/kml/2.2.0/ogckml22.xsd" xmlns:xmlns="https://www.opengis.net/kml/2.2/" version="1.0">
  <Document>
    <name>meuse</name>
    <open>1</open>
    <Folder>
      <name>SpatialPointsDataFrame</name>
      <Style id="pnt1">
        <LabelStyle>
          <scale>0.5</scale>
        </LabelStyle>
        <IconStyle>
          <color>#ff000000</color>
          <scale>0.5</scale>
          <Icon>
            <href>https://plotkml.r-forge.r-project.org/icon3.png</href>
          </Icon>
        </IconStyle>
        <BalloonStyle>
          <text>$[description]</text>
        </BalloonStyle>
      </Style>
      <Style id="pnt2">
        <LabelStyle>
          <scale>0.5</scale>
        </LabelStyle>
        <IconStyle>
          <color>#ff000000</color>
          <scale>0.5</scale>
          <Icon>
            <href>https://plotkml.r-forge.r-project.org/icon3.png</href>
          </Icon>
        </IconStyle>
        <BalloonStyle>
          <text>$[description]</text>
        </BalloonStyle>
      </Style>
      <Style id="pnt3">
        <LabelStyle>
          <scale>0.5</scale>
        </LabelStyle>
        <IconStyle>
          <color>#ff000000</color>
          <scale>0.5</scale>
          <Icon>
            <href>https://plotkml.r-forge.r-project.org/icon3.png</href>
          </Icon>
        </IconStyle>
        <BalloonStyle>
          <text>$[description]</text>
        </BalloonStyle>
      </Style>
      <Style id="pnt4">
        <LabelStyle>
          <scale>0.5</scale>
        </LabelStyle>
        <IconStyle>
          <color>#ff000000</color>
          <scale>0.5</scale>
          <Icon>
            <href>https://plotkml.r-forge.r-project.org/icon3.png</href>
          </Icon>
        </IconStyle>
        <BalloonStyle>
          <text>$[description]</text>
        </BalloonStyle>
      </Style>
      <Style id="pnt5">
        <LabelStyle>
          <scale>0.5</scale>
        </LabelStyle>
        <IconStyle>
          <color>#ff000000</color>
          <scale>0.5</scale>
          <Icon>
            <href>https://plotkml.r-forge.r-project.org/icon3.png</href>
          </Icon>
        </IconStyle>
        <BalloonStyle>
          <text>$[description]</text>
        </BalloonStyle>
      </Style>
      <Style id="pnt6">
        <LabelStyle>
          <scale>0.5</scale>
        </LabelStyle>
        <IconStyle>
          <color>#ff000000</color>
          <scale>0.5</scale>
          <Icon>
            <href>https://plotkml.r-forge.r-project.org/icon3.png</href>
          </Icon>
        </IconStyle>
        <BalloonStyle>
          <text>$[description]</text>
        </BalloonStyle>
      </Style>
      <Style id="pnt7">
        <LabelStyle>
          <scale>0.5</scale>
        </LabelStyle>
        <IconStyle>
          <color>#ff000000</color>
          <scale>0.5</scale>
          <Icon>
            <href>https://plotkml.r-forge.r-project.org/icon3.png</href>
          </Icon>
        </IconStyle>
        <BalloonStyle>
          <text>$[description]</text>
        </BalloonStyle>
      </Style>
      <Style id="pnt8">
        <LabelStyle>
          <scale>0.5</scale>
        </LabelStyle>
        <IconStyle>
          <color>#ff000000</color>
          <scale>0.5</scale>
          <Icon>
            <href>https://plotkml.r-forge.r-project.org/icon3.png</href>
          </Icon>
        </IconStyle>
        <BalloonStyle>
          <text>$[description]</text>
        </BalloonStyle>
      </Style>
      <Style id="pnt9">
        <LabelStyle>
          <scale>0.5</scale>
        </LabelStyle>
        <IconStyle>
          <color>#ff000000</color>
          <scale>0.5</scale>
          <Icon>
            <href>https://plotkml.r-forge.r-project.org/icon3.png</href>
          </Icon>
        </IconStyle>
        <BalloonStyle>
          <text>$[description]</text>
        </BalloonStyle>
      </Style>
      <Style id="pnt10">
        <LabelStyle>
          <scale>0.5</scale>
        </LabelStyle>
        <IconStyle>
          <color>#ff000000</color>
          <scale>0.5</scale>
          <Icon>
            <href>https://plotkml.r-forge.r-project.org/icon3.png</href>
          </Icon>
        </IconStyle>
        <BalloonStyle>
          <text>$[description]</text>
        </BalloonStyle>
      </Style>
      <Style id="pnt11">
        <LabelStyle>
          <scale>0.5</scale>
        </LabelStyle>
        <IconStyle>
          <color>#ff000000</color>
          <scale>0.5</scale>
          <Icon>
            <href>https://plotkml.r-forge.r-project.org/icon3.png</href>
          </Icon>
        </IconStyle>
        <BalloonStyle>
          <text>$[description]</text>
        </BalloonStyle>
      </Style>
      <Style id="pnt12">
        <LabelStyle>
          <scale>0.5</scale>
        </LabelStyle>
        <IconStyle>
          <color>#ff000000</color>
          <scale>0.5</scale>
          <Icon>
            <href>https://plotkml.r-forge.r-project.org/icon3.png</href>
          </Icon>
        </IconStyle>
        <BalloonStyle>
          <text>$[description]</text>
        </BalloonStyle>
      </Style>
      <Style id="pnt13">
        <LabelStyle>
          <scale>0.5</scale>
        </LabelStyle>
        <IconStyle>
          <color>#ff000000</color>
          <scale>0.5</scale>
          <Icon>
            <href>https://plotkml.r-forge.r-project.org/icon3.png</href>
          </Icon>
        </IconStyle>
        <BalloonStyle>
          <text>$[description]</text>
        </BalloonStyle>
      </Style>
      <Style id="pnt14">
        <LabelStyle>
          <scale>0.5</scale>
        </LabelStyle>
        <IconStyle>
          <color>#ff000000</color>
          <scale>0.5</scale>
          <Icon>
            <href>https://plotkml.r-forge.r-project.org/icon3.png</href>
          </Icon>
        </IconStyle>
        <BalloonStyle>
          <text>$[description]</text>
        </BalloonStyle>
      </Style>
      <Style id="pnt15">
        <LabelStyle>
          <scale>0.5</scale>
        </LabelStyle>
        <IconStyle>
          <color>#ff000000</color>
          <scale>0.5</scale>
          <Icon>
            <href>https://plotkml.r-forge.r-project.org/icon3.png</href>
          </Icon>
        </IconStyle>
        <BalloonStyle>
          <text>$[description]</text>
        </BalloonStyle>
      </Style>
      <Style id="pnt16">
        <LabelStyle>
          <scale>0.5</scale>
        </LabelStyle>
        <IconStyle>
          <color>#ff000000</color>
          <scale>0.5</scale>
          <Icon>
            <href>https://plotkml.r-forge.r-project.org/icon3.png</href>
          </Icon>
        </IconStyle>
        <BalloonStyle>
          <text>$[description]</text>
        </BalloonStyle>
      </Style>
      <Style id="pnt17">
        <LabelStyle>
          <scale>0.5</scale>
        </LabelStyle>
        <IconStyle>
          <color>#ff000000</color>
          <scale>0.5</scale>
          <Icon>
            <href>https://plotkml.r-forge.r-project.org/icon3.png</href>
          </Icon>
        </IconStyle>
        <BalloonStyle>
          <text>$[description]</text>
        </BalloonStyle>
      </Style>
      <Style id="pnt18">
        <LabelStyle>
          <scale>0.5</scale>
        </LabelStyle>
        <IconStyle>
          <color>#ff000000</color>
          <scale>0.5</scale>
          <Icon>
            <href>https://plotkml.r-forge.r-project.org/icon3.png</href>
          </Icon>
        </IconStyle>
        <BalloonStyle>
          <text>$[description]</text>
        </BalloonStyle>
      </Style>
      <Style id="pnt19">
        <LabelStyle>
          <scale>0.5</scale>
        </LabelStyle>
        <IconStyle>
          <color>#ff000000</color>
          <scale>0.5</scale>
          <Icon>
            <href>https://plotkml.r-forge.r-project.org/icon3.png</href>
          </Icon>
        </IconStyle>
        <BalloonStyle>
          <text>$[description]</text>
        </BalloonStyle>
      </Style>
      <Style id="pnt20">
        <LabelStyle>
          <scale>0.5</scale>
        </LabelStyle>
        <IconStyle>
          <color>#ff000000</color>
          <scale>0.5</scale>
          <Icon>
            <href>https://plotkml.r-forge.r-project.org/icon3.png</href>
          </Icon>
        </IconStyle>
        <BalloonStyle>
          <text>$[description]</text>
        </BalloonStyle>
      </Style>
      <Style id="pnt21">
        <LabelStyle>
          <scale>0.5</scale>
        </LabelStyle>
        <IconStyle>
          <color>#ff000000</color>
          <scale>0.5</scale>
          <Icon>
            <href>https://plotkml.r-forge.r-project.org/icon3.png</href>
          </Icon>
        </IconStyle>
        <BalloonStyle>
          <text>$[description]</text>
        </BalloonStyle>
      </Style>
      <Style id="pnt22">
        <LabelStyle>
          <scale>0.5</scale>
        </LabelStyle>
        <IconStyle>
          <color>#ff000000</color>
          <scale>0.5</scale>
          <Icon>
            <href>https://plotkml.r-forge.r-project.org/icon3.png</href>
          </Icon>
        </IconStyle>
        <BalloonStyle>
          <text>$[description]</text>
        </BalloonStyle>
      </Style>
      <Style id="pnt23">
        <LabelStyle>
          <scale>0.5</scale>
        </LabelStyle>
        <IconStyle>
          <color>#ff000000</color>
          <scale>0.5</scale>
          <Icon>
            <href>https://plotkml.r-forge.r-project.org/icon3.png</href>
          </Icon>
        </IconStyle>
        <BalloonStyle>
          <text>$[description]</text>
        </BalloonStyle>
      </Style>
      <Style id="pnt24">
        <LabelStyle>
          <scale>0.5</scale>
        </LabelStyle>
        <IconStyle>
          <color>#ff000000</color>
          <scale>0.5</scale>
          <Icon>
            <href>https://plotkml.r-forge.r-project.org/icon3.png</href>
          </Icon>
        </IconStyle>
        <BalloonStyle>
          <text>$[description]</text>
        </BalloonStyle>
      </Style>
      <Style id="pnt25">
        <LabelStyle>
          <scale>0.5</scale>
        </LabelStyle>
        <IconStyle>
          <color>#ff000000</color>
          <scale>0.5</scale>
          <Icon>
            <href>https://plotkml.r-forge.r-project.org/icon3.png</href>
          </Icon>
        </IconStyle>
        <BalloonStyle>
          <text>$[description]</text>
        </BalloonStyle>
      </Style>
      <Style id="pnt26">
        <LabelStyle>
          <scale>0.5</scale>
        </LabelStyle>
        <IconStyle>
          <color>#ff000000</color>
          <scale>0.5</scale>
          <Icon>
            <href>https://plotkml.r-forge.r-project.org/icon3.png</href>
          </Icon>
        </IconStyle>
        <BalloonStyle>
          <text>$[description]</text>
        </BalloonStyle>
      </Style>
      <Style id="pnt27">
        <LabelStyle>
          <scale>0.5</scale>
        </LabelStyle>
        <IconStyle>
          <color>#ff000000</color>
          <scale>0.5</scale>
          <Icon>
            <href>https://plotkml.r-forge.r-project.org/icon3.png</href>
          </Icon>
        </IconStyle>
        <BalloonStyle>
          <text>$[description]</text>
        </BalloonStyle>
      </Style>
      <Style id="pnt28">
        <LabelStyle>
          <scale>0.5</scale>
        </LabelStyle>
        <IconStyle>
          <color>#ff000000</color>
          <scale>0.5</scale>
          <Icon>
            <href>https://plotkml.r-forge.r-project.org/icon3.png</href>
          </Icon>
        </IconStyle>
        <BalloonStyle>
          <text>$[description]</text>
        </BalloonStyle>
      </Style>
      <Style id="pnt29">
        <LabelStyle>
          <scale>0.5</scale>
        </LabelStyle>
        <IconStyle>
          <color>#ff000000</color>
          <scale>0.5</scale>
          <Icon>
            <href>https://plotkml.r-forge.r-project.org/icon3.png</href>
          </Icon>
        </IconStyle>
        <BalloonStyle>
          <text>$[description]</text>
        </BalloonStyle>
      </Style>
      <Style id="pnt30">
        <LabelStyle>
          <scale>0.5</scale>
        </LabelStyle>
        <IconStyle>
          <color>#ff000000</color>
          <scale>0.5</scale>
          <Icon>
            <href>https://plotkml.r-forge.r-project.org/icon3.png</href>
          </Icon>
        </IconStyle>
        <BalloonStyle>
          <text>$[description]</text>
        </BalloonStyle>
      </Style>
      <Style id="pnt31">
        <LabelStyle>
          <scale>0.5</scale>
        </LabelStyle>
        <IconStyle>
          <color>#ff000000</color>
          <scale>0.5</scale>
          <Icon>
            <href>https://plotkml.r-forge.r-project.org/icon3.png</href>
          </Icon>
        </IconStyle>
        <BalloonStyle>
          <text>$[description]</text>
        </BalloonStyle>
      </Style>
      <Style id="pnt32">
        <LabelStyle>
          <scale>0.5</scale>
        </LabelStyle>
        <IconStyle>
          <color>#ff000000</color>
          <scale>0.5</scale>
          <Icon>
            <href>https://plotkml.r-forge.r-project.org/icon3.png</href>
          </Icon>
        </IconStyle>
        <BalloonStyle>
          <text>$[description]</text>
        </BalloonStyle>
      </Style>
      <Style id="pnt33">
        <LabelStyle>
          <scale>0.5</scale>
        </LabelStyle>
        <IconStyle>
          <color>#ff000000</color>
          <scale>0.5</scale>
          <Icon>
            <href>https://plotkml.r-forge.r-project.org/icon3.png</href>
          </Icon>
        </IconStyle>
        <BalloonStyle>
          <text>$[description]</text>
        </BalloonStyle>
      </Style>
      <Style id="pnt34">
        <LabelStyle>
          <scale>0.5</scale>
        </LabelStyle>
        <IconStyle>
          <color>#ff000000</color>
          <scale>0.5</scale>
          <Icon>
            <href>https://plotkml.r-forge.r-project.org/icon3.png</href>
          </Icon>
        </IconStyle>
        <BalloonStyle>
          <text>$[description]</text>
        </BalloonStyle>
      </Style>
      <Style id="pnt35">
        <LabelStyle>
          <scale>0.5</scale>
        </LabelStyle>
        <IconStyle>
          <color>#ff000000</color>
          <scale>0.5</scale>
          <Icon>
            <href>https://plotkml.r-forge.r-project.org/icon3.png</href>
          </Icon>
        </IconStyle>
        <BalloonStyle>
          <text>$[description]</text>
        </BalloonStyle>
      </Style>
      <Style id="pnt36">
        <LabelStyle>
          <scale>0.5</scale>
        </LabelStyle>
        <IconStyle>
          <color>#ff000000</color>
          <scale>0.5</scale>
          <Icon>
            <href>https://plotkml.r-forge.r-project.org/icon3.png</href>
          </Icon>
        </IconStyle>
        <BalloonStyle>
          <text>$[description]</text>
        </BalloonStyle>
      </Style>
      <Style id="pnt37">
        <LabelStyle>
          <scale>0.5</scale>
        </LabelStyle>
        <IconStyle>
          <color>#ff000000</color>
          <scale>0.5</scale>
          <Icon>
            <href>https://plotkml.r-forge.r-project.org/icon3.png</href>
          </Icon>
        </IconStyle>
        <BalloonStyle>
          <text>$[description]</text>
        </BalloonStyle>
      </Style>
      <Style id="pnt38">
        <LabelStyle>
          <scale>0.5</scale>
        </LabelStyle>
        <IconStyle>
          <color>#ff000000</color>
          <scale>0.5</scale>
          <Icon>
            <href>https://plotkml.r-forge.r-project.org/icon3.png</href>
          </Icon>
        </IconStyle>
        <BalloonStyle>
          <text>$[description]</text>
        </BalloonStyle>
      </Style>
      <Style id="pnt39">
        <LabelStyle>
          <scale>0.5</scale>
        </LabelStyle>
        <IconStyle>
          <color>#ff000000</color>
          <scale>0.5</scale>
          <Icon>
            <href>https://plotkml.r-forge.r-project.org/icon3.png</href>
          </Icon>
        </IconStyle>
        <BalloonStyle>
          <text>$[description]</text>
        </BalloonStyle>
      </Style>
      <Style id="pnt40">
        <LabelStyle>
          <scale>0.5</scale>
        </LabelStyle>
        <IconStyle>
          <color>#ff000000</color>
          <scale>0.5</scale>
          <Icon>
            <href>https://plotkml.r-forge.r-project.org/icon3.png</href>
          </Icon>
        </IconStyle>
        <BalloonStyle>
          <text>$[description]</text>
        </BalloonStyle>
      </Style>
      <Style id="pnt41">
        <LabelStyle>
          <scale>0.5</scale>
        </LabelStyle>
        <IconStyle>
          <color>#ff000000</color>
          <scale>0.5</scale>
          <Icon>
            <href>https://plotkml.r-forge.r-project.org/icon3.png</href>
          </Icon>
        </IconStyle>
        <BalloonStyle>
          <text>$[description]</text>
        </BalloonStyle>
      </Style>
      <Style id="pnt42">
        <LabelStyle>
          <scale>0.5</scale>
        </LabelStyle>
        <IconStyle>
          <color>#ff000000</color>
          <scale>0.5</scale>
          <Icon>
            <href>https://plotkml.r-forge.r-project.org/icon3.png</href>
          </Icon>
        </IconStyle>
        <BalloonStyle>
          <text>$[description]</text>
        </BalloonStyle>
      </Style>
      <Style id="pnt43">
        <LabelStyle>
          <scale>0.5</scale>
        </LabelStyle>
        <IconStyle>
          <color>#ff000000</color>
          <scale>0.5</scale>
          <Icon>
            <href>https://plotkml.r-forge.r-project.org/icon3.png</href>
          </Icon>
        </IconStyle>
        <BalloonStyle>
          <text>$[description]</text>
        </BalloonStyle>
      </Style>
      <Style id="pnt44">
        <LabelStyle>
          <scale>0.5</scale>
        </LabelStyle>
        <IconStyle>
          <color>#ff000000</color>
          <scale>0.5</scale>
          <Icon>
            <href>https://plotkml.r-forge.r-project.org/icon3.png</href>
          </Icon>
        </IconStyle>
        <BalloonStyle>
          <text>$[description]</text>
        </BalloonStyle>
      </Style>
      <Style id="pnt45">
        <LabelStyle>
          <scale>0.5</scale>
        </LabelStyle>
        <IconStyle>
          <color>#ff000000</color>
          <scale>0.5</scale>
          <Icon>
            <href>https://plotkml.r-forge.r-project.org/icon3.png</href>
          </Icon>
        </IconStyle>
        <BalloonStyle>
          <text>$[description]</text>
        </BalloonStyle>
      </Style>
      <Style id="pnt46">
        <LabelStyle>
          <scale>0.5</scale>
        </LabelStyle>
        <IconStyle>
          <color>#ff000000</color>
          <scale>0.5</scale>
          <Icon>
            <href>https://plotkml.r-forge.r-project.org/icon3.png</href>
          </Icon>
        </IconStyle>
        <BalloonStyle>
          <text>$[description]</text>
        </BalloonStyle>
      </Style>
      <Style id="pnt47">
        <LabelStyle>
          <scale>0.5</scale>
        </LabelStyle>
        <IconStyle>
          <color>#ff000000</color>
          <scale>0.5</scale>
          <Icon>
            <href>https://plotkml.r-forge.r-project.org/icon3.png</href>
          </Icon>
        </IconStyle>
        <BalloonStyle>
          <text>$[description]</text>
        </BalloonStyle>
      </Style>
      <Style id="pnt48">
        <LabelStyle>
          <scale>0.5</scale>
        </LabelStyle>
        <IconStyle>
          <color>#ff000000</color>
          <scale>0.5</scale>
          <Icon>
            <href>https://plotkml.r-forge.r-project.org/icon3.png</href>
          </Icon>
        </IconStyle>
        <BalloonStyle>
          <text>$[description]</text>
        </BalloonStyle>
      </Style>
      <Style id="pnt49">
        <LabelStyle>
          <scale>0.5</scale>
        </LabelStyle>
        <IconStyle>
          <color>#ff000000</color>
          <scale>0.5</scale>
          <Icon>
            <href>https://plotkml.r-forge.r-project.org/icon3.png</href>
          </Icon>
        </IconStyle>
        <BalloonStyle>
          <text>$[description]</text>
        </BalloonStyle>
      </Style>
      <Style id="pnt50">
        <LabelStyle>
          <scale>0.5</scale>
        </LabelStyle>
        <IconStyle>
          <color>#ff000000</color>
          <scale>0.5</scale>
          <Icon>
            <href>https://plotkml.r-forge.r-project.org/icon3.png</href>
          </Icon>
        </IconStyle>
        <BalloonStyle>
          <text>$[description]</text>
        </BalloonStyle>
      </Style>
      <Style id="pnt51">
        <LabelStyle>
          <scale>0.5</scale>
        </LabelStyle>
        <IconStyle>
          <color>#ff000000</color>
          <scale>0.5</scale>
          <Icon>
            <href>https://plotkml.r-forge.r-project.org/icon3.png</href>
          </Icon>
        </IconStyle>
        <BalloonStyle>
          <text>$[description]</text>
        </BalloonStyle>
      </Style>
      <Style id="pnt52">
        <LabelStyle>
          <scale>0.5</scale>
        </LabelStyle>
        <IconStyle>
          <color>#ff000000</color>
          <scale>0.5</scale>
          <Icon>
            <href>https://plotkml.r-forge.r-project.org/icon3.png</href>
          </Icon>
        </IconStyle>
        <BalloonStyle>
          <text>$[description]</text>
        </BalloonStyle>
      </Style>
      <Style id="pnt53">
        <LabelStyle>
          <scale>0.5</scale>
        </LabelStyle>
        <IconStyle>
          <color>#ff000000</color>
          <scale>0.5</scale>
          <Icon>
            <href>https://plotkml.r-forge.r-project.org/icon3.png</href>
          </Icon>
        </IconStyle>
        <BalloonStyle>
          <text>$[description]</text>
        </BalloonStyle>
      </Style>
      <Style id="pnt54">
        <LabelStyle>
          <scale>0.5</scale>
        </LabelStyle>
        <IconStyle>
          <color>#ff000000</color>
          <scale>0.5</scale>
          <Icon>
            <href>https://plotkml.r-forge.r-project.org/icon3.png</href>
          </Icon>
        </IconStyle>
        <BalloonStyle>
          <text>$[description]</text>
        </BalloonStyle>
      </Style>
      <Style id="pnt55">
        <LabelStyle>
          <scale>0.5</scale>
        </LabelStyle>
        <IconStyle>
          <color>#ff000000</color>
          <scale>0.5</scale>
          <Icon>
            <href>https://plotkml.r-forge.r-project.org/icon3.png</href>
          </Icon>
        </IconStyle>
        <BalloonStyle>
          <text>$[description]</text>
        </BalloonStyle>
      </Style>
      <Style id="pnt56">
        <LabelStyle>
          <scale>0.5</scale>
        </LabelStyle>
        <IconStyle>
          <color>#ff000000</color>
          <scale>0.5</scale>
          <Icon>
            <href>https://plotkml.r-forge.r-project.org/icon3.png</href>
          </Icon>
        </IconStyle>
        <BalloonStyle>
          <text>$[description]</text>
        </BalloonStyle>
      </Style>
      <Style id="pnt57">
        <LabelStyle>
          <scale>0.5</scale>
        </LabelStyle>
        <IconStyle>
          <color>#ff000000</color>
          <scale>0.5</scale>
          <Icon>
            <href>https://plotkml.r-forge.r-project.org/icon3.png</href>
          </Icon>
        </IconStyle>
        <BalloonStyle>
          <text>$[description]</text>
        </BalloonStyle>
      </Style>
      <Style id="pnt58">
        <LabelStyle>
          <scale>0.5</scale>
        </LabelStyle>
        <IconStyle>
          <color>#ff000000</color>
          <scale>0.5</scale>
          <Icon>
            <href>https://plotkml.r-forge.r-project.org/icon3.png</href>
          </Icon>
        </IconStyle>
        <BalloonStyle>
          <text>$[description]</text>
        </BalloonStyle>
      </Style>
      <Style id="pnt59">
        <LabelStyle>
          <scale>0.5</scale>
        </LabelStyle>
        <IconStyle>
          <color>#ff000000</color>
          <scale>0.5</scale>
          <Icon>
            <href>https://plotkml.r-forge.r-project.org/icon3.png</href>
          </Icon>
        </IconStyle>
        <BalloonStyle>
          <text>$[description]</text>
        </BalloonStyle>
      </Style>
      <Style id="pnt60">
        <LabelStyle>
          <scale>0.5</scale>
        </LabelStyle>
        <IconStyle>
          <color>#ff000000</color>
          <scale>0.5</scale>
          <Icon>
            <href>https://plotkml.r-forge.r-project.org/icon3.png</href>
          </Icon>
        </IconStyle>
        <BalloonStyle>
          <text>$[description]</text>
        </BalloonStyle>
      </Style>
      <Style id="pnt61">
        <LabelStyle>
          <scale>0.5</scale>
        </LabelStyle>
        <IconStyle>
          <color>#ff000000</color>
          <scale>0.5</scale>
          <Icon>
            <href>https://plotkml.r-forge.r-project.org/icon3.png</href>
          </Icon>
        </IconStyle>
        <BalloonStyle>
          <text>$[description]</text>
        </BalloonStyle>
      </Style>
      <Style id="pnt62">
        <LabelStyle>
          <scale>0.5</scale>
        </LabelStyle>
        <IconStyle>
          <color>#ff000000</color>
          <scale>0.5</scale>
          <Icon>
            <href>https://plotkml.r-forge.r-project.org/icon3.png</href>
          </Icon>
        </IconStyle>
        <BalloonStyle>
          <text>$[description]</text>
        </BalloonStyle>
      </Style>
      <Style id="pnt63">
        <LabelStyle>
          <scale>0.5</scale>
        </LabelStyle>
        <IconStyle>
          <color>#ff000000</color>
          <scale>0.5</scale>
          <Icon>
            <href>https://plotkml.r-forge.r-project.org/icon3.png</href>
          </Icon>
        </IconStyle>
        <BalloonStyle>
          <text>$[description]</text>
        </BalloonStyle>
      </Style>
      <Style id="pnt64">
        <LabelStyle>
          <scale>0.5</scale>
        </LabelStyle>
        <IconStyle>
          <color>#ff000000</color>
          <scale>0.5</scale>
          <Icon>
            <href>https://plotkml.r-forge.r-project.org/icon3.png</href>
          </Icon>
        </IconStyle>
        <BalloonStyle>
          <text>$[description]</text>
        </BalloonStyle>
      </Style>
      <Style id="pnt65">
        <LabelStyle>
          <scale>0.5</scale>
        </LabelStyle>
        <IconStyle>
          <color>#ff000000</color>
          <scale>0.5</scale>
          <Icon>
            <href>https://plotkml.r-forge.r-project.org/icon3.png</href>
          </Icon>
        </IconStyle>
        <BalloonStyle>
          <text>$[description]</text>
        </BalloonStyle>
      </Style>
      <Style id="pnt66">
        <LabelStyle>
          <scale>0.5</scale>
        </LabelStyle>
        <IconStyle>
          <color>#ff000000</color>
          <scale>0.5</scale>
          <Icon>
            <href>https://plotkml.r-forge.r-project.org/icon3.png</href>
          </Icon>
        </IconStyle>
        <BalloonStyle>
          <text>$[description]</text>
        </BalloonStyle>
      </Style>
      <Style id="pnt67">
        <LabelStyle>
          <scale>0.5</scale>
        </LabelStyle>
        <IconStyle>
          <color>#ff000000</color>
          <scale>0.5</scale>
          <Icon>
            <href>https://plotkml.r-forge.r-project.org/icon3.png</href>
          </Icon>
        </IconStyle>
        <BalloonStyle>
          <text>$[description]</text>
        </BalloonStyle>
      </Style>
      <Style id="pnt68">
        <LabelStyle>
          <scale>0.5</scale>
        </LabelStyle>
        <IconStyle>
          <color>#ff000000</color>
          <scale>0.5</scale>
          <Icon>
            <href>https://plotkml.r-forge.r-project.org/icon3.png</href>
          </Icon>
        </IconStyle>
        <BalloonStyle>
          <text>$[description]</text>
        </BalloonStyle>
      </Style>
      <Style id="pnt69">
        <LabelStyle>
          <scale>0.5</scale>
        </LabelStyle>
        <IconStyle>
          <color>#ff000000</color>
          <scale>0.5</scale>
          <Icon>
            <href>https://plotkml.r-forge.r-project.org/icon3.png</href>
          </Icon>
        </IconStyle>
        <BalloonStyle>
          <text>$[description]</text>
        </BalloonStyle>
      </Style>
      <Style id="pnt70">
        <LabelStyle>
          <scale>0.5</scale>
        </LabelStyle>
        <IconStyle>
          <color>#ff000000</color>
          <scale>0.5</scale>
          <Icon>
            <href>https://plotkml.r-forge.r-project.org/icon3.png</href>
          </Icon>
        </IconStyle>
        <BalloonStyle>
          <text>$[description]</text>
        </BalloonStyle>
      </Style>
      <Style id="pnt71">
        <LabelStyle>
          <scale>0.5</scale>
        </LabelStyle>
        <IconStyle>
          <color>#ff000000</color>
          <scale>0.5</scale>
          <Icon>
            <href>https://plotkml.r-forge.r-project.org/icon3.png</href>
          </Icon>
        </IconStyle>
        <BalloonStyle>
          <text>$[description]</text>
        </BalloonStyle>
      </Style>
      <Style id="pnt72">
        <LabelStyle>
          <scale>0.5</scale>
        </LabelStyle>
        <IconStyle>
          <color>#ff000000</color>
          <scale>0.5</scale>
          <Icon>
            <href>https://plotkml.r-forge.r-project.org/icon3.png</href>
          </Icon>
        </IconStyle>
        <BalloonStyle>
          <text>$[description]</text>
        </BalloonStyle>
      </Style>
      <Style id="pnt73">
        <LabelStyle>
          <scale>0.5</scale>
        </LabelStyle>
        <IconStyle>
          <color>#ff000000</color>
          <scale>0.5</scale>
          <Icon>
            <href>https://plotkml.r-forge.r-project.org/icon3.png</href>
          </Icon>
        </IconStyle>
        <BalloonStyle>
          <text>$[description]</text>
        </BalloonStyle>
      </Style>
      <Style id="pnt74">
        <LabelStyle>
          <scale>0.5</scale>
        </LabelStyle>
        <IconStyle>
          <color>#ff000000</color>
          <scale>0.5</scale>
          <Icon>
            <href>https://plotkml.r-forge.r-project.org/icon3.png</href>
          </Icon>
        </IconStyle>
        <BalloonStyle>
          <text>$[description]</text>
        </BalloonStyle>
      </Style>
      <Style id="pnt75">
        <LabelStyle>
          <scale>0.5</scale>
        </LabelStyle>
        <IconStyle>
          <color>#ff000000</color>
          <scale>0.5</scale>
          <Icon>
            <href>https://plotkml.r-forge.r-project.org/icon3.png</href>
          </Icon>
        </IconStyle>
        <BalloonStyle>
          <text>$[description]</text>
        </BalloonStyle>
      </Style>
      <Style id="pnt76">
        <LabelStyle>
          <scale>0.5</scale>
        </LabelStyle>
        <IconStyle>
          <color>#ff000000</color>
          <scale>0.5</scale>
          <Icon>
            <href>https://plotkml.r-forge.r-project.org/icon3.png</href>
          </Icon>
        </IconStyle>
        <BalloonStyle>
          <text>$[description]</text>
        </BalloonStyle>
      </Style>
      <Style id="pnt77">
        <LabelStyle>
          <scale>0.5</scale>
        </LabelStyle>
        <IconStyle>
          <color>#ff000000</color>
          <scale>0.5</scale>
          <Icon>
            <href>https://plotkml.r-forge.r-project.org/icon3.png</href>
          </Icon>
        </IconStyle>
        <BalloonStyle>
          <text>$[description]</text>
        </BalloonStyle>
      </Style>
      <Style id="pnt78">
        <LabelStyle>
          <scale>0.5</scale>
        </LabelStyle>
        <IconStyle>
          <color>#ff000000</color>
          <scale>0.5</scale>
          <Icon>
            <href>https://plotkml.r-forge.r-project.org/icon3.png</href>
          </Icon>
        </IconStyle>
        <BalloonStyle>
          <text>$[description]</text>
        </BalloonStyle>
      </Style>
      <Style id="pnt79">
        <LabelStyle>
          <scale>0.5</scale>
        </LabelStyle>
        <IconStyle>
          <color>#ff000000</color>
          <scale>0.5</scale>
          <Icon>
            <href>https://plotkml.r-forge.r-project.org/icon3.png</href>
          </Icon>
        </IconStyle>
        <BalloonStyle>
          <text>$[description]</text>
        </BalloonStyle>
      </Style>
      <Style id="pnt80">
        <LabelStyle>
          <scale>0.5</scale>
        </LabelStyle>
        <IconStyle>
          <color>#ff000000</color>
          <scale>0.5</scale>
          <Icon>
            <href>https://plotkml.r-forge.r-project.org/icon3.png</href>
          </Icon>
        </IconStyle>
        <BalloonStyle>
          <text>$[description]</text>
        </BalloonStyle>
      </Style>
      <Style id="pnt81">
        <LabelStyle>
          <scale>0.5</scale>
        </LabelStyle>
        <IconStyle>
          <color>#ff000000</color>
          <scale>0.5</scale>
          <Icon>
            <href>https://plotkml.r-forge.r-project.org/icon3.png</href>
          </Icon>
        </IconStyle>
        <BalloonStyle>
          <text>$[description]</text>
        </BalloonStyle>
      </Style>
      <Style id="pnt82">
        <LabelStyle>
          <scale>0.5</scale>
        </LabelStyle>
        <IconStyle>
          <color>#ff000000</color>
          <scale>0.5</scale>
          <Icon>
            <href>https://plotkml.r-forge.r-project.org/icon3.png</href>
          </Icon>
        </IconStyle>
        <BalloonStyle>
          <text>$[description]</text>
        </BalloonStyle>
      </Style>
      <Style id="pnt83">
        <LabelStyle>
          <scale>0.5</scale>
        </LabelStyle>
        <IconStyle>
          <color>#ff000000</color>
          <scale>0.5</scale>
          <Icon>
            <href>https://plotkml.r-forge.r-project.org/icon3.png</href>
          </Icon>
        </IconStyle>
        <BalloonStyle>
          <text>$[description]</text>
        </BalloonStyle>
      </Style>
      <Style id="pnt84">
        <LabelStyle>
          <scale>0.5</scale>
        </LabelStyle>
        <IconStyle>
          <color>#ff000000</color>
          <scale>0.5</scale>
          <Icon>
            <href>https://plotkml.r-forge.r-project.org/icon3.png</href>
          </Icon>
        </IconStyle>
        <BalloonStyle>
          <text>$[description]</text>
        </BalloonStyle>
      </Style>
      <Style id="pnt85">
        <LabelStyle>
          <scale>0.5</scale>
        </LabelStyle>
        <IconStyle>
          <color>#ff000000</color>
          <scale>0.5</scale>
          <Icon>
            <href>https://plotkml.r-forge.r-project.org/icon3.png</href>
          </Icon>
        </IconStyle>
        <BalloonStyle>
          <text>$[description]</text>
        </BalloonStyle>
      </Style>
      <Style id="pnt86">
        <LabelStyle>
          <scale>0.5</scale>
        </LabelStyle>
        <IconStyle>
          <color>#ff000000</color>
          <scale>0.5</scale>
          <Icon>
            <href>https://plotkml.r-forge.r-project.org/icon3.png</href>
          </Icon>
        </IconStyle>
        <BalloonStyle>
          <text>$[description]</text>
        </BalloonStyle>
      </Style>
      <Style id="pnt87">
        <LabelStyle>
          <scale>0.5</scale>
        </LabelStyle>
        <IconStyle>
          <color>#ff000000</color>
          <scale>0.5</scale>
          <Icon>
            <href>https://plotkml.r-forge.r-project.org/icon3.png</href>
          </Icon>
        </IconStyle>
        <BalloonStyle>
          <text>$[description]</text>
        </BalloonStyle>
      </Style>
      <Style id="pnt88">
        <LabelStyle>
          <scale>0.5</scale>
        </LabelStyle>
        <IconStyle>
          <color>#ff000000</color>
          <scale>0.5</scale>
          <Icon>
            <href>https://plotkml.r-forge.r-project.org/icon3.png</href>
          </Icon>
        </IconStyle>
        <BalloonStyle>
          <text>$[description]</text>
        </BalloonStyle>
      </Style>
      <Style id="pnt89">
        <LabelStyle>
          <scale>0.5</scale>
        </LabelStyle>
        <IconStyle>
          <color>#ff000000</color>
          <scale>0.5</scale>
          <Icon>
            <href>https://plotkml.r-forge.r-project.org/icon3.png</href>
          </Icon>
        </IconStyle>
        <BalloonStyle>
          <text>$[description]</text>
        </BalloonStyle>
      </Style>
      <Style id="pnt90">
        <LabelStyle>
          <scale>0.5</scale>
        </LabelStyle>
        <IconStyle>
          <color>#ff000000</color>
          <scale>0.5</scale>
          <Icon>
            <href>https://plotkml.r-forge.r-project.org/icon3.png</href>
          </Icon>
        </IconStyle>
        <BalloonStyle>
          <text>$[description]</text>
        </BalloonStyle>
      </Style>
      <Style id="pnt91">
        <LabelStyle>
          <scale>0.5</scale>
        </LabelStyle>
        <IconStyle>
          <color>#ff000000</color>
          <scale>0.5</scale>
          <Icon>
            <href>https://plotkml.r-forge.r-project.org/icon3.png</href>
          </Icon>
        </IconStyle>
        <BalloonStyle>
          <text>$[description]</text>
        </BalloonStyle>
      </Style>
      <Style id="pnt92">
        <LabelStyle>
          <scale>0.5</scale>
        </LabelStyle>
        <IconStyle>
          <color>#ff000000</color>
          <scale>0.5</scale>
          <Icon>
            <href>https://plotkml.r-forge.r-project.org/icon3.png</href>
          </Icon>
        </IconStyle>
        <BalloonStyle>
          <text>$[description]</text>
        </BalloonStyle>
      </Style>
      <Style id="pnt93">
        <LabelStyle>
          <scale>0.5</scale>
        </LabelStyle>
        <IconStyle>
          <color>#ff000000</color>
          <scale>0.5</scale>
          <Icon>
            <href>https://plotkml.r-forge.r-project.org/icon3.png</href>
          </Icon>
        </IconStyle>
        <BalloonStyle>
          <text>$[description]</text>
        </BalloonStyle>
      </Style>
      <Style id="pnt94">
        <LabelStyle>
          <scale>0.5</scale>
        </LabelStyle>
        <IconStyle>
          <color>#ff000000</color>
          <scale>0.5</scale>
          <Icon>
            <href>https://plotkml.r-forge.r-project.org/icon3.png</href>
          </Icon>
        </IconStyle>
        <BalloonStyle>
          <text>$[description]</text>
        </BalloonStyle>
      </Style>
      <Style id="pnt95">
        <LabelStyle>
          <scale>0.5</scale>
        </LabelStyle>
        <IconStyle>
          <color>#ff000000</color>
          <scale>0.5</scale>
          <Icon>
            <href>https://plotkml.r-forge.r-project.org/icon3.png</href>
          </Icon>
        </IconStyle>
        <BalloonStyle>
          <text>$[description]</text>
        </BalloonStyle>
      </Style>
      <Style id="pnt96">
        <LabelStyle>
          <scale>0.5</scale>
        </LabelStyle>
        <IconStyle>
          <color>#ff000000</color>
          <scale>0.5</scale>
          <Icon>
            <href>https://plotkml.r-forge.r-project.org/icon3.png</href>
          </Icon>
        </IconStyle>
        <BalloonStyle>
          <text>$[description]</text>
        </BalloonStyle>
      </Style>
      <Style id="pnt97">
        <LabelStyle>
          <scale>0.5</scale>
        </LabelStyle>
        <IconStyle>
          <color>#ff000000</color>
          <scale>0.5</scale>
          <Icon>
            <href>https://plotkml.r-forge.r-project.org/icon3.png</href>
          </Icon>
        </IconStyle>
        <BalloonStyle>
          <text>$[description]</text>
        </BalloonStyle>
      </Style>
      <Style id="pnt98">
        <LabelStyle>
          <scale>0.5</scale>
        </LabelStyle>
        <IconStyle>
          <color>#ff000000</color>
          <scale>0.5</scale>
          <Icon>
            <href>https://plotkml.r-forge.r-project.org/icon3.png</href>
          </Icon>
        </IconStyle>
        <BalloonStyle>
          <text>$[description]</text>
        </BalloonStyle>
      </Style>
      <Style id="pnt99">
        <LabelStyle>
          <scale>0.5</scale>
        </LabelStyle>
        <IconStyle>
          <color>#ff000000</color>
          <scale>0.5</scale>
          <Icon>
            <href>https://plotkml.r-forge.r-project.org/icon3.png</href>
          </Icon>
        </IconStyle>
        <BalloonStyle>
          <text>$[description]</text>
        </BalloonStyle>
      </Style>
      <Style id="pnt100">
        <LabelStyle>
          <scale>0.5</scale>
        </LabelStyle>
        <IconStyle>
          <color>#ff000000</color>
          <scale>0.5</scale>
          <Icon>
            <href>https://plotkml.r-forge.r-project.org/icon3.png</href>
          </Icon>
        </IconStyle>
        <BalloonStyle>
          <text>$[description]</text>
        </BalloonStyle>
      </Style>
      <Style id="pnt101">
        <LabelStyle>
          <scale>0.5</scale>
        </LabelStyle>
        <IconStyle>
          <color>#ff000000</color>
          <scale>0.5</scale>
          <Icon>
            <href>https://plotkml.r-forge.r-project.org/icon3.png</href>
          </Icon>
        </IconStyle>
        <BalloonStyle>
          <text>$[description]</text>
        </BalloonStyle>
      </Style>
      <Style id="pnt102">
        <LabelStyle>
          <scale>0.5</scale>
        </LabelStyle>
        <IconStyle>
          <color>#ff000000</color>
          <scale>0.5</scale>
          <Icon>
            <href>https://plotkml.r-forge.r-project.org/icon3.png</href>
          </Icon>
        </IconStyle>
        <BalloonStyle>
          <text>$[description]</text>
        </BalloonStyle>
      </Style>
      <Style id="pnt103">
        <LabelStyle>
          <scale>0.5</scale>
        </LabelStyle>
        <IconStyle>
          <color>#ff000000</color>
          <scale>0.5</scale>
          <Icon>
            <href>https://plotkml.r-forge.r-project.org/icon3.png</href>
          </Icon>
        </IconStyle>
        <BalloonStyle>
          <text>$[description]</text>
        </BalloonStyle>
      </Style>
      <Style id="pnt104">
        <LabelStyle>
          <scale>0.5</scale>
        </LabelStyle>
        <IconStyle>
          <color>#ff000000</color>
          <scale>0.5</scale>
          <Icon>
            <href>https://plotkml.r-forge.r-project.org/icon3.png</href>
          </Icon>
        </IconStyle>
        <BalloonStyle>
          <text>$[description]</text>
        </BalloonStyle>
      </Style>
      <Style id="pnt105">
        <LabelStyle>
          <scale>0.5</scale>
        </LabelStyle>
        <IconStyle>
          <color>#ff000000</color>
          <scale>0.5</scale>
          <Icon>
            <href>https://plotkml.r-forge.r-project.org/icon3.png</href>
          </Icon>
        </IconStyle>
        <BalloonStyle>
          <text>$[description]</text>
        </BalloonStyle>
      </Style>
      <Style id="pnt106">
        <LabelStyle>
          <scale>0.5</scale>
        </LabelStyle>
        <IconStyle>
          <color>#ff000000</color>
          <scale>0.5</scale>
          <Icon>
            <href>https://plotkml.r-forge.r-project.org/icon3.png</href>
          </Icon>
        </IconStyle>
        <BalloonStyle>
          <text>$[description]</text>
        </BalloonStyle>
      </Style>
      <Style id="pnt107">
        <LabelStyle>
          <scale>0.5</scale>
        </LabelStyle>
        <IconStyle>
          <color>#ff000000</color>
          <scale>0.5</scale>
          <Icon>
            <href>https://plotkml.r-forge.r-project.org/icon3.png</href>
          </Icon>
        </IconStyle>
        <BalloonStyle>
          <text>$[description]</text>
        </BalloonStyle>
      </Style>
      <Style id="pnt108">
        <LabelStyle>
          <scale>0.5</scale>
        </LabelStyle>
        <IconStyle>
          <color>#ff000000</color>
          <scale>0.5</scale>
          <Icon>
            <href>https://plotkml.r-forge.r-project.org/icon3.png</href>
          </Icon>
        </IconStyle>
        <BalloonStyle>
          <text>$[description]</text>
        </BalloonStyle>
      </Style>
      <Style id="pnt109">
        <LabelStyle>
          <scale>0.5</scale>
        </LabelStyle>
        <IconStyle>
          <color>#ff000000</color>
          <scale>0.5</scale>
          <Icon>
            <href>https://plotkml.r-forge.r-project.org/icon3.png</href>
          </Icon>
        </IconStyle>
        <BalloonStyle>
          <text>$[description]</text>
        </BalloonStyle>
      </Style>
      <Style id="pnt110">
        <LabelStyle>
          <scale>0.5</scale>
        </LabelStyle>
        <IconStyle>
          <color>#ff000000</color>
          <scale>0.5</scale>
          <Icon>
            <href>https://plotkml.r-forge.r-project.org/icon3.png</href>
          </Icon>
        </IconStyle>
        <BalloonStyle>
          <text>$[description]</text>
        </BalloonStyle>
      </Style>
      <Style id="pnt111">
        <LabelStyle>
          <scale>0.5</scale>
        </LabelStyle>
        <IconStyle>
          <color>#ff000000</color>
          <scale>0.5</scale>
          <Icon>
            <href>https://plotkml.r-forge.r-project.org/icon3.png</href>
          </Icon>
        </IconStyle>
        <BalloonStyle>
          <text>$[description]</text>
        </BalloonStyle>
      </Style>
      <Style id="pnt112">
        <LabelStyle>
          <scale>0.5</scale>
        </LabelStyle>
        <IconStyle>
          <color>#ff000000</color>
          <scale>0.5</scale>
          <Icon>
            <href>https://plotkml.r-forge.r-project.org/icon3.png</href>
          </Icon>
        </IconStyle>
        <BalloonStyle>
          <text>$[description]</text>
        </BalloonStyle>
      </Style>
      <Style id="pnt113">
        <LabelStyle>
          <scale>0.5</scale>
        </LabelStyle>
        <IconStyle>
          <color>#ff000000</color>
          <scale>0.5</scale>
          <Icon>
            <href>https://plotkml.r-forge.r-project.org/icon3.png</href>
          </Icon>
        </IconStyle>
        <BalloonStyle>
          <text>$[description]</text>
        </BalloonStyle>
      </Style>
      <Style id="pnt114">
        <LabelStyle>
          <scale>0.5</scale>
        </LabelStyle>
        <IconStyle>
          <color>#ff000000</color>
          <scale>0.5</scale>
          <Icon>
            <href>https://plotkml.r-forge.r-project.org/icon3.png</href>
          </Icon>
        </IconStyle>
        <BalloonStyle>
          <text>$[description]</text>
        </BalloonStyle>
      </Style>
      <Style id="pnt115">
        <LabelStyle>
          <scale>0.5</scale>
        </LabelStyle>
        <IconStyle>
          <color>#ff000000</color>
          <scale>0.5</scale>
          <Icon>
            <href>https://plotkml.r-forge.r-project.org/icon3.png</href>
          </Icon>
        </IconStyle>
        <BalloonStyle>
          <text>$[description]</text>
        </BalloonStyle>
      </Style>
      <Style id="pnt116">
        <LabelStyle>
          <scale>0.5</scale>
        </LabelStyle>
        <IconStyle>
          <color>#ff000000</color>
          <scale>0.5</scale>
          <Icon>
            <href>https://plotkml.r-forge.r-project.org/icon3.png</href>
          </Icon>
        </IconStyle>
        <BalloonStyle>
          <text>$[description]</text>
        </BalloonStyle>
      </Style>
      <Style id="pnt117">
        <LabelStyle>
          <scale>0.5</scale>
        </LabelStyle>
        <IconStyle>
          <color>#ff000000</color>
          <scale>0.5</scale>
          <Icon>
            <href>https://plotkml.r-forge.r-project.org/icon3.png</href>
          </Icon>
        </IconStyle>
        <BalloonStyle>
          <text>$[description]</text>
        </BalloonStyle>
      </Style>
      <Style id="pnt118">
        <LabelStyle>
          <scale>0.5</scale>
        </LabelStyle>
        <IconStyle>
          <color>#ff000000</color>
          <scale>0.5</scale>
          <Icon>
            <href>https://plotkml.r-forge.r-project.org/icon3.png</href>
          </Icon>
        </IconStyle>
        <BalloonStyle>
          <text>$[description]</text>
        </BalloonStyle>
      </Style>
      <Style id="pnt119">
        <LabelStyle>
          <scale>0.5</scale>
        </LabelStyle>
        <IconStyle>
          <color>#ff000000</color>
          <scale>0.5</scale>
          <Icon>
            <href>https://plotkml.r-forge.r-project.org/icon3.png</href>
          </Icon>
        </IconStyle>
        <BalloonStyle>
          <text>$[description]</text>
        </BalloonStyle>
      </Style>
      <Style id="pnt120">
        <LabelStyle>
          <scale>0.5</scale>
        </LabelStyle>
        <IconStyle>
          <color>#ff000000</color>
          <scale>0.5</scale>
          <Icon>
            <href>https://plotkml.r-forge.r-project.org/icon3.png</href>
          </Icon>
        </IconStyle>
        <BalloonStyle>
          <text>$[description]</text>
        </BalloonStyle>
      </Style>
      <Style id="pnt121">
        <LabelStyle>
          <scale>0.5</scale>
        </LabelStyle>
        <IconStyle>
          <color>#ff000000</color>
          <scale>0.5</scale>
          <Icon>
            <href>https://plotkml.r-forge.r-project.org/icon3.png</href>
          </Icon>
        </IconStyle>
        <BalloonStyle>
          <text>$[description]</text>
        </BalloonStyle>
      </Style>
      <Style id="pnt122">
        <LabelStyle>
          <scale>0.5</scale>
        </LabelStyle>
        <IconStyle>
          <color>#ff000000</color>
          <scale>0.5</scale>
          <Icon>
            <href>https://plotkml.r-forge.r-project.org/icon3.png</href>
          </Icon>
        </IconStyle>
        <BalloonStyle>
          <text>$[description]</text>
        </BalloonStyle>
      </Style>
      <Style id="pnt123">
        <LabelStyle>
          <scale>0.5</scale>
        </LabelStyle>
        <IconStyle>
          <color>#ff000000</color>
          <scale>0.5</scale>
          <Icon>
            <href>https://plotkml.r-forge.r-project.org/icon3.png</href>
          </Icon>
        </IconStyle>
        <BalloonStyle>
          <text>$[description]</text>
        </BalloonStyle>
      </Style>
      <Style id="pnt124">
        <LabelStyle>
          <scale>0.5</scale>
        </LabelStyle>
        <IconStyle>
          <color>#ff000000</color>
          <scale>0.5</scale>
          <Icon>
            <href>https://plotkml.r-forge.r-project.org/icon3.png</href>
          </Icon>
        </IconStyle>
        <BalloonStyle>
          <text>$[description]</text>
        </BalloonStyle>
      </Style>
      <Style id="pnt125">
        <LabelStyle>
          <scale>0.5</scale>
        </LabelStyle>
        <IconStyle>
          <color>#ff000000</color>
          <scale>0.5</scale>
          <Icon>
            <href>https://plotkml.r-forge.r-project.org/icon3.png</href>
          </Icon>
        </IconStyle>
        <BalloonStyle>
          <text>$[description]</text>
        </BalloonStyle>
      </Style>
      <Style id="pnt126">
        <LabelStyle>
          <scale>0.5</scale>
        </LabelStyle>
        <IconStyle>
          <color>#ff000000</color>
          <scale>0.5</scale>
          <Icon>
            <href>https://plotkml.r-forge.r-project.org/icon3.png</href>
          </Icon>
        </IconStyle>
        <BalloonStyle>
          <text>$[description]</text>
        </BalloonStyle>
      </Style>
      <Style id="pnt127">
        <LabelStyle>
          <scale>0.5</scale>
        </LabelStyle>
        <IconStyle>
          <color>#ff000000</color>
          <scale>0.5</scale>
          <Icon>
            <href>https://plotkml.r-forge.r-project.org/icon3.png</href>
          </Icon>
        </IconStyle>
        <BalloonStyle>
          <text>$[description]</text>
        </BalloonStyle>
      </Style>
      <Style id="pnt128">
        <LabelStyle>
          <scale>0.5</scale>
        </LabelStyle>
        <IconStyle>
          <color>#ff000000</color>
          <scale>0.5</scale>
          <Icon>
            <href>https://plotkml.r-forge.r-project.org/icon3.png</href>
          </Icon>
        </IconStyle>
        <BalloonStyle>
          <text>$[description]</text>
        </BalloonStyle>
      </Style>
      <Style id="pnt129">
        <LabelStyle>
          <scale>0.5</scale>
        </LabelStyle>
        <IconStyle>
          <color>#ff000000</color>
          <scale>0.5</scale>
          <Icon>
            <href>https://plotkml.r-forge.r-project.org/icon3.png</href>
          </Icon>
        </IconStyle>
        <BalloonStyle>
          <text>$[description]</text>
        </BalloonStyle>
      </Style>
      <Style id="pnt130">
        <LabelStyle>
          <scale>0.5</scale>
        </LabelStyle>
        <IconStyle>
          <color>#ff000000</color>
          <scale>0.5</scale>
          <Icon>
            <href>https://plotkml.r-forge.r-project.org/icon3.png</href>
          </Icon>
        </IconStyle>
        <BalloonStyle>
          <text>$[description]</text>
        </BalloonStyle>
      </Style>
      <Style id="pnt131">
        <LabelStyle>
          <scale>0.5</scale>
        </LabelStyle>
        <IconStyle>
          <color>#ff000000</color>
          <scale>0.5</scale>
          <Icon>
            <href>https://plotkml.r-forge.r-project.org/icon3.png</href>
          </Icon>
        </IconStyle>
        <BalloonStyle>
          <text>$[description]</text>
        </BalloonStyle>
      </Style>
      <Style id="pnt132">
        <LabelStyle>
          <scale>0.5</scale>
        </LabelStyle>
        <IconStyle>
          <color>#ff000000</color>
          <scale>0.5</scale>
          <Icon>
            <href>https://plotkml.r-forge.r-project.org/icon3.png</href>
          </Icon>
        </IconStyle>
        <BalloonStyle>
          <text>$[description]</text>
        </BalloonStyle>
      </Style>
      <Style id="pnt133">
        <LabelStyle>
          <scale>0.5</scale>
        </LabelStyle>
        <IconStyle>
          <color>#ff000000</color>
          <scale>0.5</scale>
          <Icon>
            <href>https://plotkml.r-forge.r-project.org/icon3.png</href>
          </Icon>
        </IconStyle>
        <BalloonStyle>
          <text>$[description]</text>
        </BalloonStyle>
      </Style>
      <Style id="pnt134">
        <LabelStyle>
          <scale>0.5</scale>
        </LabelStyle>
        <IconStyle>
          <color>#ff000000</color>
          <scale>0.5</scale>
          <Icon>
            <href>https://plotkml.r-forge.r-project.org/icon3.png</href>
          </Icon>
        </IconStyle>
        <BalloonStyle>
          <text>$[description]</text>
        </BalloonStyle>
      </Style>
      <Style id="pnt135">
        <LabelStyle>
          <scale>0.5</scale>
        </LabelStyle>
        <IconStyle>
          <color>#ff000000</color>
          <scale>0.5</scale>
          <Icon>
            <href>https://plotkml.r-forge.r-project.org/icon3.png</href>
          </Icon>
        </IconStyle>
        <BalloonStyle>
          <text>$[description]</text>
        </BalloonStyle>
      </Style>
      <Style id="pnt136">
        <LabelStyle>
          <scale>0.5</scale>
        </LabelStyle>
        <IconStyle>
          <color>#ff000000</color>
          <scale>0.5</scale>
          <Icon>
            <href>https://plotkml.r-forge.r-project.org/icon3.png</href>
          </Icon>
        </IconStyle>
        <BalloonStyle>
          <text>$[description]</text>
        </BalloonStyle>
      </Style>
      <Style id="pnt137">
        <LabelStyle>
          <scale>0.5</scale>
        </LabelStyle>
        <IconStyle>
          <color>#ff000000</color>
          <scale>0.5</scale>
          <Icon>
            <href>https://plotkml.r-forge.r-project.org/icon3.png</href>
          </Icon>
        </IconStyle>
        <BalloonStyle>
          <text>$[description]</text>
        </BalloonStyle>
      </Style>
      <Style id="pnt138">
        <LabelStyle>
          <scale>0.5</scale>
        </LabelStyle>
        <IconStyle>
          <color>#ff000000</color>
          <scale>0.5</scale>
          <Icon>
            <href>https://plotkml.r-forge.r-project.org/icon3.png</href>
          </Icon>
        </IconStyle>
        <BalloonStyle>
          <text>$[description]</text>
        </BalloonStyle>
      </Style>
      <Style id="pnt139">
        <LabelStyle>
          <scale>0.5</scale>
        </LabelStyle>
        <IconStyle>
          <color>#ff000000</color>
          <scale>0.5</scale>
          <Icon>
            <href>https://plotkml.r-forge.r-project.org/icon3.png</href>
          </Icon>
        </IconStyle>
        <BalloonStyle>
          <text>$[description]</text>
        </BalloonStyle>
      </Style>
      <Style id="pnt140">
        <LabelStyle>
          <scale>0.5</scale>
        </LabelStyle>
        <IconStyle>
          <color>#ff000000</color>
          <scale>0.5</scale>
          <Icon>
            <href>https://plotkml.r-forge.r-project.org/icon3.png</href>
          </Icon>
        </IconStyle>
        <BalloonStyle>
          <text>$[description]</text>
        </BalloonStyle>
      </Style>
      <Style id="pnt141">
        <LabelStyle>
          <scale>0.5</scale>
        </LabelStyle>
        <IconStyle>
          <color>#ff000000</color>
          <scale>0.5</scale>
          <Icon>
            <href>https://plotkml.r-forge.r-project.org/icon3.png</href>
          </Icon>
        </IconStyle>
        <BalloonStyle>
          <text>$[description]</text>
        </BalloonStyle>
      </Style>
      <Style id="pnt142">
        <LabelStyle>
          <scale>0.5</scale>
        </LabelStyle>
        <IconStyle>
          <color>#ff000000</color>
          <scale>0.5</scale>
          <Icon>
            <href>https://plotkml.r-forge.r-project.org/icon3.png</href>
          </Icon>
        </IconStyle>
        <BalloonStyle>
          <text>$[description]</text>
        </BalloonStyle>
      </Style>
      <Style id="pnt143">
        <LabelStyle>
          <scale>0.5</scale>
        </LabelStyle>
        <IconStyle>
          <color>#ff000000</color>
          <scale>0.5</scale>
          <Icon>
            <href>https://plotkml.r-forge.r-project.org/icon3.png</href>
          </Icon>
        </IconStyle>
        <BalloonStyle>
          <text>$[description]</text>
        </BalloonStyle>
      </Style>
      <Style id="pnt144">
        <LabelStyle>
          <scale>0.5</scale>
        </LabelStyle>
        <IconStyle>
          <color>#ff000000</color>
          <scale>0.5</scale>
          <Icon>
            <href>https://plotkml.r-forge.r-project.org/icon3.png</href>
          </Icon>
        </IconStyle>
        <BalloonStyle>
          <text>$[description]</text>
        </BalloonStyle>
      </Style>
      <Style id="pnt145">
        <LabelStyle>
          <scale>0.5</scale>
        </LabelStyle>
        <IconStyle>
          <color>#ff000000</color>
          <scale>0.5</scale>
          <Icon>
            <href>https://plotkml.r-forge.r-project.org/icon3.png</href>
          </Icon>
        </IconStyle>
        <BalloonStyle>
          <text>$[description]</text>
        </BalloonStyle>
      </Style>
      <Style id="pnt146">
        <LabelStyle>
          <scale>0.5</scale>
        </LabelStyle>
        <IconStyle>
          <color>#ff000000</color>
          <scale>0.5</scale>
          <Icon>
            <href>https://plotkml.r-forge.r-project.org/icon3.png</href>
          </Icon>
        </IconStyle>
        <BalloonStyle>
          <text>$[description]</text>
        </BalloonStyle>
      </Style>
      <Style id="pnt147">
        <LabelStyle>
          <scale>0.5</scale>
        </LabelStyle>
        <IconStyle>
          <color>#ff000000</color>
          <scale>0.5</scale>
          <Icon>
            <href>https://plotkml.r-forge.r-project.org/icon3.png</href>
          </Icon>
        </IconStyle>
        <BalloonStyle>
          <text>$[description]</text>
        </BalloonStyle>
      </Style>
      <Style id="pnt148">
        <LabelStyle>
          <scale>0.5</scale>
        </LabelStyle>
        <IconStyle>
          <color>#ff000000</color>
          <scale>0.5</scale>
          <Icon>
            <href>https://plotkml.r-forge.r-project.org/icon3.png</href>
          </Icon>
        </IconStyle>
        <BalloonStyle>
          <text>$[description]</text>
        </BalloonStyle>
      </Style>
      <Style id="pnt149">
        <LabelStyle>
          <scale>0.5</scale>
        </LabelStyle>
        <IconStyle>
          <color>#ff000000</color>
          <scale>0.5</scale>
          <Icon>
            <href>https://plotkml.r-forge.r-project.org/icon3.png</href>
          </Icon>
        </IconStyle>
        <BalloonStyle>
          <text>$[description]</text>
        </BalloonStyle>
      </Style>
      <Style id="pnt150">
        <LabelStyle>
          <scale>0.5</scale>
        </LabelStyle>
        <IconStyle>
          <color>#ff000000</color>
          <scale>0.5</scale>
          <Icon>
            <href>https://plotkml.r-forge.r-project.org/icon3.png</href>
          </Icon>
        </IconStyle>
        <BalloonStyle>
          <text>$[description]</text>
        </BalloonStyle>
      </Style>
      <Style id="pnt151">
        <LabelStyle>
          <scale>0.5</scale>
        </LabelStyle>
        <IconStyle>
          <color>#ff000000</color>
          <scale>0.5</scale>
          <Icon>
            <href>https://plotkml.r-forge.r-project.org/icon3.png</href>
          </Icon>
        </IconStyle>
        <BalloonStyle>
          <text>$[description]</text>
        </BalloonStyle>
      </Style>
      <Style id="pnt152">
        <LabelStyle>
          <scale>0.5</scale>
        </LabelStyle>
        <IconStyle>
          <color>#ff000000</color>
          <scale>0.5</scale>
          <Icon>
            <href>https://plotkml.r-forge.r-project.org/icon3.png</href>
          </Icon>
        </IconStyle>
        <BalloonStyle>
          <text>$[description]</text>
        </BalloonStyle>
      </Style>
      <Style id="pnt153">
        <LabelStyle>
          <scale>0.5</scale>
        </LabelStyle>
        <IconStyle>
          <color>#ff000000</color>
          <scale>0.5</scale>
          <Icon>
            <href>https://plotkml.r-forge.r-project.org/icon3.png</href>
          </Icon>
        </IconStyle>
        <BalloonStyle>
          <text>$[description]</text>
        </BalloonStyle>
      </Style>
      <Style id="pnt154">
        <LabelStyle>
          <scale>0.5</scale>
        </LabelStyle>
        <IconStyle>
          <color>#ff000000</color>
          <scale>0.5</scale>
          <Icon>
            <href>https://plotkml.r-forge.r-project.org/icon3.png</href>
          </Icon>
        </IconStyle>
        <BalloonStyle>
          <text>$[description]</text>
        </BalloonStyle>
      </Style>
      <Style id="pnt155">
        <LabelStyle>
          <scale>0.5</scale>
        </LabelStyle>
        <IconStyle>
          <color>#ff000000</color>
          <scale>0.5</scale>
          <Icon>
            <href>https://plotkml.r-forge.r-project.org/icon3.png</href>
          </Icon>
        </IconStyle>
        <BalloonStyle>
          <text>$[description]</text>
        </BalloonStyle>
      </Style>
      <Placemark>
        <name>1022</name>
        <styleUrl>#pnt1</styleUrl>
        <Point>
          <extrude>1</extrude>
          <altitudeMode>clampToGround</altitudeMode>
          <coordinates>5.75854,50.99156,0</coordinates>
        </Point>
      </Placemark>
      <Placemark>
        <name>1141</name>
        <styleUrl>#pnt2</styleUrl>
        <Point>
          <extrude>1</extrude>
          <altitudeMode>clampToGround</altitudeMode>
          <coordinates>5.75786,50.99109,0</coordinates>
        </Point>
      </Placemark>
      <Placemark>
        <name>640</name>
        <styleUrl>#pnt3</styleUrl>
        <Point>
          <extrude>1</extrude>
          <altitudeMode>clampToGround</altitudeMode>
          <coordinates>5.75986,50.99089,0</coordinates>
        </Point>
      </Placemark>
      <Placemark>
        <name>257</name>
        <styleUrl>#pnt4</styleUrl>
        <Point>
          <extrude>1</extrude>
          <altitudeMode>clampToGround</altitudeMode>
          <coordinates>5.76175,50.99041,0</coordinates>
        </Point>
      </Placemark>
      <Placemark>
        <name>269</name>
        <styleUrl>#pnt5</styleUrl>
        <Point>
          <extrude>1</extrude>
          <altitudeMode>clampToGround</altitudeMode>
          <coordinates>5.76186,50.98903,0</coordinates>
        </Point>
      </Placemark>
      <Placemark>
        <name>281</name>
        <styleUrl>#pnt6</styleUrl>
        <Point>
          <extrude>1</extrude>
          <altitudeMode>clampToGround</altitudeMode>
          <coordinates>5.76304,50.98839,0</coordinates>
        </Point>
      </Placemark>
      <Placemark>
        <name>346</name>
        <styleUrl>#pnt7</styleUrl>
        <Point>
          <extrude>1</extrude>
          <altitudeMode>clampToGround</altitudeMode>
          <coordinates>5.75984,50.98939,0</coordinates>
        </Point>
      </Placemark>
      <Placemark>
        <name>406</name>
        <styleUrl>#pnt8</styleUrl>
        <Point>
          <extrude>1</extrude>
          <altitudeMode>clampToGround</altitudeMode>
          <coordinates>5.75788,50.98934,0</coordinates>
        </Point>
      </Placemark>
      <Placemark>
        <name>347</name>
        <styleUrl>#pnt9</styleUrl>
        <Point>
          <extrude>1</extrude>
          <altitudeMode>clampToGround</altitudeMode>
          <coordinates>5.75834,50.98815,0</coordinates>
        </Point>
      </Placemark>
      <Placemark>
        <name>183</name>
        <styleUrl>#pnt10</styleUrl>
        <Point>
          <extrude>1</extrude>
          <altitudeMode>clampToGround</altitudeMode>
          <coordinates>5.76078,50.98757,0</coordinates>
        </Point>
      </Placemark>
      <Placemark>
        <name>189</name>
        <styleUrl>#pnt11</styleUrl>
        <Point>
          <extrude>1</extrude>
          <altitudeMode>clampToGround</altitudeMode>
          <coordinates>5.76020,50.98710,0</coordinates>
        </Point>
      </Placemark>
      <Placemark>
        <name>251</name>
        <styleUrl>#pnt12</styleUrl>
        <Point>
          <extrude>1</extrude>
          <altitudeMode>clampToGround</altitudeMode>
          <coordinates>5.75792,50.98635,0</coordinates>
        </Point>
      </Placemark>
      <Placemark>
        <name>1096</name>
        <styleUrl>#pnt13</styleUrl>
        <Point>
          <extrude>1</extrude>
          <altitudeMode>clampToGround</altitudeMode>
          <coordinates>5.75570,50.98913,0</coordinates>
        </Point>
      </Placemark>
      <Placemark>
        <name>504</name>
        <styleUrl>#pnt14</styleUrl>
        <Point>
          <extrude>1</extrude>
          <altitudeMode>clampToGround</altitudeMode>
          <coordinates>5.75704,50.98834,0</coordinates>
        </Point>
      </Placemark>
      <Placemark>
        <name>326</name>
        <styleUrl>#pnt15</styleUrl>
        <Point>
          <extrude>1</extrude>
          <altitudeMode>clampToGround</altitudeMode>
          <coordinates>5.75763,50.98752,0</coordinates>
        </Point>
      </Placemark>
      <Placemark>
        <name>1032</name>
        <styleUrl>#pnt16</styleUrl>
        <Point>
          <extrude>1</extrude>
          <altitudeMode>clampToGround</altitudeMode>
          <coordinates>5.75506,50.98829,0</coordinates>
        </Point>
      </Placemark>
      <Placemark>
        <name>606</name>
        <styleUrl>#pnt17</styleUrl>
        <Point>
          <extrude>1</extrude>
          <altitudeMode>clampToGround</altitudeMode>
          <coordinates>5.75410,50.98702,0</coordinates>
        </Point>
      </Placemark>
      <Placemark>
        <name>711</name>
        <styleUrl>#pnt18</styleUrl>
        <Point>
          <extrude>1</extrude>
          <altitudeMode>clampToGround</altitudeMode>
          <coordinates>5.75311,50.98584,0</coordinates>
        </Point>
      </Placemark>
      <Placemark>
        <name>735</name>
        <styleUrl>#pnt19</styleUrl>
        <Point>
          <extrude>1</extrude>
          <altitudeMode>clampToGround</altitudeMode>
          <coordinates>5.75212,50.98472,0</coordinates>
        </Point>
      </Placemark>
      <Placemark>
        <name>1052</name>
        <styleUrl>#pnt20</styleUrl>
        <Point>
          <extrude>1</extrude>
          <altitudeMode>clampToGround</altitudeMode>
          <coordinates>5.75111,50.98346,0</coordinates>
        </Point>
      </Placemark>
      <Placemark>
        <name>673</name>
        <styleUrl>#pnt21</styleUrl>
        <Point>
          <extrude>1</extrude>
          <altitudeMode>clampToGround</altitudeMode>
          <coordinates>5.75235,50.98346,0</coordinates>
        </Point>
      </Placemark>
      <Placemark>
        <name>402</name>
        <styleUrl>#pnt22</styleUrl>
        <Point>
          <extrude>1</extrude>
          <altitudeMode>clampToGround</altitudeMode>
          <coordinates>5.75323,50.98354,0</coordinates>
        </Point>
      </Placemark>
      <Placemark>
        <name>343</name>
        <styleUrl>#pnt23</styleUrl>
        <Point>
          <extrude>1</extrude>
          <altitudeMode>clampToGround</altitudeMode>
          <coordinates>5.75323,50.98307,0</coordinates>
        </Point>
      </Placemark>
      <Placemark>
        <name>218</name>
        <styleUrl>#pnt24</styleUrl>
        <Point>
          <extrude>1</extrude>
          <altitudeMode>clampToGround</altitudeMode>
          <coordinates>5.75964,50.98539,0</coordinates>
        </Point>
      </Placemark>
      <Placemark>
        <name>200</name>
        <styleUrl>#pnt25</styleUrl>
        <Point>
          <extrude>1</extrude>
          <altitudeMode>clampToGround</altitudeMode>
          <coordinates>5.75955,50.98448,0</coordinates>
        </Point>
      </Placemark>
      <Placemark>
        <name>194</name>
        <styleUrl>#pnt26</styleUrl>
        <Point>
          <extrude>1</extrude>
          <altitudeMode>clampToGround</altitudeMode>
          <coordinates>5.75983,50.98407,0</coordinates>
        </Point>
      </Placemark>
      <Placemark>
        <name>207</name>
        <styleUrl>#pnt27</styleUrl>
        <Point>
          <extrude>1</extrude>
          <altitudeMode>clampToGround</altitudeMode>
          <coordinates>5.75756,50.98407,0</coordinates>
        </Point>
      </Placemark>
      <Placemark>
        <name>180</name>
        <styleUrl>#pnt28</styleUrl>
        <Point>
          <extrude>1</extrude>
          <altitudeMode>clampToGround</altitudeMode>
          <coordinates>5.75706,50.98326,0</coordinates>
        </Point>
      </Placemark>
      <Placemark>
        <name>240</name>
        <styleUrl>#pnt29</styleUrl>
        <Point>
          <extrude>1</extrude>
          <altitudeMode>clampToGround</altitudeMode>
          <coordinates>5.75625,50.98386,0</coordinates>
        </Point>
      </Placemark>
      <Placemark>
        <name>180</name>
        <styleUrl>#pnt30</styleUrl>
        <Point>
          <extrude>1</extrude>
          <altitudeMode>clampToGround</altitudeMode>
          <coordinates>5.76248,50.98557,0</coordinates>
        </Point>
      </Placemark>
      <Placemark>
        <name>208</name>
        <styleUrl>#pnt31</styleUrl>
        <Point>
          <extrude>1</extrude>
          <altitudeMode>clampToGround</altitudeMode>
          <coordinates>5.75933,50.98220,0</coordinates>
        </Point>
      </Placemark>
      <Placemark>
        <name>198</name>
        <styleUrl>#pnt32</styleUrl>
        <Point>
          <extrude>1</extrude>
          <altitudeMode>clampToGround</altitudeMode>
          <coordinates>5.75569,50.98149,0</coordinates>
        </Point>
      </Placemark>
      <Placemark>
        <name>250</name>
        <styleUrl>#pnt33</styleUrl>
        <Point>
          <extrude>1</extrude>
          <altitudeMode>clampToGround</altitudeMode>
          <coordinates>5.75499,50.98114,0</coordinates>
        </Point>
      </Placemark>
      <Placemark>
        <name>192</name>
        <styleUrl>#pnt34</styleUrl>
        <Point>
          <extrude>1</extrude>
          <altitudeMode>clampToGround</altitudeMode>
          <coordinates>5.75677,50.98067,0</coordinates>
        </Point>
      </Placemark>
      <Placemark>
        <name>213</name>
        <styleUrl>#pnt35</styleUrl>
        <Point>
          <extrude>1</extrude>
          <altitudeMode>clampToGround</altitudeMode>
          <coordinates>5.75679,50.97995,0</coordinates>
        </Point>
      </Placemark>
      <Placemark>
        <name>321</name>
        <styleUrl>#pnt36</styleUrl>
        <Point>
          <extrude>1</extrude>
          <altitudeMode>clampToGround</altitudeMode>
          <coordinates>5.75329,50.98006,0</coordinates>
        </Point>
      </Placemark>
      <Placemark>
        <name>569</name>
        <styleUrl>#pnt37</styleUrl>
        <Point>
          <extrude>1</extrude>
          <altitudeMode>clampToGround</altitudeMode>
          <coordinates>5.75219,50.98110,0</coordinates>
        </Point>
      </Placemark>
      <Placemark>
        <name>833</name>
        <styleUrl>#pnt38</styleUrl>
        <Point>
          <extrude>1</extrude>
          <altitudeMode>clampToGround</altitudeMode>
          <coordinates>5.75074,50.98194,0</coordinates>
        </Point>
      </Placemark>
      <Placemark>
        <name>906</name>
        <styleUrl>#pnt39</styleUrl>
        <Point>
          <extrude>1</extrude>
          <altitudeMode>clampToGround</altitudeMode>
          <coordinates>5.75000,50.98230,0</coordinates>
        </Point>
      </Placemark>
      <Placemark>
        <name>1454</name>
        <styleUrl>#pnt40</styleUrl>
        <Point>
          <extrude>1</extrude>
          <altitudeMode>clampToGround</altitudeMode>
          <coordinates>5.74864,50.98139,0</coordinates>
        </Point>
      </Placemark>
      <Placemark>
        <name>298</name>
        <styleUrl>#pnt41</styleUrl>
        <Point>
          <extrude>1</extrude>
          <altitudeMode>clampToGround</altitudeMode>
          <coordinates>5.75021,50.98007,0</coordinates>
        </Point>
      </Placemark>
      <Placemark>
        <name>167</name>
        <styleUrl>#pnt42</styleUrl>
        <Point>
          <extrude>1</extrude>
          <altitudeMode>clampToGround</altitudeMode>
          <coordinates>5.75116,50.97884,0</coordinates>
        </Point>
      </Placemark>
      <Placemark>
        <name>176</name>
        <styleUrl>#pnt43</styleUrl>
        <Point>
          <extrude>1</extrude>
          <altitudeMode>clampToGround</altitudeMode>
          <coordinates>5.74959,50.97868,0</coordinates>
        </Point>
      </Placemark>
      <Placemark>
        <name>258</name>
        <styleUrl>#pnt44</styleUrl>
        <Point>
          <extrude>1</extrude>
          <altitudeMode>clampToGround</altitudeMode>
          <coordinates>5.74900,50.97739,0</coordinates>
        </Point>
      </Placemark>
      <Placemark>
        <name>746</name>
        <styleUrl>#pnt45</styleUrl>
        <Point>
          <extrude>1</extrude>
          <altitudeMode>clampToGround</altitudeMode>
          <coordinates>5.74823,50.97980,0</coordinates>
        </Point>
      </Placemark>
      <Placemark>
        <name>746</name>
        <styleUrl>#pnt46</styleUrl>
        <Point>
          <extrude>1</extrude>
          <altitudeMode>clampToGround</altitudeMode>
          <coordinates>5.74733,50.97853,0</coordinates>
        </Point>
      </Placemark>
      <Placemark>
        <name>464</name>
        <styleUrl>#pnt47</styleUrl>
        <Point>
          <extrude>1</extrude>
          <altitudeMode>clampToGround</altitudeMode>
          <coordinates>5.74719,50.97724,0</coordinates>
        </Point>
      </Placemark>
      <Placemark>
        <name>365</name>
        <styleUrl>#pnt48</styleUrl>
        <Point>
          <extrude>1</extrude>
          <altitudeMode>clampToGround</altitudeMode>
          <coordinates>5.74716,50.97587,0</coordinates>
        </Point>
      </Placemark>
      <Placemark>
        <name>282</name>
        <styleUrl>#pnt49</styleUrl>
        <Point>
          <extrude>1</extrude>
          <altitudeMode>clampToGround</altitudeMode>
          <coordinates>5.74698,50.97448,0</coordinates>
        </Point>
      </Placemark>
      <Placemark>
        <name>375</name>
        <styleUrl>#pnt50</styleUrl>
        <Point>
          <extrude>1</extrude>
          <altitudeMode>clampToGround</altitudeMode>
          <coordinates>5.74596,50.97344,0</coordinates>
        </Point>
      </Placemark>
      <Placemark>
        <name>222</name>
        <styleUrl>#pnt51</styleUrl>
        <Point>
          <extrude>1</extrude>
          <altitudeMode>clampToGround</altitudeMode>
          <coordinates>5.74505,50.97310,0</coordinates>
        </Point>
      </Placemark>
      <Placemark>
        <name>812</name>
        <styleUrl>#pnt52</styleUrl>
        <Point>
          <extrude>1</extrude>
          <altitudeMode>clampToGround</altitudeMode>
          <coordinates>5.74656,50.98027,0</coordinates>
        </Point>
      </Placemark>
      <Placemark>
        <name>1548</name>
        <styleUrl>#pnt53</styleUrl>
        <Point>
          <extrude>1</extrude>
          <altitudeMode>clampToGround</altitudeMode>
          <coordinates>5.74464,50.97979,0</coordinates>
        </Point>
      </Placemark>
      <Placemark>
        <name>1839</name>
        <styleUrl>#pnt54</styleUrl>
        <Point>
          <extrude>1</extrude>
          <altitudeMode>clampToGround</altitudeMode>
          <coordinates>5.74279,50.97942,0</coordinates>
        </Point>
      </Placemark>
      <Placemark>
        <name>1528</name>
        <styleUrl>#pnt55</styleUrl>
        <Point>
          <extrude>1</extrude>
          <altitudeMode>clampToGround</altitudeMode>
          <coordinates>5.74069,50.97909,0</coordinates>
        </Point>
      </Placemark>
      <Placemark>
        <name>933</name>
        <styleUrl>#pnt56</styleUrl>
        <Point>
          <extrude>1</extrude>
          <altitudeMode>clampToGround</altitudeMode>
          <coordinates>5.73871,50.97859,0</coordinates>
        </Point>
      </Placemark>
      <Placemark>
        <name>432</name>
        <styleUrl>#pnt57</styleUrl>
        <Point>
          <extrude>1</extrude>
          <altitudeMode>clampToGround</altitudeMode>
          <coordinates>5.74020,50.97745,0</coordinates>
        </Point>
      </Placemark>
      <Placemark>
        <name>550</name>
        <styleUrl>#pnt58</styleUrl>
        <Point>
          <extrude>1</extrude>
          <altitudeMode>clampToGround</altitudeMode>
          <coordinates>5.74177,50.97815,0</coordinates>
        </Point>
      </Placemark>
      <Placemark>
        <name>1571</name>
        <styleUrl>#pnt59</styleUrl>
        <Point>
          <extrude>1</extrude>
          <altitudeMode>clampToGround</altitudeMode>
          <coordinates>5.74460,50.97904,0</coordinates>
        </Point>
      </Placemark>
      <Placemark>
        <name>1190</name>
        <styleUrl>#pnt60</styleUrl>
        <Point>
          <extrude>1</extrude>
          <altitudeMode>clampToGround</altitudeMode>
          <coordinates>5.73752,50.97768,0</coordinates>
        </Point>
      </Placemark>
      <Placemark>
        <name>907</name>
        <styleUrl>#pnt61</styleUrl>
        <Point>
          <extrude>1</extrude>
          <altitudeMode>clampToGround</altitudeMode>
          <coordinates>5.73640,50.97657,0</coordinates>
        </Point>
      </Placemark>
      <Placemark>
        <name>761</name>
        <styleUrl>#pnt62</styleUrl>
        <Point>
          <extrude>1</extrude>
          <altitudeMode>clampToGround</altitudeMode>
          <coordinates>5.73595,50.97508,0</coordinates>
        </Point>
      </Placemark>
      <Placemark>
        <name>659</name>
        <styleUrl>#pnt63</styleUrl>
        <Point>
          <extrude>1</extrude>
          <altitudeMode>clampToGround</altitudeMode>
          <coordinates>5.73586,50.97385,0</coordinates>
        </Point>
      </Placemark>
      <Placemark>
        <name>643</name>
        <styleUrl>#pnt64</styleUrl>
        <Point>
          <extrude>1</extrude>
          <altitudeMode>clampToGround</altitudeMode>
          <coordinates>5.73478,50.97261,0</coordinates>
        </Point>
      </Placemark>
      <Placemark>
        <name>801</name>
        <styleUrl>#pnt65</styleUrl>
        <Point>
          <extrude>1</extrude>
          <altitudeMode>clampToGround</altitudeMode>
          <coordinates>5.73363,50.97146,0</coordinates>
        </Point>
      </Placemark>
      <Placemark>
        <name>784</name>
        <styleUrl>#pnt66</styleUrl>
        <Point>
          <extrude>1</extrude>
          <altitudeMode>clampToGround</altitudeMode>
          <coordinates>5.73250,50.97055,0</coordinates>
        </Point>
      </Placemark>
      <Placemark>
        <name>1060</name>
        <styleUrl>#pnt67</styleUrl>
        <Point>
          <extrude>1</extrude>
          <altitudeMode>clampToGround</altitudeMode>
          <coordinates>5.73555,50.96929,0</coordinates>
        </Point>
      </Placemark>
      <Placemark>
        <name>119</name>
        <styleUrl>#pnt68</styleUrl>
        <Point>
          <extrude>1</extrude>
          <altitudeMode>clampToGround</altitudeMode>
          <coordinates>5.73870,50.96755,0</coordinates>
        </Point>
      </Placemark>
      <Placemark>
        <name>778</name>
        <styleUrl>#pnt69</styleUrl>
        <Point>
          <extrude>1</extrude>
          <altitudeMode>clampToGround</altitudeMode>
          <coordinates>5.74097,50.96636,0</coordinates>
        </Point>
      </Placemark>
      <Placemark>
        <name>703</name>
        <styleUrl>#pnt70</styleUrl>
        <Point>
          <extrude>1</extrude>
          <altitudeMode>clampToGround</altitudeMode>
          <coordinates>5.73084,50.96777,0</coordinates>
        </Point>
      </Placemark>
      <Placemark>
        <name>676</name>
        <styleUrl>#pnt71</styleUrl>
        <Point>
          <extrude>1</extrude>
          <altitudeMode>clampToGround</altitudeMode>
          <coordinates>5.73067,50.96698,0</coordinates>
        </Point>
      </Placemark>
      <Placemark>
        <name>793</name>
        <styleUrl>#pnt72</styleUrl>
        <Point>
          <extrude>1</extrude>
          <altitudeMode>clampToGround</altitudeMode>
          <coordinates>5.72977,50.96696,0</coordinates>
        </Point>
      </Placemark>
      <Placemark>
        <name>685</name>
        <styleUrl>#pnt73</styleUrl>
        <Point>
          <extrude>1</extrude>
          <altitudeMode>clampToGround</altitudeMode>
          <coordinates>5.72893,50.96573,0</coordinates>
        </Point>
      </Placemark>
      <Placemark>
        <name>593</name>
        <styleUrl>#pnt74</styleUrl>
        <Point>
          <extrude>1</extrude>
          <altitudeMode>clampToGround</altitudeMode>
          <coordinates>5.73040,50.96600,0</coordinates>
        </Point>
      </Placemark>
      <Placemark>
        <name>549</name>
        <styleUrl>#pnt75</styleUrl>
        <Point>
          <extrude>1</extrude>
          <altitudeMode>clampToGround</altitudeMode>
          <coordinates>5.72928,50.96499,0</coordinates>
        </Point>
      </Placemark>
      <Placemark>
        <name>680</name>
        <styleUrl>#pnt76</styleUrl>
        <Point>
          <extrude>1</extrude>
          <altitudeMode>clampToGround</altitudeMode>
          <coordinates>5.73018,50.96491,0</coordinates>
        </Point>
      </Placemark>
      <Placemark>
        <name>539</name>
        <styleUrl>#pnt77</styleUrl>
        <Point>
          <extrude>1</extrude>
          <altitudeMode>clampToGround</altitudeMode>
          <coordinates>5.72964,50.96378,0</coordinates>
        </Point>
      </Placemark>
      <Placemark>
        <name>560</name>
        <styleUrl>#pnt78</styleUrl>
        <Point>
          <extrude>1</extrude>
          <altitudeMode>clampToGround</altitudeMode>
          <coordinates>5.72613,50.96519,0</coordinates>
        </Point>
      </Placemark>
      <Placemark>
        <name>1136</name>
        <styleUrl>#pnt79</styleUrl>
        <Point>
          <extrude>1</extrude>
          <altitudeMode>clampToGround</altitudeMode>
          <coordinates>5.72758,50.96620,0</coordinates>
        </Point>
      </Placemark>
      <Placemark>
        <name>1383</name>
        <styleUrl>#pnt80</styleUrl>
        <Point>
          <extrude>1</extrude>
          <altitudeMode>clampToGround</altitudeMode>
          <coordinates>5.72858,50.96750,0</coordinates>
        </Point>
      </Placemark>
      <Placemark>
        <name>1161</name>
        <styleUrl>#pnt81</styleUrl>
        <Point>
          <extrude>1</extrude>
          <altitudeMode>clampToGround</altitudeMode>
          <coordinates>5.72993,50.96823,0</coordinates>
        </Point>
      </Placemark>
      <Placemark>
        <name>1672</name>
        <styleUrl>#pnt82</styleUrl>
        <Point>
          <extrude>1</extrude>
          <altitudeMode>clampToGround</altitudeMode>
          <coordinates>5.74519,50.96232,0</coordinates>
        </Point>
      </Placemark>
      <Placemark>
        <name>765</name>
        <styleUrl>#pnt83</styleUrl>
        <Point>
          <extrude>1</extrude>
          <altitudeMode>clampToGround</altitudeMode>
          <coordinates>5.73187,50.96975,0</coordinates>
        </Point>
      </Placemark>
      <Placemark>
        <name>279</name>
        <styleUrl>#pnt84</styleUrl>
        <Point>
          <extrude>1</extrude>
          <altitudeMode>clampToGround</altitudeMode>
          <coordinates>5.75916,50.98799,0</coordinates>
        </Point>
      </Placemark>
      <Placemark>
        <name>241</name>
        <styleUrl>#pnt85</styleUrl>
        <Point>
          <extrude>1</extrude>
          <altitudeMode>clampToGround</altitudeMode>
          <coordinates>5.73562,50.97090,0</coordinates>
        </Point>
      </Placemark>
      <Placemark>
        <name>317</name>
        <styleUrl>#pnt86</styleUrl>
        <Point>
          <extrude>1</extrude>
          <altitudeMode>clampToGround</altitudeMode>
          <coordinates>5.73684,50.97196,0</coordinates>
        </Point>
      </Placemark>
      <Placemark>
        <name>545</name>
        <styleUrl>#pnt87</styleUrl>
        <Point>
          <extrude>1</extrude>
          <altitudeMode>clampToGround</altitudeMode>
          <coordinates>5.72916,50.96704,0</coordinates>
        </Point>
      </Placemark>
      <Placemark>
        <name>505</name>
        <styleUrl>#pnt88</styleUrl>
        <Point>
          <extrude>1</extrude>
          <altitudeMode>clampToGround</altitudeMode>
          <coordinates>5.72817,50.96587,0</coordinates>
        </Point>
      </Placemark>
      <Placemark>
        <name>420</name>
        <styleUrl>#pnt89</styleUrl>
        <Point>
          <extrude>1</extrude>
          <altitudeMode>clampToGround</altitudeMode>
          <coordinates>5.72704,50.96384,0</coordinates>
        </Point>
      </Placemark>
      <Placemark>
        <name>332</name>
        <styleUrl>#pnt90</styleUrl>
        <Point>
          <extrude>1</extrude>
          <altitudeMode>clampToGround</altitudeMode>
          <coordinates>5.72600,50.96234,0</coordinates>
        </Point>
      </Placemark>
      <Placemark>
        <name>400</name>
        <styleUrl>#pnt91</styleUrl>
        <Point>
          <extrude>1</extrude>
          <altitudeMode>clampToGround</altitudeMode>
          <coordinates>5.72922,50.96274,0</coordinates>
        </Point>
      </Placemark>
      <Placemark>
        <name>553</name>
        <styleUrl>#pnt92</styleUrl>
        <Point>
          <extrude>1</extrude>
          <altitudeMode>clampToGround</altitudeMode>
          <coordinates>5.72319,50.96286,0</coordinates>
        </Point>
      </Placemark>
      <Placemark>
        <name>577</name>
        <styleUrl>#pnt93</styleUrl>
        <Point>
          <extrude>1</extrude>
          <altitudeMode>clampToGround</altitudeMode>
          <coordinates>5.72457,50.96421,0</coordinates>
        </Point>
      </Placemark>
      <Placemark>
        <name>155</name>
        <styleUrl>#pnt94</styleUrl>
        <Point>
          <extrude>1</extrude>
          <altitudeMode>clampToGround</altitudeMode>
          <coordinates>5.73659,50.96137,0</coordinates>
        </Point>
      </Placemark>
      <Placemark>
        <name>224</name>
        <styleUrl>#pnt95</styleUrl>
        <Point>
          <extrude>1</extrude>
          <altitudeMode>clampToGround</altitudeMode>
          <coordinates>5.73308,50.96079,0</coordinates>
        </Point>
      </Placemark>
      <Placemark>
        <name>180</name>
        <styleUrl>#pnt96</styleUrl>
        <Point>
          <extrude>1</extrude>
          <altitudeMode>clampToGround</altitudeMode>
          <coordinates>5.73459,50.96427,0</coordinates>
        </Point>
      </Placemark>
      <Placemark>
        <name>226</name>
        <styleUrl>#pnt97</styleUrl>
        <Point>
          <extrude>1</extrude>
          <altitudeMode>clampToGround</altitudeMode>
          <coordinates>5.73541,50.96606,0</coordinates>
        </Point>
      </Placemark>
      <Placemark>
        <name>186</name>
        <styleUrl>#pnt98</styleUrl>
        <Point>
          <extrude>1</extrude>
          <altitudeMode>clampToGround</altitudeMode>
          <coordinates>5.73301,50.96635,0</coordinates>
        </Point>
      </Placemark>
      <Placemark>
        <name>198</name>
        <styleUrl>#pnt99</styleUrl>
        <Point>
          <extrude>1</extrude>
          <altitudeMode>clampToGround</altitudeMode>
          <coordinates>5.73139,50.96557,0</coordinates>
        </Point>
      </Placemark>
      <Placemark>
        <name>187</name>
        <styleUrl>#pnt100</styleUrl>
        <Point>
          <extrude>1</extrude>
          <altitudeMode>clampToGround</altitudeMode>
          <coordinates>5.73174,50.96276,0</coordinates>
        </Point>
      </Placemark>
      <Placemark>
        <name>199</name>
        <styleUrl>#pnt101</styleUrl>
        <Point>
          <extrude>1</extrude>
          <altitudeMode>clampToGround</altitudeMode>
          <coordinates>5.73761,50.96329,0</coordinates>
        </Point>
      </Placemark>
      <Placemark>
        <name>157</name>
        <styleUrl>#pnt102</styleUrl>
        <Point>
          <extrude>1</extrude>
          <altitudeMode>clampToGround</altitudeMode>
          <coordinates>5.73995,50.96402,0</coordinates>
        </Point>
      </Placemark>
      <Placemark>
        <name>203</name>
        <styleUrl>#pnt103</styleUrl>
        <Point>
          <extrude>1</extrude>
          <altitudeMode>clampToGround</altitudeMode>
          <coordinates>5.74279,50.96610,0</coordinates>
        </Point>
      </Placemark>
      <Placemark>
        <name>143</name>
        <styleUrl>#pnt104</styleUrl>
        <Point>
          <extrude>1</extrude>
          <altitudeMode>clampToGround</altitudeMode>
          <coordinates>5.74405,50.96980,0</coordinates>
        </Point>
      </Placemark>
      <Placemark>
        <name>136</name>
        <styleUrl>#pnt105</styleUrl>
        <Point>
          <extrude>1</extrude>
          <altitudeMode>clampToGround</altitudeMode>
          <coordinates>5.74542,50.97161,0</coordinates>
        </Point>
      </Placemark>
      <Placemark>
        <name>117</name>
        <styleUrl>#pnt106</styleUrl>
        <Point>
          <extrude>1</extrude>
          <altitudeMode>clampToGround</altitudeMode>
          <coordinates>5.74954,50.97237,0</coordinates>
        </Point>
      </Placemark>
      <Placemark>
        <name>113</name>
        <styleUrl>#pnt107</styleUrl>
        <Point>
          <extrude>1</extrude>
          <altitudeMode>clampToGround</altitudeMode>
          <coordinates>5.74777,50.96955,0</coordinates>
        </Point>
      </Placemark>
      <Placemark>
        <name>130</name>
        <styleUrl>#pnt108</styleUrl>
        <Point>
          <extrude>1</extrude>
          <altitudeMode>clampToGround</altitudeMode>
          <coordinates>5.74701,50.96780,0</coordinates>
        </Point>
      </Placemark>
      <Placemark>
        <name>192</name>
        <styleUrl>#pnt109</styleUrl>
        <Point>
          <extrude>1</extrude>
          <altitudeMode>clampToGround</altitudeMode>
          <coordinates>5.74470,50.96636,0</coordinates>
        </Point>
      </Placemark>
      <Placemark>
        <name>240</name>
        <styleUrl>#pnt110</styleUrl>
        <Point>
          <extrude>1</extrude>
          <altitudeMode>clampToGround</altitudeMode>
          <coordinates>5.74139,50.96735,0</coordinates>
        </Point>
      </Placemark>
      <Placemark>
        <name>221</name>
        <styleUrl>#pnt111</styleUrl>
        <Point>
          <extrude>1</extrude>
          <altitudeMode>clampToGround</altitudeMode>
          <coordinates>5.73986,50.96744,0</coordinates>
        </Point>
      </Placemark>
      <Placemark>
        <name>140</name>
        <styleUrl>#pnt112</styleUrl>
        <Point>
          <extrude>1</extrude>
          <altitudeMode>clampToGround</altitudeMode>
          <coordinates>5.73821,50.96950,0</coordinates>
        </Point>
      </Placemark>
      <Placemark>
        <name>128</name>
        <styleUrl>#pnt113</styleUrl>
        <Point>
          <extrude>1</extrude>
          <altitudeMode>clampToGround</altitudeMode>
          <coordinates>5.73927,50.97035,0</coordinates>
        </Point>
      </Placemark>
      <Placemark>
        <name>166</name>
        <styleUrl>#pnt114</styleUrl>
        <Point>
          <extrude>1</extrude>
          <altitudeMode>clampToGround</altitudeMode>
          <coordinates>5.73909,50.97212,0</coordinates>
        </Point>
      </Placemark>
      <Placemark>
        <name>191</name>
        <styleUrl>#pnt115</styleUrl>
        <Point>
          <extrude>1</extrude>
          <altitudeMode>clampToGround</altitudeMode>
          <coordinates>5.73523,50.97196,0</coordinates>
        </Point>
      </Placemark>
      <Placemark>
        <name>232</name>
        <styleUrl>#pnt116</styleUrl>
        <Point>
          <extrude>1</extrude>
          <altitudeMode>clampToGround</altitudeMode>
          <coordinates>5.73635,50.97324,0</coordinates>
        </Point>
      </Placemark>
      <Placemark>
        <name>203</name>
        <styleUrl>#pnt117</styleUrl>
        <Point>
          <extrude>1</extrude>
          <altitudeMode>clampToGround</altitudeMode>
          <coordinates>5.73807,50.97472,0</coordinates>
        </Point>
      </Placemark>
      <Placemark>
        <name>722</name>
        <styleUrl>#pnt118</styleUrl>
        <Point>
          <extrude>1</extrude>
          <altitudeMode>clampToGround</altitudeMode>
          <coordinates>5.74761,50.96243,0</coordinates>
        </Point>
      </Placemark>
      <Placemark>
        <name>210</name>
        <styleUrl>#pnt119</styleUrl>
        <Point>
          <extrude>1</extrude>
          <altitudeMode>clampToGround</altitudeMode>
          <coordinates>5.74545,50.97566,0</coordinates>
        </Point>
      </Placemark>
      <Placemark>
        <name>198</name>
        <styleUrl>#pnt120</styleUrl>
        <Point>
          <extrude>1</extrude>
          <altitudeMode>clampToGround</altitudeMode>
          <coordinates>5.74355,50.97461,0</coordinates>
        </Point>
      </Placemark>
      <Placemark>
        <name>139</name>
        <styleUrl>#pnt121</styleUrl>
        <Point>
          <extrude>1</extrude>
          <altitudeMode>clampToGround</altitudeMode>
          <coordinates>5.74026,50.97641,0</coordinates>
        </Point>
      </Placemark>
      <Placemark>
        <name>253</name>
        <styleUrl>#pnt122</styleUrl>
        <Point>
          <extrude>1</extrude>
          <altitudeMode>clampToGround</altitudeMode>
          <coordinates>5.73806,50.97674,0</coordinates>
        </Point>
      </Placemark>
      <Placemark>
        <name>703</name>
        <styleUrl>#pnt123</styleUrl>
        <Point>
          <extrude>1</extrude>
          <altitudeMode>clampToGround</altitudeMode>
          <coordinates>5.74102,50.97841,0</coordinates>
        </Point>
      </Placemark>
      <Placemark>
        <name>832</name>
        <styleUrl>#pnt124</styleUrl>
        <Point>
          <extrude>1</extrude>
          <altitudeMode>clampToGround</altitudeMode>
          <coordinates>5.74695,50.97979,0</coordinates>
        </Point>
      </Placemark>
      <Placemark>
        <name>262</name>
        <styleUrl>#pnt125</styleUrl>
        <Point>
          <extrude>1</extrude>
          <altitudeMode>clampToGround</altitudeMode>
          <coordinates>5.74469,50.97803,0</coordinates>
        </Point>
      </Placemark>
      <Placemark>
        <name>142</name>
        <styleUrl>#pnt126</styleUrl>
        <Point>
          <extrude>1</extrude>
          <altitudeMode>clampToGround</altitudeMode>
          <coordinates>5.74973,50.97663,0</coordinates>
        </Point>
      </Placemark>
      <Placemark>
        <name>119</name>
        <styleUrl>#pnt127</styleUrl>
        <Point>
          <extrude>1</extrude>
          <altitudeMode>clampToGround</altitudeMode>
          <coordinates>5.74995,50.97551,0</coordinates>
        </Point>
      </Placemark>
      <Placemark>
        <name>152</name>
        <styleUrl>#pnt128</styleUrl>
        <Point>
          <extrude>1</extrude>
          <altitudeMode>clampToGround</altitudeMode>
          <coordinates>5.74808,50.97442,0</coordinates>
        </Point>
      </Placemark>
      <Placemark>
        <name>415</name>
        <styleUrl>#pnt129</styleUrl>
        <Point>
          <extrude>1</extrude>
          <altitudeMode>clampToGround</altitudeMode>
          <coordinates>5.75551,50.98712,0</coordinates>
        </Point>
      </Placemark>
      <Placemark>
        <name>474</name>
        <styleUrl>#pnt130</styleUrl>
        <Point>
          <extrude>1</extrude>
          <altitudeMode>clampToGround</altitudeMode>
          <coordinates>5.75319,50.98503,0</coordinates>
        </Point>
      </Placemark>
      <Placemark>
        <name>126</name>
        <styleUrl>#pnt131</styleUrl>
        <Point>
          <extrude>1</extrude>
          <altitudeMode>clampToGround</altitudeMode>
          <coordinates>5.74596,50.96957,0</coordinates>
        </Point>
      </Placemark>
      <Placemark>
        <name>210</name>
        <styleUrl>#pnt132</styleUrl>
        <Point>
          <extrude>1</extrude>
          <altitudeMode>clampToGround</altitudeMode>
          <coordinates>5.74561,50.97643,0</coordinates>
        </Point>
      </Placemark>
      <Placemark>
        <name>220</name>
        <styleUrl>#pnt133</styleUrl>
        <Point>
          <extrude>1</extrude>
          <altitudeMode>clampToGround</altitudeMode>
          <coordinates>5.75636,50.98494,0</coordinates>
        </Point>
      </Placemark>
      <Placemark>
        <name>133</name>
        <styleUrl>#pnt134</styleUrl>
        <Point>
          <extrude>1</extrude>
          <altitudeMode>clampToGround</altitudeMode>
          <coordinates>5.74978,50.97436,0</coordinates>
        </Point>
      </Placemark>
      <Placemark>
        <name>141</name>
        <styleUrl>#pnt135</styleUrl>
        <Point>
          <extrude>1</extrude>
          <altitudeMode>clampToGround</altitudeMode>
          <coordinates>5.74193,50.97107,0</coordinates>
        </Point>
      </Placemark>
      <Placemark>
        <name>158</name>
        <styleUrl>#pnt136</styleUrl>
        <Point>
          <extrude>1</extrude>
          <altitudeMode>clampToGround</altitudeMode>
          <coordinates>5.74057,50.97032,0</coordinates>
        </Point>
      </Placemark>
      <Placemark>
        <name>129</name>
        <styleUrl>#pnt137</styleUrl>
        <Point>
          <extrude>1</extrude>
          <altitudeMode>clampToGround</altitudeMode>
          <coordinates>5.74296,50.96876,0</coordinates>
        </Point>
      </Placemark>
      <Placemark>
        <name>206</name>
        <styleUrl>#pnt138</styleUrl>
        <Point>
          <extrude>1</extrude>
          <altitudeMode>clampToGround</altitudeMode>
          <coordinates>5.73053,50.96439,0</coordinates>
        </Point>
      </Placemark>
      <Placemark>
        <name>451</name>
        <styleUrl>#pnt139</styleUrl>
        <Point>
          <extrude>1</extrude>
          <altitudeMode>clampToGround</altitudeMode>
          <coordinates>5.72931,50.96424,0</coordinates>
        </Point>
      </Placemark>
      <Placemark>
        <name>296</name>
        <styleUrl>#pnt140</styleUrl>
        <Point>
          <extrude>1</extrude>
          <altitudeMode>clampToGround</altitudeMode>
          <coordinates>5.73002,50.96308,0</coordinates>
        </Point>
      </Placemark>
      <Placemark>
        <name>189</name>
        <styleUrl>#pnt141</styleUrl>
        <Point>
          <extrude>1</extrude>
          <altitudeMode>clampToGround</altitudeMode>
          <coordinates>5.73215,50.95960,0</coordinates>
        </Point>
      </Placemark>
      <Placemark>
        <name>154</name>
        <styleUrl>#pnt142</styleUrl>
        <Point>
          <extrude>1</extrude>
          <altitudeMode>clampToGround</altitudeMode>
          <coordinates>5.73528,50.95982,0</coordinates>
        </Point>
      </Placemark>
      <Placemark>
        <name>169</name>
        <styleUrl>#pnt143</styleUrl>
        <Point>
          <extrude>1</extrude>
          <altitudeMode>clampToGround</altitudeMode>
          <coordinates>5.73661,50.95863,0</coordinates>
        </Point>
      </Placemark>
      <Placemark>
        <name>403</name>
        <styleUrl>#pnt144</styleUrl>
        <Point>
          <extrude>1</extrude>
          <altitudeMode>clampToGround</altitudeMode>
          <coordinates>5.73511,50.95744,0</coordinates>
        </Point>
      </Placemark>
      <Placemark>
        <name>471</name>
        <styleUrl>#pnt145</styleUrl>
        <Point>
          <extrude>1</extrude>
          <altitudeMode>clampToGround</altitudeMode>
          <coordinates>5.73357,50.95801,0</coordinates>
        </Point>
      </Placemark>
      <Placemark>
        <name>612</name>
        <styleUrl>#pnt146</styleUrl>
        <Point>
          <extrude>1</extrude>
          <altitudeMode>clampToGround</altitudeMode>
          <coordinates>5.73225,50.95661,0</coordinates>
        </Point>
      </Placemark>
      <Placemark>
        <name>601</name>
        <styleUrl>#pnt147</styleUrl>
        <Point>
          <extrude>1</extrude>
          <altitudeMode>clampToGround</altitudeMode>
          <coordinates>5.72911,50.95679,0</coordinates>
        </Point>
      </Placemark>
      <Placemark>
        <name>783</name>
        <styleUrl>#pnt148</styleUrl>
        <Point>
          <extrude>1</extrude>
          <altitudeMode>clampToGround</altitudeMode>
          <coordinates>5.72573,50.95760,0</coordinates>
        </Point>
      </Placemark>
      <Placemark>
        <name>258</name>
        <styleUrl>#pnt149</styleUrl>
        <Point>
          <extrude>1</extrude>
          <altitudeMode>clampToGround</altitudeMode>
          <coordinates>5.73070,50.95820,0</coordinates>
        </Point>
      </Placemark>
      <Placemark>
        <name>214</name>
        <styleUrl>#pnt150</styleUrl>
        <Point>
          <extrude>1</extrude>
          <altitudeMode>clampToGround</altitudeMode>
          <coordinates>5.72922,50.95993,0</coordinates>
        </Point>
      </Placemark>
      <Placemark>
        <name>166</name>
        <styleUrl>#pnt151</styleUrl>
        <Point>
          <extrude>1</extrude>
          <altitudeMode>clampToGround</altitudeMode>
          <coordinates>5.73142,50.96082,0</coordinates>
        </Point>
      </Placemark>
      <Placemark>
        <name>496</name>
        <styleUrl>#pnt152</styleUrl>
        <Point>
          <extrude>1</extrude>
          <altitudeMode>clampToGround</altitudeMode>
          <coordinates>5.73001,50.96182,0</coordinates>
        </Point>
      </Placemark>
      <Placemark>
        <name>342</name>
        <styleUrl>#pnt153</styleUrl>
        <Point>
          <extrude>1</extrude>
          <altitudeMode>clampToGround</altitudeMode>
          <coordinates>5.72703,50.96200,0</coordinates>
        </Point>
      </Placemark>
      <Placemark>
        <name>162</name>
        <styleUrl>#pnt154</styleUrl>
        <Point>
          <extrude>1</extrude>
          <altitudeMode>clampToGround</altitudeMode>
          <coordinates>5.73544,50.96260,0</coordinates>
        </Point>
      </Placemark>
      <Placemark>
        <name>375</name>
        <styleUrl>#pnt155</styleUrl>
        <Point>
          <extrude>1</extrude>
          <altitudeMode>clampToGround</altitudeMode>
          <coordinates>5.75196,50.96083,0</coordinates>
        </Point>
      </Placemark>
    </Folder>
  </Document>
</kml>