time,latitude,longitude,depth,mag,magType,nst,gap,dmin,rms,net,id,updated,place,type,horizontalError,depthError,magError,magNst,status,locationSource,magSource
2025-01-30T14:18:18.810Z,38.823333740234,-122.84133148193,1.8300000429153,0.45,md,9,113,0.004927,0.01,nc,nc75125656,2025-01-30T14:19:53.243Z,"9 km NW of The Geysers, CA",earthquake,0.47,1.09000003,0.32,10,automatic,nc,nc
2025-01-30T14:15:41.010Z,35.4236667,-117.7608333,9.39,0.68,ml,15,115,0.08508,0.11,ci,ci40175450,2025-01-30T14:33:43.954Z,"13 km WNW of Johannesburg, CA",earthquake,0.28,0.65,0.276,5,reviewed,ci,ci
2025-01-30T13:50:30.759Z,39.1565,-119.0426,7.9,1.1,ml,10,79.59,0.013,0.1782,nn,nn00892742,2025-01-30T13:52:37.216Z,"21 km NNE of Yerington, Nevada",earthquake,,0.6,0.21,4,automatic,nn,nn
2025-01-30T13:44:17.551Z,57.9828,-157.1974,10.7,3.3,ml,,,,0.37,ak,ak0251du4ijf,2025-01-30T13:57:26.040Z,"27 km SSE of Egegik, Alaska",earthquake,,0.4,,,automatic,ak,ak
2025-01-30T13:34:27.580Z,19.291000366211,-155.41633605957,1.3300000429153,2.02999997,md,57,68,0.05117,0.289999992,hv,hv74605382,2025-01-30T14:00:36.040Z,"11 km NE of Pāhala, Hawaii",earthquake,0.29,0.469999999,0.0799999982,9,automatic,hv,hv
2025-01-30T13:32:47.715Z,37.5578,-115.0427,3.6,1.5,ml,12,333.89,0.953,0.3486,nn,nn00892740,2025-01-30T13:35:07.742Z,"16 km ESE of Hiko, Nevada",earthquake,,71,0.29,4,automatic,nn,nn
2025-01-30T13:19:30.500Z,35.4521667,-118.2631667,9.61,0.67,ml,17,80,0.131,0.09,ci,ci40175426,2025-01-30T14:37:08.970Z,"26 km SE of Bodfish, CA",earthquake,0.17,0.53,0.173,9,automatic,ci,ci
2025-01-30T13:15:03.153Z,61.7475,-149.8817,29.9,1.5,ml,,,,0.66,ak,ak0251dty9nv,2025-01-30T13:17:38.055Z,"8 km E of Willow, Alaska",earthquake,,0.3,,,automatic,ak,ak
2025-01-30T12:55:48.730Z,38.841331481934,-122.87767028809,2.5599999427795,0.78,md,14,91,0.00548,0.03,nc,nc75125646,2025-01-30T12:57:23.894Z,"13 km NW of The Geysers, CA",earthquake,0.34,0.579999983,0.19,15,automatic,nc,nc
2025-01-30T12:55:20.940Z,38.841331481934,-122.87683105469,2.6600000858307,1.09,md,21,86,0.006031,0.02,nc,nc75125641,2025-01-30T12:56:58.788Z,"13 km NW of The Geysers, CA",earthquake,0.3,0.479999989,0.09,22,automatic,nc,nc
2025-01-30T12:51:08.011Z,28.1508,52.488,10,4.6,mb,50,102,4.612,0.73,us,us7000pa15,2025-01-30T13:15:20.040Z,"76 km NNW of Mohr, Iran",earthquake,8.66,1.91,0.07,62,reviewed,us,us
2025-01-30T12:38:28.310Z,38.818332672119,-122.76650238037,1.7599999904633,1.14,md,16,105,0.01218,0.02,nc,nc75125631,2025-01-30T12:40:04.062Z,"4 km W of Cobb, CA",earthquake,0.28,0.469999999,0.11,18,automatic,nc,nc
2025-01-30T12:36:28.833Z,61.8383,-148.4714,16.7,1.1,ml,,,,0.63,ak,ak0251dthe2r,2025-01-30T12:38:29.718Z,"4 km N of Chickaloon, Alaska",earthquake,,0.2,,,automatic,ak,ak
2025-01-30T12:31:38.641Z,36.7268,-117.5227,8.8,1.3,ml,24,185.75,0.297,0.2228,nn,nn00892737,2025-01-30T12:33:59.562Z,"41 km NE of Keeler, California",earthquake,,1.2,0.23,15,automatic,nn,nn
2025-01-30T12:30:27.370Z,37.638332366943,-122.36499786377,11.739999771118,1.29,md,13,155,0.04473,0.06,nc,nc75125626,2025-01-30T12:32:02.526Z,"4 km E of San Bruno, CA",earthquake,0.51,0.519999981,0.14,5,automatic,nc,nc
2025-01-30T12:12:44.260Z,37.476501464844,-121.79216766357,7.0900001525879,1.15,md,10,87,0.02691,0.06,nc,nc75125621,2025-01-30T12:14:23.485Z,"11 km ENE of Milpitas, CA",earthquake,0.43,0.660000026,0.03,5,automatic,nc,nc
2025-01-30T11:50:45.587Z,60.6791,-146.9143,21.5,1.9,ml,,,,0.73,ak,ak0251dsyzse,2025-01-30T12:02:50.947Z,"24 km SSW of Tatitlek, Alaska",earthquake,,0.3,,,automatic,ak,ak
2025-01-30T11:44:13.686Z,62.4328,-148.2584,25.3,1.6,ml,,,,0.51,ak,ak0251dsxn1l,2025-01-30T11:46:21.448Z,"71 km N of Chickaloon, Alaska",earthquake,,0.3,,,automatic,ak,ak
2025-01-30T11:30:11.977Z,65.0855,-149.3798,0,1.4,ml,,,,0.72,ak,ak0251dsumtr,2025-01-30T11:32:39.562Z,"7 km S of Minto, Alaska",earthquake,,0.4,,,automatic,ak,ak
2025-01-30T11:28:46.452Z,60.9861,-151.3431,65.1,1.7,ml,,,,0.35,ak,ak0251dsua3p,2025-01-30T11:30:30.702Z,"14 km SW of Tyonek, Alaska",earthquake,,0.7,,,automatic,ak,ak
2025-01-30T11:12:15.490Z,38.823333740234,-122.8441696167,2.2699999809265,1.09,md,20,76,0.007143,0.02,nc,nc75125616,2025-01-30T11:13:53.759Z,"9 km NW of The Geysers, CA",earthquake,0.24,0.409999996,0.16,20,automatic,nc,nc
2025-01-30T10:50:28.198Z,32.277,-101.3,3.1431,1.4,ml,18,107,0.1,0.3,tx,tx2025cbvc,2025-01-30T11:00:51.525Z,"2 km SSE of Coahoma, Texas",earthquake,0,1.4688241481781,0.2,11,automatic,tx,tx
2025-01-30T10:49:29.300Z,35.0748333,-119.0755,13.44,1.49,ml,50,58,0.01757,0.21,ci,ci40175274,2025-01-30T10:53:22.986Z,"20 km NW of Grapevine, CA",earthquake,0.2,0.45,0.209,25,automatic,ci,ci
2025-01-30T10:46:07.870Z,36.0273333,-117.9795,5.06,0.79,ml,22,45,0.07483,0.11,ci,ci40175266,2025-01-30T10:49:34.803Z,"3 km SW of Coso Junction, CA",earthquake,0.17,0.66,0.157,11,automatic,ci,ci
2025-01-30T10:27:05.080Z,33.2231667,-116.7385,12.59,0.74,ml,42,27,0.02125,0.17,ci,ci40175258,2025-01-30T10:32:25.572Z,"3 km SE of Lake Henshaw, CA",earthquake,0.17,0.45,0.115,21,automatic,ci,ci
2025-01-30T10:26:54.690Z,38.836166381836,-122.79033660889,1.8200000524521,0.95,md,13,59,0.002239,0.01,nc,nc75125601,2025-01-30T10:28:33.774Z,"6 km WNW of Cobb, CA",earthquake,0.28,0.439999998,0.27,15,automatic,nc,nc
2025-01-30T10:21:35.530Z,37.844,-121.972,7.27,0.71,md,13,83,0.02205,0.06,nc,nc75125596,2025-01-30T11:23:45.070Z,"2 km NW of Diablo, CA",earthquake,0.27,0.56,0.081,7,reviewed,nc,nc
2025-01-30T10:21:16.626Z,64.4807,-146.8789,9.6,1.2,ml,,,,0.57,ak,ak0251ds7a6m,2025-01-30T10:23:00.672Z,"4 km SSE of Salcha, Alaska",earthquake,,0.2,,,automatic,ak,ak
2025-01-30T10:17:25.956Z,31.587,-104.243,7.8943,2.2,ml,18,72,0.1,0.2,tx,tx2025cbtz,2025-01-30T14:20:46.002Z,"52 km NW of Toyah, Texas",earthquake,1.1413258979698,1.2918872212119,0.2,6,reviewed,tx,tx
2025-01-30T10:16:32.290Z,32.09,-102.207,8.4229,1.6,ml,30,78,0,0.1,tx,tx2025cbtx,2025-01-30T14:06:59.887Z,"15 km NW of Midland, Texas",earthquake,0.35411273871716,0.69927327484116,0.1,14,reviewed,tx,tx
2025-01-30T10:02:34.000Z,38.259833333333,-113.13383333333,5.47,0.81,md,17,120,0.1127,0.19,uu,uu80100356,2025-01-30T14:26:59.500Z,"18 km SW of Milford, Utah",earthquake,1.56,2.87,0.35600023669816,8,reviewed,uu,uu
2025-01-30T09:59:19.970Z,33.4138333,-116.3896667,11.24,0.6,ml,35,87,0.08439,0.18,ci,ci40175250,2025-01-30T10:04:10.829Z,"18 km N of Borrego Springs, CA",earthquake,0.23,0.6,0.165,13,automatic,ci,ci
2025-01-30T09:51:18.764Z,-38.7496,176.0232,9.68,2.6,ml,11,94,0.309,0.6,us,us7000pa0i,2025-01-30T12:28:06.552Z,"5 km S of Acacia Bay, New Zealand",earthquake,2.79,7.638,0.074,24,reviewed,us,us
2025-01-30T09:51:03.546Z,66.6355,-146.9763,0,1.7,ml,,,,0.73,ak,ak0251drs91u,2025-01-30T09:53:34.669Z,"36 km NNE of Beaver, Alaska",earthquake,,0.7,,,automatic,ak,ak
2025-01-30T09:48:18.220Z,38.823501586914,-122.8450012207,2.1600000858307,0.66,md,12,130,0.007798,0.01,nc,nc75125586,2025-01-30T09:49:53.346Z,"9 km NW of The Geysers, CA",earthquake,0.55,0.50999999,0.42,14,automatic,nc,nc
2025-01-30T09:36:55.860Z,38.80933380127,-122.80950164795,2.4000000953674,1.46,md,28,50,0.01118,0.03,nc,nc75125576,2025-01-30T09:38:33.306Z,"6 km NW of The Geysers, CA",earthquake,0.2,0.430000007,0.16,27,automatic,nc,nc
2025-01-30T09:32:11.260Z,38.626666666667,-122.66916666667,5.83,0.75,md,20,106,0.05222,0.07,nc,nc75125566,2025-01-30T11:12:11.487Z,"9 km NW of Calistoga, CA",earthquake,0.25,0.6,0.165,14,reviewed,nc,nc
2025-01-30T09:30:41.810Z,32.004,-101.731,4.5446,1.1,ml,19,67,0.1,0.3,tx,tx2025cbsk,2025-01-30T09:38:23.701Z,"14 km SSE of Stanton, Texas",earthquake,0,1.2393760681152,0.3,14,automatic,tx,tx
2025-01-30T09:11:38.420Z,32.7603333,-115.5203333,11.31,1.37,ml,26,101,0.06363,0.24,ci,ci40175242,2025-01-30T09:15:06.252Z,"3 km NNE of Heber, CA",earthquake,0.37,0.6,0.234,23,automatic,ci,ci
2025-01-30T08:52:39.640Z,32.7666667,-115.5186667,12.52,1.22,ml,26,100,0.06615,0.24,ci,ci40175114,2025-01-30T08:56:11.312Z,"4 km NNE of Heber, CA",earthquake,0.39,0.61,0.241,16,automatic,ci,ci
2025-01-30T08:51:12.920Z,38.793,-122.77766666667,1.73,0.52,md,20,77,0.008013,0.02,nc,nc75125556,2025-01-30T09:56:48.744Z,"3 km NW of The Geysers, CA",earthquake,0.19,0.34,0.207,18,reviewed,nc,nc
2025-01-30T08:48:03.411Z,61.4325,-146.6353,24.9,1.7,ml,,,,0.74,ak,ak0251dr66ad,2025-01-30T08:50:00.626Z,"36 km NNW of Valdez, Alaska",earthquake,,0.3,,,automatic,ak,ak
2025-01-30T08:46:20.620Z,34.0133333,-117.1905,7.41,0.62,ml,25,68,0.06741,0.18,ci,ci40175106,2025-01-30T08:50:58.056Z,"5 km S of Redlands, CA",earthquake,0.26,0.78,0.366,17,automatic,ci,ci
2025-01-30T08:45:36.628Z,32.414,-102.087,9.2529,2.1,ml,27,82,0,0.1,tx,tx2025cbqy,2025-01-30T14:03:06.798Z,"37 km WSW of Ackerly, Texas",earthquake,0.37015336684882,0.41677776775742,0.1,55,reviewed,tx,tx
2025-01-30T08:45:33.880Z,35.43616667,-97.98983333,5.2,1.22,ml,38,52,0.03419329011,0.39,ok,ok2025cbqy,2025-01-30T13:23:51.595Z,"6 km NW of Union City, Oklahoma",earthquake,,1,0.23,18,reviewed,ok,ok
2025-01-30T08:41:06.806Z,64.1394,-149.5184,0,2.2,ml,,,,0.68,ak,ak0251dr4ojc,2025-01-30T08:46:09.118Z,"20 km SW of Clear, Alaska",earthquake,,0.9,,,automatic,ak,ak
2025-01-30T08:40:37.329Z,63.5148,-152.9314,2.8,2.9,ml,,,,0.8,ak,ak0251dr4ja6,2025-01-30T08:43:43.263Z,"51 km SW of Lake Minchumina, Alaska",earthquake,,0.6,,,automatic,ak,ak
2025-01-30T08:39:40.841Z,61.6388,-148.1654,16.3,1.1,ml,,,,0.48,ak,ak0251dr4bqc,2025-01-30T08:41:38.580Z,"23 km SE of Chickaloon, Alaska",earthquake,,0.4,,,automatic,ak,ak
2025-01-30T08:24:23.993Z,32.168,-102.164,4.0055,1.3,ml,23,67,0,0.5,tx,tx2025cbqf,2025-01-30T08:38:54.165Z,"20 km NNW of Midland, Texas",earthquake,0,1.1182664632797,0.1,18,automatic,tx,tx
2025-01-30T08:19:33.063Z,59.9001,-153.5636,142.3,1.6,ml,,,,0.78,ak,ak0251dr01ft,2025-01-30T08:21:48.226Z,"32 km ENE of Pedro Bay, Alaska",earthquake,,0.4,,,automatic,ak,ak
2025-01-30T08:02:32.820Z,36.1665,-118.057,1.07,1.14,ml,20,59,0.1707,0.19,ci,ci40175098,2025-01-30T08:06:49.434Z,"14 km SSW of Olancha, CA",earthquake,0.25,0.58,0.229,20,automatic,ci,ci
2025-01-30T08:01:04.180Z,34.0313333,-117.2493333,14.71,0.83,ml,47,28,0.1113,0.17,ci,ci40175090,2025-01-30T08:06:15.787Z,"2 km SSE of Loma Linda, CA",earthquake,0.18,0.39,0.136,28,automatic,ci,ci
2025-01-30T08:00:23.450Z,36.021,-117.7803333,1.17,0.94,ml,21,66,0.01292,0.18,ci,ci40175082,2025-01-30T08:03:57.289Z,"15 km NE of Little Lake, CA",earthquake,0.2,0.27,0.199,12,automatic,ci,ci
2025-01-30T07:49:01.311Z,36.7999,-115.7546,11.9,0.2,ml,14,262.77,0.151,0.1479,nn,nn00892735,2025-01-30T07:50:46.158Z,"26 km NNW of Indian Springs, Nevada",earthquake,,0.8,0.35,5,automatic,nn,nn
2025-01-30T07:47:02.064Z,62.9684,-156.3845,3.1,3.2,ml,,,,0.47,ak,ak0251dqkiv2,2025-01-30T07:55:35.040Z,"16 km W of Takotna, Alaska",earthquake,,0.3,,,automatic,ak,ak
2025-01-30T07:46:46.826Z,39.1686,-119.0387,7.7,1.2,ml,12,77.36,0,0.1183,nn,nn00892732,2025-01-30T07:48:46.103Z,"22 km NNE of Yerington, Nevada",earthquake,,0.6,0.21,6,automatic,nn,nn
2025-01-30T07:29:20.750Z,38.839668273926,-122.78333282471,0.94999998807907,0.72,md,10,95,0.005618,0.01,nc,nc75125541,2025-01-30T07:30:58.589Z,"6 km WNW of Cobb, CA",earthquake,0.31,0.449999988,0.23,10,automatic,nc,nc
2025-01-30T07:27:35.965Z,31.621,-104.486,7.6379,1.8,ml,30,69,0.1,0.3,tx,tx2025cbom,2025-01-30T11:29:23.700Z,"62 km S of Whites City, New Mexico",earthquake,1.036192885482,0.89064264097571,0.1,18,reviewed,tx,tx
2025-01-30T07:20:36.053Z,63.7972,-147.6424,3.7,1.6,ml,,,,0.68,ak,ak0251dqet5n,2025-01-30T07:22:48.257Z,"63 km E of Denali Park, Alaska",earthquake,,0.3,,,automatic,ak,ak
2025-01-30T07:18:45.410Z,61.1052,-151.1213,54.8,1.8,ml,,,,0.39,ak,ak0251dqeefx,2025-01-30T07:21:12.902Z,"4 km NNE of Tyonek, Alaska",earthquake,,0.8,,,automatic,ak,ak
2025-01-30T07:16:17.375Z,23.182,120.5884,10,4.8,mb,39,56,0.124,0.71,us,us7000p9zz,2025-01-30T09:56:56.990Z,"14 km ENE of Yujing, Taiwan",earthquake,4,1.796,0.107,27,reviewed,us,us
2025-01-30T07:00:32.811Z,63.0295,-156.2727,0,3.5,ml,,,,0.61,ak,ak0251dqaikx,2025-01-30T07:08:04.040Z,"11 km WNW of Takotna, Alaska",earthquake,,0.5,,,automatic,ak,ak
2025-01-30T06:54:15.994Z,31.622,-104.512,6.4331,1.9,ml,8,76,0.1,0,tx,tx2025cbnh,2025-01-30T11:03:24.542Z,"62 km SSW of Whites City, New Mexico",earthquake,1.5929135949388,2.2966900385594,0.1,15,reviewed,tx,tx
2025-01-30T06:48:14.923Z,60.4445,-152.4407,136,1,ml,,,,0.89,ak,ak0251dpzcoy,2025-01-30T06:50:32.292Z,"61 km NW of Ninilchik, Alaska",earthquake,,0.9,,,automatic,ak,ak
2025-01-30T06:46:39.754Z,31.615,-104.489,8.5095,2.1,ml,30,69,0.1,0.3,tx,tx2025cbnb,2025-01-30T10:34:19.375Z,"63 km S of Whites City, New Mexico",earthquake,1.2172736937211,1.0251923072479,0.1,18,reviewed,tx,tx
2025-01-30T06:43:11.190Z,38.834167480469,-122.79049682617,1.7200000286102,1.02,md,17,56,0.004237,0.02,nc,nc75125536,2025-01-30T06:44:48.134Z,"6 km WNW of Cobb, CA",earthquake,0.24,0.469999999,0.22,18,automatic,nc,nc
2025-01-30T06:40:57.281Z,60.2599,-152.6748,103.6,1.4,ml,,,,0.77,ak,ak0251dpxpi8,2025-01-30T06:43:13.156Z,"60 km WNW of Ninilchik, Alaska",earthquake,,1.3,,,automatic,ak,ak
2025-01-30T06:36:23.630Z,37.726833343506,-122.54133605957,8.1099996566772,1.59,md,15,99,0.08623,0.01,nc,nc75125531,2025-01-30T06:47:48.085Z,"3 km W of San Francisco Zoo, CA",earthquake,0.28,0.769999981,0.24,10,automatic,nc,nc
2025-01-30T06:28:59.921Z,61.3266,-152.3578,116.6,1.8,ml,,,,0.34,ak,ak0251dpv548,2025-01-30T06:30:41.043Z,"71 km WNW of Beluga, Alaska",earthquake,,1,,,automatic,ak,ak
2025-01-30T06:27:47.020Z,17.959833333333,-66.9985,6.33,1.85,md,4,201,0.04456,0.08,pr,pr71471803,2025-01-30T06:44:55.210Z,"5 km ESE of La Parguera, Puerto Rico",earthquake,1.42,0.74,0.11979241623282,3,reviewed,pr,pr
2025-01-30T06:26:59.002Z,63.5232,-152.2623,5.5,1.6,ml,,,,1.17,ak,ak0251dpupiv,2025-01-30T06:29:33.231Z,"26 km W of Denali National Park, Alaska",earthquake,,0.3,,,automatic,ak,ak
2025-01-30T06:26:53.561Z,32.136,-101.101,7.0068,2,ml,15,66,0.2,0.1,tx,tx2025cbmj,2025-01-30T14:17:05.976Z,"25 km E of Forsan, Texas",earthquake,0.78230223862068,1.6826286535478,0.1,28,reviewed,tx,tx
2025-01-30T06:17:21.183Z,29.0915,-97.8816,5,2.6,mb_lg,14,119,0.143,0.89,us,us7000p9zq,2025-01-30T06:29:46.040Z,"17 km SSE of Stockdale, Texas",earthquake,2.26,1.976,0.1,27,reviewed,us,us
2025-01-30T06:13:27.390Z,36.596332550049,-121.06199645996,7.9800000190735,1.6,md,19,62,0.02536,0.15,nc,nc75125526,2025-01-30T06:15:03.021Z,"10 km ENE of Pinnacles, CA",earthquake,0.4,0.889999986,0.2,16,automatic,nc,nc
2025-01-30T05:56:38.161Z,39.8551,-118.401,9.2,1.5,ml,9,129.41,0.25,0.1995,nn,nn00892730,2025-01-30T05:59:05.110Z,"36 km S of Lovelock, Nevada",earthquake,,1.3,0.47,3,automatic,nn,nn
2025-01-30T05:56:13.787Z,62.2128,-150.6326,63.6,2.6,ml,,,,0.48,ak,ak0251dpflzx,2025-01-30T06:14:34.040Z,"23 km WSW of Trapper Creek, Alaska",earthquake,,0.6,,,automatic,ak,ak
2025-01-30T05:55:00.113Z,39.8598,-118.4026,4.1,0.7,ml,8,129.87,0.252,0.1601,nn,nn00892729,2025-01-30T05:57:24.802Z,"35 km S of Lovelock, Nevada",earthquake,,3.9,0,1,automatic,nn,nn
2025-01-30T05:41:09.100Z,60.0057,-141.619,3.4,2.1,ml,,,,0.68,ak,ak0251dpcdwe,2025-01-30T05:43:06.962Z,"117 km WNW of Yakutat, Alaska",earthquake,,0.3,,,automatic,ak,ak
2025-01-30T05:40:33.170Z,33.3226667,-116.9331667,5.24,0.94,ml,54,31,0.06661,0.2,ci,ci40174770,2025-01-30T05:45:12.644Z,"7 km WSW of Palomar Observatory, CA",earthquake,0.16,0.76,0.151,26,automatic,ci,ci
2025-01-30T05:39:10.439Z,-31.3959,-179.9375,484.942,4.3,mb,13,152,2.75,0.38,us,us7000p9zh,2025-01-30T06:11:26.040Z,"Kermadec Islands region",earthquake,31.39,38.7,0.178,9,reviewed,us,us
2025-01-30T05:30:47.340Z,38.837,-122.78216666667,2.33,0.17,md,11,67,0.006539,0.03,nc,nc75125521,2025-01-30T09:45:45.224Z,"5 km WNW of Cobb, CA",earthquake,0.32,0.44,0.251,11,reviewed,nc,nc
2025-01-30T05:22:44.299Z,61.4417,-147.8642,34.7,1.2,ml,,,,0.05,ak,ak0251dp8e0d,2025-01-30T05:24:25.542Z,"42 km SSW of Glacier View, Alaska",earthquake,,0.3,,,automatic,ak,ak
2025-01-30T05:19:15.725Z,31.653,-104.446,7.6892,1.3,ml,25,65,0,0.3,tx,tx2025cbkg,2025-01-30T12:28:47.075Z,"58 km S of Whites City, New Mexico",earthquake,1.4390248498567,1.1898390140713,0.1,15,reviewed,tx,tx
2025-01-30T05:18:45.780Z,35.6676667,-117.5663333,7.95,0.57,ml,20,77,0.07999,0.14,ci,ci40174762,2025-01-30T05:22:16.501Z,"11 km ENE of Ridgecrest, CA",earthquake,0.21,0.9,0.143,8,automatic,ci,ci
2025-01-30T05:16:39.750Z,38.827667236328,-122.80416870117,4.1500000953674,0.72,md,9,74,0.01522,0.01,nc,nc75125511,2025-01-30T05:18:16.657Z,"7 km NNW of The Geysers, CA",earthquake,0.62,6.73000002,0.07,9,automatic,nc,nc
2025-01-30T05:12:21.487Z,31.654,-104.349,6.9202,2.3,ml,21,59,0.1,0.3,tx,tx2025cbke,2025-01-30T10:02:43.867Z,"57 km S of Whites City, New Mexico",earthquake,0.94471558450897,0.82346686106189,0.1,11,reviewed,tx,tx
2025-01-30T05:03:43.207Z,6.7426,-73.0795,152.573,4.7,mb,80,38,0.845,0.57,us,us7000p9zc,2025-01-30T06:07:16.040Z,"2 km ENE of Jordán, Colombia",earthquake,8.54,5.74,0.066,71,reviewed,us,us
2025-01-30T04:53:11.354Z,51.9315,178.3574,121.645,4.4,mb,61,150,0.135,0.73,us,us7000p9za,2025-01-30T05:54:06.575Z,"Rat Islands, Aleutian Islands, Alaska",earthquake,14.14,11.044,0.064,71,reviewed,us,us
2025-01-30T04:40:08.758Z,62.9214,-156.3276,8.8,5.2,mww,,,,1.11,ak,ak0251doqqfp,2025-01-30T10:50:18.602Z,"15 km WSW of Takotna, Alaska",earthquake,,0.3,,,reviewed,ak,ak
2025-01-30T04:35:01.280Z,38.836166381836,-122.78283691406,2.1800000667572,0.44,md,8,96,0.006276,0.01,nc,nc75125501,2025-01-30T04:36:37.144Z,"5 km WNW of Cobb, CA",earthquake,0.72,1.38999999,0.25,8,automatic,nc,nc
2025-01-30T04:22:33.270Z,44.760166666667,-110.77083333333,5,1.53,ml,18,75,0.05365,0.15,uu,uu80100331,2025-01-30T14:21:48.380Z,"24 km SSW of Mammoth, Wyoming",earthquake,0.26,0.4,0.50210061010998,3,reviewed,uu,uu
2025-01-30T04:00:58.185Z,36.9159,-114.8347,14.1,1.2,ml,9,334.29,0.924,0.228,nn,nn00892725,2025-01-30T04:19:39.875Z,"33 km NW of Moapa Town, Nevada",earthquake,,2.1,0.35,3,automatic,nn,nn
2025-01-30T03:59:48.860Z,34.0381667,-117.2783333,15.99,1.15,ml,52,54,0.09215,0.16,ci,ci40174666,2025-01-30T04:04:03.560Z,"2 km SW of Loma Linda, CA",earthquake,0.16,0.41,0.273,30,automatic,ci,ci
2025-01-30T03:59:04.215Z,62.0133,-150.9287,72.5,2.2,ml,,,,0.27,ak,ak0251do9d79,2025-01-30T04:00:37.665Z,"24 km E of Skwentna, Alaska",earthquake,,0.6,,,automatic,ak,ak
2025-01-30T03:34:54.250Z,33.7966667,-117.1631667,1.43,1.36,ml,14,135,0.182,0.24,ci,ci40174650,2025-01-30T03:39:48.436Z,"2 km WSW of Nuevo, CA",earthquake,0.74,1.97,0.448,31,automatic,ci,ci
2025-01-30T03:26:38.932Z,29.078,-97.845,3.6865,4.5,ml,31,89,0.1,0.3,tx,tx2025cbgl,2025-01-30T14:32:23.823Z,"19 km ENE of Falls City, Texas",earthquake,1.1567225222368,2.2644972555133,0.2,26,reviewed,tx,tx
2025-01-30T03:23:55.324Z,64.7333,-149.2202,18.3,1.2,ml,,,,0.19,ak,ak0251do1rd8,2025-01-30T03:25:43.025Z,"15 km NNW of Four Mile Road, Alaska",earthquake,,0.9,,,automatic,ak,ak
2025-01-30T03:17:59.020Z,34.2203333,-117.4733333,7.95,0.81,ml,33,67,0.01555,0.18,ci,ci40174642,2025-01-30T03:22:50.464Z,"5 km SSE of Lytle Creek, CA",earthquake,0.27,0.43,0.152,24,automatic,ci,ci
2025-01-30T03:15:28.560Z,59.4582,-154.2876,7.4,1.9,ml,,,,0.42,ak,ak0251dnzzjy,2025-01-30T03:17:46.391Z,"16 km SE of Pope-Vannoy Landing, Alaska",earthquake,,0.2,,,automatic,ak,ak
2025-01-30T02:55:19.490Z,34.4105,-117.9593333,22.73,0.69,ml,14,79,0.03848,0.2,ci,ci40174626,2025-01-30T03:00:13.236Z,"12 km SSW of Pearblossom, CA",earthquake,0.49,0.88,0.102,13,automatic,ci,ci
2025-01-30T02:44:27.480Z,38.830833435059,-122.80466461182,1.210000038147,0.25,md,7,87,0.008545,0.01,nc,nc75125496,2025-01-30T02:46:01.434Z,"7 km WNW of Cobb, CA",earthquake,0.52,1.19000006,0.09,8,automatic,nc,nc
2025-01-30T02:44:14.660Z,38.828998565674,-122.80433654785,1.9900000095367,0.74,md,14,58,0.007169,0.02,nc,nc75125491,2025-01-30T02:45:51.657Z,"7 km WNW of Cobb, CA",earthquake,0.3,0.569999993,0.37,16,automatic,nc,nc
2025-01-30T02:38:49.040Z,38.827667236328,-122.80400085449,2.0899999141693,0.44,md,9,77,0.00638,0,nc,nc75125486,2025-01-30T02:40:25.536Z,"7 km NNW of The Geysers, CA",earthquake,0.37,1.13,0.33,10,automatic,nc,nc
2025-01-30T02:33:09.660Z,33.7003333,-116.7185,18.18,1.03,ml,48,32,0.01479,0.15,ci,ci40174610,2025-01-30T02:37:59.115Z,"4 km S of Idyllwild, CA",earthquake,0.17,0.3,0.248,27,automatic,ci,ci
2025-01-30T02:18:24.310Z,-2.6097,126.8607,10,5,mb,44,39,3.397,0.78,us,us7000p9yk,2025-01-30T02:37:54.040Z,"115 km ESE of Sanana, Indonesia",earthquake,6.92,1.868,0.082,48,reviewed,us,us
2025-01-30T02:17:15.100Z,33.3273333,-116.1943333,10.26,0.94,ml,28,243,0.1026,0.21,ci,ci40174602,2025-01-30T02:22:01.839Z,"18 km SSW of Oasis, CA",earthquake,0.84,0.73,0.132,19,automatic,ci,ci
2025-01-30T02:11:53.871Z,23.1725,120.5796,10,5.1,mww,100,47,0.135,0.71,us,us7000p9yj,2025-01-30T07:43:04.279Z,"13 km ENE of Yujing, Taiwan",earthquake,4.86,1.749,0.086,13,reviewed,us,us
2025-01-30T01:44:33.570Z,38.821334838867,-122.84600067139,2.3199999332428,0.79,md,16,77,0.008752,0.01,nc,nc75125471,2025-01-30T01:46:10.797Z,"9 km NW of The Geysers, CA",earthquake,0.25,0.519999981,0.19,16,automatic,nc,nc
2025-01-30T01:10:56.450Z,38.820667266846,-122.82433319092,2.4900000095367,0.76,md,10,101,0.008706,0.01,nc,nc75125466,2025-01-30T01:12:31.834Z,"8 km NW of The Geysers, CA",earthquake,0.5,0.569999993,0.13,10,automatic,nc,nc
2025-01-30T01:00:37.969Z,31.612,-103.994,8.4583,1.3,ml,11,62,0,0.1,tx,tx2025cbbp,2025-01-30T12:53:37.234Z,"38 km NNW of Toyah, Texas",earthquake,0.69693354391254,0.62062539475728,0.1,14,reviewed,tx,tx
2025-01-30T00:56:22.366Z,-9.3885,118.0893,10,4.3,mb,12,97,0.637,1.2,us,us7000p9yf,2025-01-30T01:10:16.040Z,"102 km SSW of Dompu, Indonesia",earthquake,3.81,1.968,0.239,5,reviewed,us,us
2025-01-30T00:40:48.870Z,35.0426667,-117.6691667,-0.68,1.56,ml,43,40,0.1103,0.22,ci,ci40174578,2025-01-30T00:45:09.492Z,"5 km NNW of Boron, CA",earthquake,0.31,0.62,0.144,30,automatic,ci,ci
2025-01-30T00:36:40.370Z,39.1457,-119.0678,7.8,1.5,ml,14,79.48,0.014,0.1413,nn,nn00892716,2025-01-30T01:03:57.674Z,"19 km NNE of Yerington, Nevada",earthquake,,0.8,0.19,8,reviewed,nn,nn
2025-01-30T00:35:09.011Z,60.0192,-141.9021,13.7,1.6,ml,,,,0.8,ak,ak0251dmbxkl,2025-01-30T02:59:27.805Z,"132 km WNW of Yakutat, Alaska",earthquake,,0.3,,,automatic,ak,ak
2025-01-30T00:25:19.932Z,31.542,-104.156,7.4841,1.8,ml,20,73,0,0.2,tx,tx2025cbal,2025-01-30T11:37:50.746Z,"42 km NW of Toyah, Texas",earthquake,0.83106542541234,1.0686195221604,0.1,10,reviewed,tx,tx
2025-01-30T00:05:17.789Z,63.1178,-150.6933,115.9,1.4,ml,,,,0.21,ak,ak0251dm5irm,2025-01-30T00:07:25.814Z,"69 km N of Petersville, Alaska",earthquake,,1.8,,,automatic,ak,ak
2025-01-29T23:56:58.480Z,33.3758333,-116.3943333,9.55,0.68,ml,33,65,0.07217,0.2,ci,ci40174562,2025-01-30T00:01:44.790Z,"14 km N of Borrego Springs, CA",earthquake,0.23,0.6,0.088,19,automatic,ci,ci
2025-01-29T23:49:17.180Z,56.175833333333,-159.4085,7.67,-0.16,ml,5,197,0.04923,0.11,av,av93031174,2025-01-30T07:53:15.230Z,"30 km N of Ivanof Bay, Alaska",earthquake,0.47,0.93,0.14323381000323,6,reviewed,av,av
2025-01-29T23:47:15.940Z,38.854166666667,-122.8025,11.42,0.37,md,18,168,0.00424,0.1,nc,nc75125426,2025-01-30T09:50:17.093Z,"8 km NW of Cobb, CA",earthquake,1.21,31.61,0.163,21,reviewed,nc,nc
2025-01-29T23:42:50.250Z,38.830333709717,-122.81300354004,1.7699999809265,0.52,md,15,53,0.01865,0.02,nc,nc75125421,2025-01-29T23:44:26.201Z,"8 km NNW of The Geysers, CA",earthquake,0.26,0.970000029,0.34,16,automatic,nc,nc
2025-01-29T23:31:54.626Z,61.9078,-151.0362,67.5,1.4,ml,,,,0.23,ak,ak0251ccgsna,2025-01-29T23:33:41.393Z,"21 km ESE of Skwentna, Alaska",earthquake,,1.1,,,automatic,ak,ak
2025-01-29T23:30:08.280Z,36.573001861572,-121.13166809082,-0.18000000715256,1.15,md,9,74,0.04328,0.2,nc,nc75125416,2025-01-29T23:31:46.196Z,"5 km NNE of Pinnacles, CA",earthquake,0.56,3.6400001,0.2,8,automatic,nc,nc
2025-01-29T23:24:27.530Z,38.792166666667,-122.77966666667,1.92,0.26,md,20,80,0.006527,0.02,nc,nc75125406,2025-01-30T09:35:42.510Z,"3 km NW of The Geysers, CA",earthquake,0.22,0.29,0.26,17,reviewed,nc,nc
2025-01-29T23:20:44.920Z,34.4815,-116.5026667,7.09,1.15,ml,28,62,0.1466,0.16,ci,ci40174522,2025-01-29T23:24:12.375Z,"40 km NE of Big Bear City, CA",earthquake,0.24,1.31,0.211,23,automatic,ci,ci
2025-01-29T23:16:23.647Z,64.6799,-149.2961,17,1.7,ml,,,,0.3,ak,ak0251ccdiik,2025-01-29T23:18:09.689Z,"12 km NW of Four Mile Road, Alaska",earthquake,,0.2,,,automatic,ak,ak
2025-01-29T23:02:12.995Z,62.1005,-145.5729,16.4,1.9,ml,,,,0.9,ak,ak0251ccaho3,2025-01-29T23:04:39.414Z,"1 km SW of Glennallen, Alaska",earthquake,,0.1,,,automatic,ak,ak
2025-01-29T22:46:05.550Z,38.833499908447,-122.80349731445,2.0899999141693,0.88,md,10,101,0.01132,0.03,nc,nc75125391,2025-01-29T22:47:40.701Z,"7 km WNW of Cobb, CA",earthquake,0.55,0.810000002,0.29,12,automatic,nc,nc
2025-01-29T22:16:02.455Z,60.3436,-141.1567,20,1.4,ml,,,,0.51,ak,ak0251cbs19x,2025-01-29T22:18:06.371Z,"119 km NW of Yakutat, Alaska",earthquake,,0.6,,,automatic,ak,ak
2025-01-29T22:03:38.110Z,38.8375,-122.83716666667,1.82,0.74,md,24,81,0.001704,0.03,nc,nc75125386,2025-01-30T10:37:31.739Z,"10 km NW of The Geysers, CA",earthquake,0.18,0.28,0.329,25,reviewed,nc,nc
2025-01-29T21:56:28.973Z,64.6779,-149.1488,13,1,ml,,,,0.62,ak,ak0251cbf8cx,2025-01-29T21:58:08.234Z,"8 km N of Four Mile Road, Alaska",earthquake,,0.3,,,automatic,ak,ak
2025-01-29T21:53:25.510Z,19.036166666667,-66.916666666667,21.05,3.03,md,17,275,0.5949,0.25,pr,pr71471783,2025-01-29T22:37:51.750Z,"60 km N of Isabela, Puerto Rico",earthquake,0.98,17.81,0.051274905041503,14,reviewed,pr,pr
2025-01-29T21:36:27.469Z,32.447,-102.098,6.7627,1.5,ml,29,59,0,0.1,tx,tx2025cauv,2025-01-29T23:27:09.249Z,"34 km SSW of Los Ybanez, Texas",earthquake,0.87575479661908,1.4971762975348,0.1,10,reviewed,tx,tx
2025-01-29T21:32:06.270Z,38.788833618164,-122.77783203125,1.1699999570847,0.74,md,10,117,0.008997,0.02,nc,nc75125376,2025-01-29T21:33:41.352Z,"2 km NW of The Geysers, CA",earthquake,0.35,0.629999995,0.09,10,automatic,nc,nc
2025-01-29T21:26:42.740Z,35.7976667,-117.623,9.01,0.61,ml,15,82,0.1158,0.2,ci,ci40174418,2025-01-30T00:48:22.780Z,"20 km W of Searles Valley, CA",earthquake,0.39,1.24,0.081,8,reviewed,ci,ci
2025-01-29T21:23:52.257Z,60.626,-151.1046,50.3,1.6,ml,,,,0.17,ak,ak0251cb87ix,2025-01-29T21:25:33.371Z,"10 km N of Ridgeway, Alaska",earthquake,,1.7,,,automatic,ak,ak
2025-01-29T21:15:12.010Z,17.9805,-66.976833333333,8.2,2.21,md,5,168,0.06508,0.13,pr,pr71471773,2025-01-29T21:27:03.440Z,"6 km W of Fuig, Puerto Rico",earthquake,0.71,1.36,0.066128669088785,3,reviewed,pr,pr
2025-01-29T21:14:29.060Z,38.788166666667,-122.724,1.51,0.29,md,12,86,0.007142,0.02,nc,nc75125366,2025-01-30T09:32:11.164Z,"3 km ENE of The Geysers, CA",earthquake,0.29,0.68,0.312,9,reviewed,nc,nc
2025-01-29T21:12:08.210Z,34.3715,-96.854,0,1.36,ml,50,140,0.2654479101,0.57,ok,ok2025caub,2025-01-30T13:46:46.106Z,"4 km SW of Mill Creek, Oklahoma",quarry blast,,0.7,0.2,20,reviewed,ok,ok
2025-01-29T21:08:15.660Z,53.938833333333,-166.586,9.47,-0.11,ml,8,214,0.0634,0.21,av,av93031169,2025-01-30T07:34:34.970Z,"6 km NNW of Dutch Harbor, Alaska",earthquake,0.66,1.04,0.17884157546566,8,reviewed,av,av
2025-01-29T20:56:45.843Z,64.0413,-149.2352,11.1,1.4,ml,,,,0.71,ak,ak0251catu20,2025-01-29T20:58:23.755Z,"6 km WNW of Ferry, Alaska",earthquake,,0.3,,,automatic,ak,ak
2025-01-29T20:54:29.900Z,37.711666107178,-122.52749633789,7.289999961853,1.43,md,8,190,0.09579,0.06,nc,nc75125361,2025-01-29T20:56:06.954Z,"3 km SW of San Francisco Zoo, CA",earthquake,0.83,1.71000004,0.2,6,automatic,nc,nc
2025-01-29T20:51:35.314Z,32.191,-101.401,5.835,1.3,ml,21,68,0.1,0.1,tx,tx2025catk,2025-01-29T23:36:45.304Z,"9 km NNW of Forsan, Texas",earthquake,0.43754629444754,0.73396132970332,0.2,9,reviewed,tx,tx
2025-01-29T20:50:38.270Z,33.1858333,-116.6295,18.38,0.87,ml,30,67,0.01996,0.16,ci,ci40174354,2025-01-29T20:54:08.293Z,"11 km S of Warner Springs, CA",earthquake,0.24,0.45,0.224,20,automatic,ci,ci
2025-01-29T20:30:18.520Z,44.258666666667,-120.89066666667,-1.49,2.71,ml,23,148,0.3126,0.24,uw,uw62064837,2025-01-30T06:58:52.131Z,"6 km SW of Prineville, Oregon",explosion,0.42,31.61,0.076119457065052,13,reviewed,uw,uw
2025-01-29T20:27:34.230Z,60.515666666667,-152.6665,6.48,-0.9,ml,4,215,0.0302,0.13,av,av93031159,2025-01-30T07:16:14.580Z,"74 km W of Salamatof, Alaska",earthquake,1.73,0.93,0.16656179952309,4,reviewed,av,av
2025-01-29T20:27:20.150Z,60.523833333333,-152.7585,5.87,-0.35,ml,5,121,0.04748,0.04,av,av93477091,2025-01-30T07:14:33.050Z,"79 km W of Salamatof, Alaska",earthquake,0.26,0.7,0.16286517201372,5,reviewed,av,av
2025-01-29T20:15:41.149Z,-17.7555,-178.8329,551.064,4.4,mb,99,123,2.137,0.84,us,us7000p9wv,2025-01-29T20:38:18.040Z,"199 km E of Levuka, Fiji",earthquake,13.54,7.802,0.058,85,reviewed,us,us
2025-01-29T20:14:18.980Z,33.8835,-116.9441667,13.28,0.93,ml,29,62,0.1319,0.17,ci,ci40174266,2025-01-29T20:18:17.124Z,"6 km SSE of Beaumont, CA",earthquake,0.22,0.73,0.181,27,automatic,ci,ci
2025-01-29T20:07:07.890Z,44.763333333333,-110.77333333333,2.06,0.2,md,9,191,0.05701,0.16,uu,uu80002638,2025-01-29T20:58:42.790Z,"24 km SSW of Mammoth, Wyoming",earthquake,0.51,11.35,0.3126374505608,5,reviewed,uu,uu
2025-01-29T20:04:14.200Z,38.792331695557,-122.75116729736,1.3500000238419,0.77,md,9,88,0.01064,0.03,nc,nc75125346,2025-01-29T20:05:50.287Z,"2 km NNE of The Geysers, CA",earthquake,0.29,0.610000014,0.31,9,automatic,nc,nc
2025-01-29T20:04:00.607Z,-5.453,153.3758,85.132,4.8,mb,61,129,1.741,0.7,us,us7000p9wr,2025-01-29T20:51:24.040Z,"173 km SE of Kokopo, Papua New Guinea",earthquake,11.02,6.777,0.077,52,reviewed,us,us
2025-01-29T20:03:49.241Z,60.9092,-150.5801,13.2,1.7,ml,,,,0.66,ak,ak0251caihd8,2025-01-29T20:06:05.300Z,"6 km ESE of Point Possession, Alaska",earthquake,,0.3,,,automatic,ak,ak
2025-01-29T20:03:30.500Z,38.817832946777,-122.79266357422,1.6499999761581,1.05,md,21,38,0.01006,0.02,nc,nc75125341,2025-01-29T20:05:05.725Z,"5 km NNW of The Geysers, CA",earthquake,0.2,0.370000005,0.05,19,automatic,nc,nc
2025-01-29T20:02:13.050Z,34.2763333,-116.8305,4.84,1.28,ml,56,26,0.07156,0.18,ci,ci40174226,2025-01-29T20:06:47.980Z,"2 km NE of Big Bear City, CA",earthquake,0.15,0.47,0.188,28,automatic,ci,ci
2025-01-29T20:01:02.380Z,35.0098333,-118.0935,7.78,1.55,ml,10,135,0.1557,0.28,ci,ci40174234,2025-01-29T20:09:22.982Z,"9 km ESE of Mojave, CA",earthquake,1.82,7,0.228,32,automatic,ci,ci
2025-01-29T20:00:35.865Z,32.97,-101.282,8.9276,2,ml,6,100,0.2,0.3,tx,tx2025carr,2025-01-29T20:07:37.045Z,"26 km SSE of Post, Texas",earthquake,0,8.5711479187012,0.1,6,automatic,tx,tx
2025-01-29T20:00:27.910Z,33.8646667,-117.5056667,1.93,1.46,ml,44,45,0.04739,0.2,ci,ci40174210,2025-01-29T20:04:57.041Z,"2 km SE of Home Gardens, CA",earthquake,0.21,0.28,0.399,38,automatic,ci,ci
2025-01-29T19:49:16.077Z,32.128,-101.632,7.3242,1.2,ml,21,59,0,0.1,tx,tx2025cark,2025-01-29T23:53:55.409Z,"14 km E of Stanton, Texas",earthquake,0.68335829911034,0.71372629171904,0.2,10,reviewed,tx,tx
2025-01-29T19:45:48.447Z,47.8706,-128.2532,10,3,ml,34,205,2.135,0.55,us,us7000p9wk,2025-01-30T01:09:30.110Z,"224 km SW of Tofino, Canada",earthquake,7.83,2.008,0.053,46,reviewed,us,us
2025-01-29T19:44:04.950Z,63.8345,-147.6823,10.2,4,ml,,,,0.99,ak,ak0251ca5qol,2025-01-30T13:24:52.208Z,"61 km E of Denali Park, Alaska",earthquake,,0.2,,,reviewed,ak,ak
2025-01-29T19:37:50.930Z,33.8795,-116.9443333,13.27,1.56,ml,64,34,0.05152,0.19,ci,ci40174170,2025-01-29T19:48:28.030Z,"6 km SSE of Beaumont, CA",earthquake,0.14,0.42,0.205,27,automatic,ci,ci
2025-01-29T19:32:10.390Z,40.316165924072,-124.33699798584,25.680000305176,1.53,md,9,257,0.02802,0.13,nc,nc75125336,2025-01-29T19:33:46.340Z,"5 km W of Petrolia, CA",earthquake,2.98,2.70000005,0.17,6,automatic,nc,nc
2025-01-29T19:27:55.700Z,38.812833333333,-122.7845,1.34,0.42,md,13,60,0.003011,0.02,nc,nc75125331,2025-01-30T09:28:39.485Z,"5 km NNW of The Geysers, CA",earthquake,0.34,0.58,0.128,12,reviewed,nc,nc
2025-01-29T19:19:00.767Z,39.0892,-119.0208,6.3,1.9,ml,17,55.07,0.056,0.1706,nn,nn00892705,2025-01-29T20:26:51.181Z,"16 km NE of Yerington, Nevada",earthquake,,1.6,0.29,9,reviewed,nn,nn
2025-01-29T19:04:54.183Z,64.2822,-146.9479,12.5,1.3,ml,,,,0.28,ak,ak0251c9x9uy,2025-01-29T20:56:22.138Z,"19 km WSW of Harding-Birch Lakes, Alaska",earthquake,,0.4,,,automatic,ak,ak
2025-01-29T18:59:40.260Z,32.9021667,-116.952,5.35,1.39,ml,47,78,0.06482,0.2,ci,ci40174066,2025-01-29T19:03:23.704Z,"6 km NNW of Lakeside, CA",earthquake,0.21,0.5,0.192,31,automatic,ci,ci
2025-01-29T18:59:04.838Z,57.5379,-152.6711,21.3,3.1,ml,,,,0.38,ak,ak0251c9nitv,2025-01-29T19:20:53.168Z,"16 km S of Womens Bay, Alaska",earthquake,,0.4,,,automatic,ak,ak
2025-01-29T18:38:18.670Z,40.323501586914,-124.78116607666,19.110000610352,2.5,md,29,254,0.3372,0.24,nc,nc75125316,2025-01-29T19:12:26.092Z,"42 km W of Petrolia, CA",earthquake,2.56,1.45000005,0.13,16,automatic,nc,nc
2025-01-29T18:33:17.680Z,40.303165435791,-124.87950134277,12.39999961853,2.24,md,6,319,0.5367,0.04,nc,nc75125311,2025-01-29T18:57:16.002Z,"50 km W of Petrolia, CA",earthquake,7.16,3.3900001,0.17,2,automatic,nc,nc
2025-01-29T18:31:26.970Z,38.841331481934,-122.87616729736,2.829999923706,1.11,md,21,84,0.006041,0.02,nc,nc75125301,2025-01-29T18:33:00.769Z,"13 km NW of The Geysers, CA",earthquake,0.31,0.49000001,0.16,22,automatic,nc,nc
2025-01-29T18:30:52.110Z,38.841499328613,-122.87616729736,2.5599999427795,0.71,md,13,110,0.006081,0.02,nc,nc75125291,2025-01-29T18:32:30.527Z,"13 km NW of The Geysers, CA",earthquake,0.37,0.699999988,0.23,14,automatic,nc,nc
2025-01-29T18:30:44.230Z,38.84033203125,-122.87716674805,2.7000000476837,0.75,md,13,134,0.005342,0.02,nc,nc75125286,2025-01-29T18:32:20.697Z,"13 km NW of The Geysers, CA",earthquake,0.42,0.620000005,0.13,14,automatic,nc,nc
2025-01-29T18:30:01.810Z,38.842498779297,-122.87366485596,2.539999961853,1.54,md,31,64,0.004664,0.03,nc,nc75125281,2025-01-29T18:33:03.740Z,"12 km NW of The Geysers, CA",earthquake,0.27,0.379999995,0.16,31,automatic,nc,nc
2025-01-29T18:16:29.650Z,33.3591667,-116.892,7.03,0.69,ml,25,41,0.02518,0.2,ci,ci40173986,2025-01-29T18:20:31.427Z,"3 km W of Palomar Observatory, CA",earthquake,0.29,0.45,0.135,15,automatic,ci,ci
2025-01-29T18:14:47.810Z,19.359333333333,-155.07233333333,6.28,1.92,md,32,142,0.04296,0.18,hv,hv74604487,2025-01-30T03:11:11.440Z,"13 km SSE of Fern Forest, Hawaii",earthquake,0.48,0.75,0.11956214956939,6,reviewed,hv,hv
2025-01-29T18:01:45.940Z,45.275166666667,-121.6925,8.65,0.26,ml,8,209,0.05549,0.04,uw,uw62064822,2025-01-29T22:54:16.550Z,"2 km NE of Wapanitia, Oregon",earthquake,0.37,0.56,0.097636018668984,4,reviewed,uw,uw
2025-01-29T17:54:37.340Z,34.0128333,-117.207,6,0.97,ml,43,26,0.07121,0.16,ci,ci40173850,2025-01-29T17:58:54.383Z,"5 km SSW of Redlands, CA",earthquake,0.15,0.54,0.264,27,automatic,ci,ci
2025-01-29T17:47:44.240Z,33.7108333,-116.7603333,15.1,0.84,ml,28,70,0.0405,0.13,ci,ci40173834,2025-01-29T20:16:17.543Z,"5 km SW of Idyllwild, CA",earthquake,0.22,0.36,0.083,19,reviewed,ci,ci
2025-01-29T17:41:42.110Z,47.382666666667,-122.78316666667,17.73,0.68,md,6,147,0.172,0.21,uw,uw62064817,2025-01-29T22:45:01.150Z,"3 km E of Allyn, Washington",earthquake,0.92,1.96,0.17611285787008,5,reviewed,uw,uw
2025-01-29T17:37:17.870Z,38.812999725342,-122.78566741943,0.8299999833107,0.92,md,8,75,0.003901,0.01,nc,nc75125271,2025-01-29T17:38:56.732Z,"5 km NNW of The Geysers, CA",earthquake,0.32,0.610000014,0.17,10,automatic,nc,nc
2025-01-29T17:29:01.400Z,47.408,-122.81083333333,19.46,0.54,ml,4,325,0.1405,0.05,uw,uw62064797,2025-01-29T23:21:22.300Z,"2 km NNE of Allyn, Washington",earthquake,1.22,0.85,0.032944195717488,2,reviewed,uw,uw
2025-01-29T17:23:19.750Z,60.087,-153.0765,2.31,-0.26,ml,4,288,0.03044,0.06,av,av93476926,2025-01-30T06:11:45.240Z,"66 km ENE of Pedro Bay, Alaska",earthquake,0.71,0.64,0.25392196717081,4,reviewed,av,av
2025-01-29T17:22:55.512Z,62.119,-145.5922,6.7,1.8,ml,,,,0.98,ak,ak0251c8u9n3,2025-01-29T17:24:31.861Z,"2 km WNW of Glennallen, Alaska",earthquake,,0.3,,,automatic,ak,ak
2025-01-29T17:13:43.840Z,38.827331542969,-122.81199645996,0.98000001907349,1.05,md,12,75,0.004208,0.02,nc,nc75125256,2025-01-29T17:15:21.385Z,"7 km NNW of The Geysers, CA",earthquake,0.25,0.689999998,0.33,14,automatic,nc,nc
2025-01-29T17:00:04.600Z,51.862833333333,-177.899,4.1,1.26,ml,5,187,0.06466,0.14,av,av93476906,2025-01-30T06:02:32.460Z,"87 km W of Adak, Alaska",earthquake,0.66,2.36,0.14362465482668,5,reviewed,av,av
2025-01-29T16:59:43.410Z,34.0675,-117.8436667,10.65,1.43,ml,55,70,0.04995,0.22,ci,ci40173642,2025-01-29T17:03:52.637Z,"4 km S of Charter Oak, CA",earthquake,0.22,0.48,0.217,29,automatic,ci,ci
2025-01-29T16:52:33.809Z,44.3668,-114.6832,17.897,2.8,ml,42,51,0.286,0.64,us,us7000p9vy,2025-01-29T22:14:45.040Z,"25 km WNW of Clayton, Idaho",earthquake,1.29,7.159,0.041,80,reviewed,us,us
2025-01-29T16:45:30.580Z,38.790000915527,-122.76116943359,2.3099999427795,0.54,md,10,77,0.01958,0.02,nc,nc75125246,2025-01-29T16:47:06.248Z,"1 km  of The Geysers, CA",earthquake,0.33,0.970000029,0.19,10,automatic,nc,nc
2025-01-29T16:38:22.530Z,33.8596667,-115.5266667,1.53,1.85,ml,26,71,0.1784,0.18,ci,ci40173498,2025-01-30T01:57:37.725Z,"20 km NW of Desert Center, CA",earthquake,0.24,0.49,0.122,23,reviewed,ci,ci
2025-01-29T16:38:07.350Z,33.8595,-115.5158333,3.46,1.27,ml,16,120,0.1831,0.17,ci,ci37694620,2025-01-30T01:54:05.875Z,"19 km NNW of Desert Center, CA",earthquake,0.31,1.38,0.155,8,reviewed,ci,ci
2025-01-29T16:31:47.359Z,60.9164,-151.1328,62.1,1.7,ml,,,,0.3,ak,ak0251c8aqun,2025-01-29T16:33:47.949Z,"16 km S of Tyonek, Alaska",earthquake,,2,,,automatic,ak,ak
2025-01-29T16:30:50.410Z,18.016166666667,-66.7435,12.59,2.67,md,16,162,0.04586,0.25,pr,pr71471763,2025-01-29T16:50:27.880Z,"2 km E of Magas Arriba, Puerto Rico",earthquake,0.54,0.63,0.033943876902222,6,reviewed,pr,pr
2025-01-29T16:26:35.900Z,33.0488333,-116.4745,9.37,1.08,ml,47,37,0.04165,0.19,ci,ci40173322,2025-01-29T16:30:34.480Z,"12 km ESE of Julian, CA",earthquake,0.19,0.48,0.193,29,automatic,ci,ci
2025-01-29T16:19:03.527Z,53.8989,-163.2054,26.033,4.2,mwr,72,139,1.072,0.71,us,us7000p9vt,2025-01-29T17:59:35.562Z,"107 km S of False Pass, Alaska",earthquake,6.59,5.428,0.08,15,reviewed,us,us
2025-01-29T16:02:51.240Z,51.8615,-177.89483333333,6,2.04,ml,7,143,0.06755,0.12,av,av93031149,2025-01-30T06:05:53.490Z,"86 km W of Adak, Alaska",earthquake,0.42,0.44,0.22556481390848,7,reviewed,av,av
2025-01-29T15:34:01.220Z,38.790832519531,-122.78366851807,3.0699999332428,0.44,md,9,117,0.004064,0.04,nc,nc75125226,2025-01-29T15:35:36.122Z,"3 km NW of The Geysers, CA",earthquake,0.47,1.32000005,0.21,10,automatic,nc,nc
2025-01-29T15:21:17.020Z,46.8345,-121.91883333333,10.86,0.47,ml,20,84,0.02184,0.09,uw,uw62064762,2025-01-29T19:25:08.130Z,"12 km NE of Ashford, Washington",earthquake,0.3,0.36,0.17120298403459,11,reviewed,uw,uw
2025-01-29T15:20:31.488Z,-35.1018,-179.3016,65.763,4.7,mb,29,213,3.124,0.77,us,us7000p9up,2025-01-29T22:44:21.040Z,"east of the North Island of New Zealand",earthquake,11.65,10.144,0.117,22,reviewed,us,us
2025-01-29T15:19:55.210Z,44.771166666667,-110.77433333333,5.36,1.12,ml,15,91,0.05689,0.14,uu,uu80100286,2025-01-29T16:50:10.590Z,"23 km SSW of Mammoth, Wyoming",earthquake,0.39,0.99,0.51303923852823,2,reviewed,uu,uu
2025-01-29T15:19:16.170Z,38.842666625977,-122.83183288574,1.289999961853,0.8,md,13,112,0.004972,0.04,nc,nc75125221,2025-01-29T15:20:52.017Z,"10 km WNW of Cobb, CA",earthquake,0.29,0.400000006,0.39,13,automatic,nc,nc
2025-01-29T15:13:49.290Z,36.608501434326,-121.20899963379,5.0300002098083,1.52,md,16,150,0.04135,0.07,nc,nc75125216,2025-01-29T15:15:27.103Z,"10 km NNW of Pinnacles, CA",earthquake,0.43,0.910000026,0.34,15,automatic,nc,nc
2025-01-29T15:10:11.670Z,38.810001373291,-122.82433319092,1.710000038147,0.75,md,12,65,0.003951,0.04,nc,nc75125211,2025-01-29T15:11:47.058Z,"7 km NW of The Geysers, CA",earthquake,0.44,0.699999988,0.12,12,automatic,nc,nc
2025-01-29T14:56:42.300Z,61.269666666667,-152.253,1.24,0.36,ml,7,194,0.04754,0.06,av,av93476726,2025-01-30T04:06:45.790Z,"64 km WNW of Tyonek, Alaska",earthquake,0.38,0.98,0.16339172666424,7,reviewed,av,av
2025-01-29T14:53:41.490Z,35.246,-118.5245,7.01,2.22,ml,52,34,0.09615,0.12,ci,ci40173050,2025-01-30T06:17:52.361Z,"14 km NNW of Tehachapi, CA",earthquake,0.12,0.53,0.223,25,reviewed,ci,ci
2025-01-29T14:53:33.930Z,61.2605,-152.24716666667,2.74,-0.21,ml,4,174,0.04482,0.04,av,av93476716,2025-01-30T03:55:42.080Z,"63 km WNW of Tyonek, Alaska",earthquake,0.36,0.85,0.33894714159383,5,reviewed,av,av
2025-01-29T14:49:24.400Z,43.7265,-121.226,0.88,0.33,ml,9,133,0.006879,0.17,uw,uw62064757,2025-01-29T18:22:48.390Z,"22 km ESE of Three Rivers, Oregon",earthquake,0.63,0.29,0.10917241808558,4,reviewed,uw,uw
2025-01-29T14:42:28.480Z,38.823333740234,-122.84317016602,2.289999961853,0.31,md,10,109,0.006362,0.01,nc,nc75125201,2025-01-29T14:44:06.356Z,"9 km NW of The Geysers, CA",earthquake,0.37,0.639999986,0.17,12,automatic,nc,nc
2025-01-29T14:41:44.240Z,46.8545,-121.60216666667,5.18,0.9,ml,25,163,0.02811,0.12,uw,uw62064752,2025-01-29T19:11:10.050Z,"28 km N of Packwood, Washington",earthquake,0.31,0.51,0.16927709955065,16,reviewed,uw,uw
2025-01-29T14:26:17.350Z,33.779,-116.9231667,11.82,0.7,ml,26,53,0.09168,0.16,ci,ci40173018,2025-01-29T15:05:02.930Z,"3 km E of San Jacinto, CA",earthquake,0.25,0.52,0.124,11,reviewed,ci,ci
2025-01-29T14:15:14.920Z,38.786834716797,-122.77466583252,3.6199998855591,1.07,md,12,84,0.01754,0.01,nc,nc75125186,2025-01-29T14:16:51.210Z,"2 km NW of The Geysers, CA",earthquake,0.3,0.769999981,0.14,12,automatic,nc,nc
2025-01-29T14:13:23.380Z,46.909,-121.95016666667,4.36,1.99,ml,60,72,0.007141,0.13,uw,uw62064737,2025-01-29T18:59:38.430Z,"17 km NNE of Ashford, Washington",earthquake,0.14,0.23,0.21252270367107,42,reviewed,uw,uw
2025-01-29T14:12:27.470Z,38.846500396729,-122.76999664307,1.0499999523163,1.04,md,12,160,0.006336,0.03,nc,nc75125181,2025-01-29T14:14:06.211Z,"5 km NW of Cobb, CA",earthquake,0.34,0.419999987,0.1,13,automatic,nc,nc
2025-01-29T14:08:56.637Z,51.6801,-173.5148,26.3,3.6,ml,,,,1.39,ak,ak0251c6z2bk,2025-01-29T17:53:30.181Z,"74 km SE of Atka, Alaska",earthquake,,2.2,,,reviewed,ak,ak
2025-01-29T14:08:07.390Z,44.777666666667,-110.78233333333,4.94,0.16,md,11,183,0.0497,0.12,uu,uu80100281,2025-01-29T15:17:10.580Z,"23 km SSW of Mammoth, Wyoming",earthquake,0.95,0.72,0.26709907149947,7,reviewed,uu,uu
2025-01-29T14:04:25.190Z,19.405834197998,-155.23783874512,26.670000076294,1.95,ml,57,44,0.009228,0.150000006,hv,hv74604342,2025-01-29T14:07:40.960Z,"4 km S of Volcano, Hawaii",earthquake,0.31,0.469999999,1.03,3,automatic,hv,hv
2025-01-29T14:03:54.200Z,44.7705,-110.77516666667,4.72,0.63,md,13,178,0.05654,0.11,uu,uu80100276,2025-01-29T15:39:59.430Z,"23 km SSW of Mammoth, Wyoming",earthquake,0.53,0.41,0.40186993951059,11,reviewed,uu,uu
2025-01-29T13:53:36.056Z,47.8167,-128.2878,10,4.2,mwr,116,163,2.184,0.59,us,us7000p9ue,2025-01-30T14:03:44.066Z,"230 km SW of Tofino, Canada",earthquake,8.76,1.986,0.065,23,reviewed,us,us
2025-01-29T13:43:10.440Z,38.795665740967,-122.75333404541,1.7999999523163,0.48,md,9,91,0.007026,0.05,nc,nc75125176,2025-01-29T13:44:46.956Z,"2 km NNE of The Geysers, CA",earthquake,0.45,0.75999999,0.27,10,automatic,nc,nc
2025-01-29T13:40:25.970Z,38.796501159668,-122.74716949463,1.2599999904633,1.57,md,29,96,0.01063,0.05,nc,nc75125171,2025-01-29T13:43:26.460Z,"2 km NNE of The Geysers, CA",earthquake,0.22,0.310000002,0.2,30,automatic,nc,nc
2025-01-29T13:34:46.070Z,60.048333333333,-153.08483333333,-0.07,-0.49,ml,5,118,0.01398,0.04,av,av93476636,2025-01-30T03:49:35.270Z,"64 km ENE of Pedro Bay, Alaska",earthquake,0.25,0.55,0.30780585499305,5,reviewed,av,av
2025-01-29T13:30:15.740Z,33.5063333,-116.4471667,6.8,0.74,ml,28,72,0.1056,0.14,ci,ci40172850,2025-01-29T15:00:36.091Z,"22 km SW of La Quinta, CA",earthquake,0.18,0.49,0.192,19,reviewed,ci,ci
2025-01-29T13:28:31.700Z,61.269166666667,-152.2515,0.72,-0.47,ml,5,193,0.04677,0.05,av,av93031144,2025-01-30T03:45:44.090Z,"64 km WNW of Tyonek, Alaska",earthquake,0.33,1.25,0.18243723246056,6,reviewed,av,av
2025-01-29T13:28:05.630Z,61.268333333333,-152.25616666667,1.89,-0.42,ml,4,192,0.04897,0.02,av,av93031134,2025-01-30T03:35:51.210Z,"64 km WNW of Tyonek, Alaska",earthquake,0.34,1.05,0.11927696378156,5,reviewed,av,av
2025-01-29T13:27:40.730Z,32.9233333,-115.5393333,7.14,1.28,ml,21,95,0.02826,0.24,ci,ci40172842,2025-01-29T13:31:14.098Z,"6 km S of Brawley, CA",earthquake,0.4,0.63,0.248,20,automatic,ci,ci
2025-01-29T13:26:08.620Z,61.266333333333,-152.25716666667,-1.14,-0.7,ml,5,188,0.04938,0.14,av,av93031129,2025-01-30T03:25:08.260Z,"64 km WNW of Tyonek, Alaska",earthquake,0.47,4.84,0.23344048241087,5,reviewed,av,av
2025-01-29T13:16:51.220Z,38.791500091553,-122.77700042725,1.2200000286102,1.49,md,31,79,0.008695,0.04,nc,nc75125166,2025-01-29T13:19:46.990Z,"2 km NW of The Geysers, CA",earthquake,0.2,0.340000004,0.17,30,automatic,nc,nc
2025-01-29T13:13:12.400Z,37.492500305176,-118.86000061035,2.829999923706,1.11,md,10,206,0.1004,0.02,nc,nc75125161,2025-01-29T13:14:51.821Z,"18 km WSW of Toms Place, CA",earthquake,0.76,3.79999995,0.1,10,automatic,nc,nc
2025-01-29T13:07:43.450Z,38.780834197998,-122.75749969482,1.0599999427795,1.54,md,23,65,0.01198,0.04,nc,nc75125156,2025-01-29T13:15:41.965Z,"0 km  of The Geysers, CA",earthquake,0.24,0.370000005,0.16,23,automatic,nc,nc
2025-01-29T13:07:12.400Z,36.4895,-98.734,8.14,2.03,ml,86,72,0.02069593875,0.19,ok,ok2025caeb,2025-01-29T13:17:40.861Z,"16 km SE of Waynoka, Oklahoma",earthquake,,0.4,0.19,37,reviewed,ok,ok
2025-01-29T13:05:55.680Z,44.660833333333,-112.54416666667,6.17,1.41,ml,14,66,0.08354,0.16,mb,mb90071888,2025-01-29T17:37:14.570Z,"4 km NE of Lima, Montana",earthquake,0.42,1.15,0.19475964139099,20,reviewed,mb,mb
2025-01-29T13:04:06.456Z,36.8585,-116.0214,11.2,-0.4,ml,8,137.99,0.052,0.0477,nn,nn00892690,2025-01-29T16:09:05.052Z,"44 km NW of Indian Springs, Nevada",earthquake,,2.5,0.09,3,reviewed,nn,nn
2025-01-29T12:59:50.857Z,60.7666,-151.0967,11.1,1.8,ml,,,,0.86,ak,ak0251c630r1,2025-01-29T13:01:39.686Z,"13 km NE of Nikiski, Alaska",earthquake,,0.3,,,automatic,ak,ak
2025-01-29T12:57:59.710Z,33.5021667,-116.5031667,12.71,0.77,ml,39,58,0.08309,0.17,ci,ci40172714,2025-01-29T15:05:06.980Z,"17 km ESE of Anza, CA",earthquake,0.18,0.43,0.188,25,reviewed,ci,ci
2025-01-29T12:55:40.269Z,58.3319,-152.4134,39.2,2.4,ml,,,,0.17,ak,ak0251c6252i,2025-01-29T13:21:53.040Z,"42 km NE of Aleneva, Alaska",earthquake,,1,,,automatic,ak,ak
2025-01-29T12:54:31.800Z,61.268,-152.2565,1.84,-0.77,ml,5,190,0.04911,0.07,av,av93031124,2025-01-30T03:16:56.830Z,"64 km WNW of Tyonek, Alaska",earthquake,0.38,1.17,0.19388651612429,5,reviewed,av,av
2025-01-29T12:53:32.870Z,38.818668365479,-122.82399749756,1.8500000238419,0.27,md,9,98,0.01059,0.02,nc,nc75125146,2025-01-29T12:55:10.257Z,"7 km NW of The Geysers, CA",earthquake,0.36,1.07000005,0.09,9,automatic,nc,nc
2025-01-29T12:53:03.840Z,38.797668457031,-122.78283691406,3.4000000953674,0.75,md,13,70,0.005988,0.03,nc,nc75125141,2025-01-29T12:54:40.466Z,"3 km NW of The Geysers, CA",earthquake,0.44,0.819999993,0.18,12,automatic,nc,nc
2025-01-29T12:41:36.720Z,38.824501037598,-122.80699920654,2.4800000190735,1.09,md,29,36,0.002644,0.02,nc,nc75125136,2025-01-29T12:43:11.672Z,"7 km NNW of The Geysers, CA",earthquake,0.2,0.379999995,0.13,29,automatic,nc,nc
2025-01-29T12:38:08.416Z,31.612,-104.534,7.8943,1.8,ml,23,72,0.1,0.2,tx,tx2025cadc,2025-01-29T18:42:39.566Z,"64 km SSW of Whites City, New Mexico",earthquake,1.4476917401796,0.88323787481261,0.2,19,reviewed,tx,tx
2025-01-29T12:29:41.077Z,-3.1574,100.1952,28.229,4.5,mb,40,129,2.691,0.89,us,us7000p9u5,2025-01-29T13:18:07.040Z,"141 km SSE of Tuapejat, Indonesia",earthquake,8.05,5.123,0.106,26,reviewed,us,us
2025-01-29T12:25:56.220Z,33.3586667,-116.6785,12.74,0.83,ml,54,29,0.09818,0.2,ci,ci40172698,2025-01-29T15:05:09.800Z,"10 km NNW of Warner Springs, CA",earthquake,0.17,0.47,0.136,26,reviewed,ci,ci
2025-01-29T12:17:15.750Z,18.202666666667,-64.3785,13.46,3.29,md,4,339,0.569,0.25,pr,pr71471758,2025-01-29T16:14:57.960Z,"46 km ESE of Cruz Bay, U.S. Virgin Islands",earthquake,7.29,7.18,0.075077272688904,3,reviewed,pr,pr
2025-01-29T12:14:35.980Z,38.838665008545,-122.82350158691,1.710000038147,0.98,md,19,84,0.009361,0.01,nc,nc75125126,2025-01-29T12:16:10.134Z,"9 km WNW of Cobb, CA",earthquake,0.22,0.419999987,0.26,19,automatic,nc,nc
2025-01-29T12:12:47.937Z,60.1755,-147.9495,34.5,2,ml,,,,0.68,ak,ak0251c5sxvd,2025-01-29T12:14:48.219Z,"12 km NNE of Chenega, Alaska",earthquake,,3,,,automatic,ak,ak
2025-01-29T12:12:02.330Z,34.2073333,-117.498,4.91,0.85,ml,35,30,0.001435,0.2,ci,ci40172682,2025-01-29T12:17:09.090Z,"6 km S of Lytle Creek, CA",earthquake,0.23,0.39,0.19,29,automatic,ci,ci
2025-01-29T12:11:26.720Z,38.838165283203,-122.82316589356,1.6799999475479,1.3,md,22,63,0.009632,0.02,nc,nc75125121,2025-01-29T12:13:05.058Z,"9 km WNW of Cobb, CA",earthquake,0.2,0.409999996,0.12,23,automatic,nc,nc
2025-01-29T12:06:15.044Z,56.5933,-155.0322,0,2.9,ml,,,,0.69,ak,ak0251c5rl1c,2025-01-29T12:22:46.040Z,"65 km SW of Akhiok, Alaska",earthquake,,0.4,,,automatic,ak,ak
2025-01-29T12:03:34.656Z,32.932,-100.902,5.6885,2.2,ml,16,74,0,0.1,tx,tx2025caca,2025-01-29T18:22:11.448Z,"23 km N of Snyder, Texas",earthquake,0.61801469177444,0.83800271705516,0.2,10,reviewed,tx,tx
2025-01-29T12:02:58.020Z,19.176000595093,-155.48916625977,32.29999923706,1.91999996,md,62,142,0.03276,0.159999996,hv,hv74604277,2025-01-29T12:17:56.040Z,"3 km SSW of Pāhala, Hawaii",earthquake,0.44,0.600000024,0.0799999982,4,automatic,hv,hv
2025-01-29T12:02:14.470Z,19.056667327881,-155.34683227539,30.940000534058,2.53,ml,25,265,0.1467,0.189999998,hv,hv74604272,2025-01-29T12:18:43.040Z,"21 km SE of Pāhala, Hawaii",earthquake,1.05,1.42999995,1.05,4,automatic,hv,hv
2025-01-29T12:01:07.830Z,39.588166666667,-111.1565,5.74,1.86,ml,25,59,0.06351,0.15,uu,uu80100271,2025-01-29T15:44:35.280Z,"6 km S of Clear Creek, Utah",earthquake,0.37,1.3,0.12241817902182,9,reviewed,uu,uu
2025-01-29T11:47:10.660Z,38.815334320068,-122.78616333008,2.2400000095367,0.63,md,12,75,0.004755,0.02,nc,nc75125116,2025-01-29T11:48:46.397Z,"5 km NNW of The Geysers, CA",earthquake,0.44,0.649999976,0.2,13,automatic,nc,nc
2025-01-29T11:45:03.090Z,33.1353333,-116.0838333,10.08,1.04,ml,45,39,0.07339,0.22,ci,ci40172522,2025-01-29T11:49:41.412Z,"4 km E of Ocotillo Wells, CA",earthquake,0.21,0.53,0.219,28,automatic,ci,ci
2025-01-29T11:37:51.370Z,34.2161667,-117.4625,6.09,0.88,ml,45,51,0.02425,0.19,ci,ci40172362,2025-01-29T11:43:05.640Z,"6 km W of Devore, CA",earthquake,0.2,0.31,0.163,29,automatic,ci,ci
2025-01-29T11:33:19.369Z,4.3407,125.7114,165.232,4.2,mb,34,110,0.453,0.81,us,us7000p9tu,2025-01-29T12:54:25.040Z,"120 km SSE of Sarangani, Philippines",earthquake,9.38,6.242,0.108,24,reviewed,us,us
2025-01-29T11:28:46.223Z,31.643,-104.526,6.8433,1.4,ml,37,73,0,0.3,tx,tx2025caau,2025-01-30T12:02:07.909Z,"60 km SSW of Whites City, New Mexico",earthquake,1.2003779048721,0.86477690879194,0.1,22,reviewed,tx,tx
2025-01-29T11:27:20.856Z,64.4843,-146.8617,9.7,1.5,ml,,,,0.61,ak,ak0251c5anx1,2025-01-29T11:29:24.091Z,"4 km SSE of Salcha, Alaska",earthquake,,0.2,,,automatic,ak,ak
2025-01-29T11:15:45.689Z,32.932,-100.904,5.6396,1.5,ml,14,74,0,0.1,tx,tx2025caak,2025-01-29T18:30:37.493Z,"23 km N of Snyder, Texas",earthquake,0.64209680174038,0.82618657714334,0.1,10,reviewed,tx,tx
2025-01-29T11:09:30.743Z,62.9716,-148.0391,0,1.7,ml,,,,1.01,ak,ak0251c56tsi,2025-01-29T11:11:48.249Z,"65 km SE of Cantwell, Alaska",earthquake,,0.4,,,automatic,ak,ak
2025-01-29T10:58:03.862Z,63.6325,-152.1645,9.7,3,ml,,,,0.78,ak,ak0251c4vu76,2025-01-30T04:52:32.595Z,"24 km WNW of Denali National Park, Alaska",earthquake,,0.2,,,automatic,ak,ak
2025-01-29T10:38:27.585Z,62.9493,-147.9807,0,2,ml,,,,0.94,ak,ak0251c4rlpi,2025-01-29T10:40:33.321Z,"69 km SE of Cantwell, Alaska",earthquake,,0.4,,,automatic,ak,ak
2025-01-29T10:35:43.200Z,38.817,-122.79366666667,2.29,0.46,md,26,55,0.009109,0.02,nc,nc75125106,2025-01-30T09:26:08.746Z,"5 km NNW of The Geysers, CA",earthquake,0.18,0.49,0.131,24,reviewed,nc,nc
2025-01-29T10:32:41.405Z,31.716,-104.294,6.0999,1.8,ml,22,62,0.1,0.1,tx,tx2025bzyy,2025-01-29T17:02:03.958Z,"51 km S of Whites City, New Mexico",earthquake,0.73140518896577,0.6730784724893,0.1,12,reviewed,tx,tx
2025-01-29T10:31:25.730Z,44.765333333333,-110.78066666667,4.55,0.49,md,13,88,0.05479,0.09,uu,uu80100266,2025-01-29T16:09:37.060Z,"24 km SSW of Mammoth, Wyoming",earthquake,0.35,0.53,0.1359141541137,9,reviewed,uu,uu
2025-01-29T10:13:38.550Z,33.5278333,-116.5163333,12.67,0.58,ml,27,55,0.07898,0.14,ci,ci40172202,2025-01-29T15:01:38.398Z,"15 km ESE of Anza, CA",earthquake,0.21,0.44,0.165,14,reviewed,ci,ci
2025-01-29T10:13:15.479Z,32.931,-100.912,7.0557,3.1,ml,27,74,0,0.2,tx,tx2025bzyi,2025-01-30T03:45:08.956Z,"23 km N of Snyder, Texas",earthquake,0.77091095280052,0.82216314952271,0.1,21,reviewed,tx,tx
2025-01-29T10:13:15.040Z,35.711,-90.308,10.69,1.38,md,16,100,0.02756,0.07,nm,nm60597531,2025-01-29T15:14:41.330Z,"5 km SSE of Caraway, Arkansas",earthquake,0.68,0.57,0.0097889146901623,8,reviewed,nm,nm
2025-01-29T10:12:25.868Z,41.9276,-119.5818,1.5,1.2,ml,4,213.74,0.537,0.0728,nn,nn00892703,2025-01-29T18:30:23.068Z,"47 km E of Fort Bidwell, California",earthquake,,6.3,0.33,3,reviewed,nn,nn
2025-01-29T10:04:39.700Z,35.1315,-98.082,10.62,0.99,ml,69,54,0.0863830487,0.32,ok,ok2025bzya,2025-01-30T14:08:28.999Z,"5 km N of Verden, Oklahoma",earthquake,,1.3,0.26,31,reviewed,ok,ok
2025-01-29T09:54:00.810Z,38.783666666667,-122.72066666667,1.98,0.71,md,13,79,0.009142,0.01,nc,nc75125091,2025-01-30T09:20:36.636Z,"3 km WNW of Anderson Springs, CA",earthquake,0.3,0.72,0.094,7,reviewed,nc,nc
2025-01-29T09:52:43.509Z,41.9176,-119.5758,2.4,2.9,ml,5,121.81,0.542,0.1339,nn,nn00892685,2025-01-29T17:16:56.119Z,"48 km E of Fort Bidwell, California",earthquake,,3.6,0.22,4,reviewed,nn,nn
2025-01-29T09:48:28.760Z,61.4062,-150.9091,53,1.9,ml,,,,0.25,ak,ak0251c48bcs,2025-01-29T09:50:12.596Z,"26 km SW of Susitna, Alaska",earthquake,,0.9,,,automatic,ak,ak
2025-01-29T09:48:10.150Z,38.7935,-122.735,1.05,0.35,md,6,178,0.01034,0.02,nc,nc75125081,2025-01-30T10:09:22.920Z,"3 km ENE of The Geysers, CA",earthquake,0.33,0.57,0.095,6,reviewed,nc,nc
2025-01-29T09:37:05.214Z,59.4586,-152.8945,109.3,1.8,ml,,,,0.52,ak,ak0251c45wnt,2025-01-29T09:39:04.134Z,"56 km W of Nanwalek, Alaska",earthquake,,0.7,,,automatic,ak,ak
2025-01-29T09:33:01.342Z,31.606,-104.557,6.9458,1.9,ml,28,76,0.1,0.2,tx,tx2025bzwz,2025-01-29T17:52:23.263Z,"65 km SSW of Whites City, New Mexico",earthquake,2.3425082316139,1.3067842124628,0.1,15,reviewed,tx,tx
2025-01-29T09:21:48.592Z,31.613,-104.528,7.2534,2.6,ml,33,83,0.1,0.2,tx,tx2025bzwr,2025-01-29T10:42:48.007Z,"64 km SSW of Whites City, New Mexico",earthquake,0.84366638435263,0.81740794430387,0.1,19,reviewed,tx,tx
2025-01-29T09:21:31.816Z,41.9266,-119.5782,0.6,1.6,ml,4,214.02,0.54,0.0782,nn,nn00892702,2025-01-29T18:27:18.457Z,"48 km E of Fort Bidwell, California",earthquake,,2.9,0.06,2,reviewed,nn,nn
2025-01-29T09:07:52.370Z,33.4705,-116.8966667,12.65,2.02,ml,104,18,0.01669,0.23,ci,ci40172042,2025-01-29T15:05:13.840Z,"4 km NW of Aguanga, CA",earthquake,0.13,0.38,0.192,25,reviewed,ci,ci
2025-01-29T09:05:06.430Z,33.1933333,-115.9985,7.1,0.99,ml,40,73,0.02636,0.21,ci,ci40171882,2025-01-29T09:09:59.155Z,"12 km SSW of Salton City, CA",earthquake,0.24,0.45,0.225,17,automatic,ci,ci
2025-01-29T09:00:36.358Z,36.7964,-115.8329,11.3,0.1,ml,15,253.38,0.088,0.0661,nn,nn00892684,2025-01-29T16:02:56.033Z,"29 km NNW of Indian Springs, Nevada",earthquake,,3,0.22,5,reviewed,nn,nn
2025-01-29T08:59:11.581Z,41.9272,-119.573,0.4,2.3,ml,4,142.8,0.544,0.0648,nn,nn00892696,2025-01-29T17:50:33.313Z,"48 km E of Fort Bidwell, California",earthquake,,3.1,0.17,3,reviewed,nn,nn
2025-01-29T08:55:25.186Z,36.8848,-115.9824,8.5,0,ml,12,149.43,0.02,0.119,nn,nn00892688,2025-01-29T15:59:48.800Z,"44 km NW of Indian Springs, Nevada",earthquake,,2.1,0.33,4,reviewed,nn,nn
2025-01-29T08:54:05.449Z,57.0749,-155.0292,17,3,ml,,,,0.94,ak,ak0251c3o4bx,2025-01-29T08:57:11.841Z,"54 km WNW of Akhiok, Alaska",earthquake,,0.5,,,automatic,ak,ak
2025-01-29T08:37:06.840Z,38.806999206543,-122.7928314209,0.70999997854233,1.63,md,10,71,0.00216,0.01,nc,nc75125061,2025-01-29T08:38:44.818Z,"5 km NNW of The Geysers, CA",earthquake,0.35,0.479999989,0.1,11,automatic,nc,nc
2025-01-29T08:35:18.413Z,41.949,-119.5848,0.3,1.7,ml,4,210.19,0.536,0.0839,nn,nn00892701,2025-01-29T18:21:10.761Z,"48 km ENE of Fort Bidwell, California",earthquake,,4.4,0.18,3,reviewed,nn,nn
2025-01-29T08:32:32.192Z,63.321,-149.8549,93.7,2.2,ml,,,,0.68,ak,ak0251c3jgk3,2025-01-29T09:24:00.040Z,"45 km W of Cantwell, Alaska",earthquake,,0.9,,,automatic,ak,ak
2025-01-29T08:32:20.940Z,60.015833333333,-153.077,3.65,-0.55,ml,4,149,0.02939,0.05,av,av93476176,2025-01-30T02:10:07.390Z,"62 km ENE of Pedro Bay, Alaska",earthquake,0.43,1.19,0.20073086702899,4,reviewed,av,av
2025-01-29T08:31:58.770Z,38.817665100098,-122.76083374023,1.8600000143051,0.69,md,8,176,0.01462,0.02,nc,nc75125056,2025-01-29T08:33:34.855Z,"3 km W of Cobb, CA",earthquake,0.57,1.02999997,0.13,9,automatic,nc,nc
2025-01-29T08:31:41.200Z,61.362833333333,-152.1885,11.27,-0.22,ml,4,309,0.09901,0.19,av,av93031114,2025-01-30T02:32:09.870Z,"64 km WNW of Beluga, Alaska",earthquake,1.72,2.56,0.11329294773842,3,reviewed,av,av
2025-01-29T08:24:40.648Z,41.9295,-119.5763,0.3,1.6,ml,5,213.61,0.542,0.1219,nn,nn00892700,2025-01-29T18:15:02.950Z,"48 km E of Fort Bidwell, California",earthquake,,2.4,0.25,3,reviewed,nn,nn
2025-01-29T08:23:03.998Z,64.9801,-147.3707,3.6,1.3,ml,,,,0.58,ak,ak0251c3hgxr,2025-01-29T08:29:52.340Z,"11 km ENE of Fox, Alaska",earthquake,,0.4,,,automatic,ak,ak
2025-01-29T08:21:12.005Z,39.1468,-119.0586,1.9,1.2,ml,15,80.21,0.009,0.1474,nn,nn00892681,2025-01-29T20:11:28.184Z,"20 km NNE of Yerington, Nevada",earthquake,,0.7,0.22,8,reviewed,nn,nn
2025-01-29T08:15:33.545Z,43.0656,-70.5681,9.848,2,ml,15,137,0.855,0.29,us,us7000p9sz,2025-01-30T14:31:05.584Z,"10 km SE of York Harbor, Maine",earthquake,2.28,5.181,0.097,14,reviewed,us,us
2025-01-29T08:05:51.813Z,37.3729,-117.1328,7.5,0.9,ml,11,143.78,0.125,0.1554,nn,nn00892680,2025-01-29T19:56:06.958Z,"38 km SSE of Goldfield, Nevada",earthquake,,2.7,0.28,4,reviewed,nn,nn
2025-01-29T08:00:42.808Z,64.7599,-147.7855,17,0.9,ml,,,,0.7,ak,ak0251c3cmgo,2025-01-29T08:02:36.889Z,"5 km S of South Van Horn, Alaska",earthquake,,0.2,,,automatic,ak,ak
2025-01-29T07:55:11.500Z,59.358,-153.44216666667,-0.38,0.75,ml,5,146,0.004794,0.06,av,av93476141,2025-01-29T22:07:21.120Z,"60 km SE of Pedro Bay, Alaska",earthquake,0.16,0.17,0.19795696915518,5,reviewed,av,av
2025-01-29T07:51:20.188Z,41.945,-119.5802,0,1.3,ml,5,211,0.54,0.1183,nn,nn00892699,2025-01-29T18:08:55.209Z,"48 km E of Fort Bidwell, California",earthquake,,5.3,0.31,3,reviewed,nn,nn
2025-01-29T07:49:17.570Z,44.764666666667,-110.77333333333,7.87,0.55,md,15,89,0.05984,0.12,uu,uu80100261,2025-01-29T16:14:05.200Z,"24 km SSW of Mammoth, Wyoming",earthquake,0.38,0.59,0.31272689708267,11,reviewed,uu,uu
2025-01-29T07:43:19.720Z,34.442,-117.9216667,10.73,1.31,ml,24,57,0.02873,0.15,ci,ci40171738,2025-01-29T15:02:02.401Z,"7 km S of Pearblossom, CA",earthquake,0.23,0.29,0.516,21,reviewed,ci,ci
2025-01-29T07:42:52.513Z,60.1606,-152.0047,49.1,2.1,ml,,,,0.62,ak,ak0251c307oj,2025-01-29T07:45:21.169Z,"22 km WNW of Ninilchik, Alaska",earthquake,,0.8,,,automatic,ak,ak
2025-01-29T07:39:35.670Z,35.6653328,-117.5080032,6.08,2.21,ml,39,37,0.06864,0.14,ci,ci40171730,2025-01-29T07:50:43.840Z,"15 km SW of Searles Valley, CA",earthquake,0.22,0.77,0.388,22,automatic,ci,ci
2025-01-29T07:38:45.660Z,33.1365,-116.2688333,10.84,0.42,ml,29,65,0.0574,0.18,ci,ci40171722,2025-01-29T07:43:12.107Z,"13 km W of Ocotillo Wells, CA",earthquake,0.25,0.44,0.05,6,automatic,ci,ci
2025-01-29T07:27:47.640Z,46.533833333333,-121.7655,5.14,0.94,ml,41,91,0.1573,0.13,uw,uw62064682,2025-01-29T22:08:58.610Z,"10 km SW of Packwood, Washington",earthquake,0.23,1.24,0.12026055551781,25,reviewed,uw,uw
2025-01-29T07:26:32.610Z,38.828333333333,-122.7845,1.43,0.38,md,20,65,0.01105,0.04,nc,nc75125041,2025-01-29T08:27:37.357Z,"5 km WNW of Cobb, CA",earthquake,0.26,0.45,0.215,19,reviewed,nc,nc
2025-01-29T07:08:31.330Z,33.885,-116.8906667,10.75,1.74,ml,85,20,0.08313,0.18,ci,ci40171594,2025-01-29T07:19:33.560Z,"5 km SSW of Banning, CA",earthquake,0.12,0.25,0.185,27,automatic,ci,ci
2025-01-29T07:02:59.480Z,38.803665161133,-122.79516601562,3.2599999904633,1.06,md,18,59,0.004298,0.01,nc,nc75125031,2025-01-29T07:04:35.138Z,"4 km NW of The Geysers, CA",earthquake,0.31,0.5,0.23,20,automatic,nc,nc
2025-01-29T07:02:26.597Z,31.622,-104.517,6.2024,2.1,ml,18,70,0,0.2,tx,tx2025bzsa,2025-01-29T18:23:45.458Z,"62 km SSW of Whites City, New Mexico",earthquake,2.0991483108499,0.91788580996054,0.2,11,reviewed,tx,tx
2025-01-29T07:01:33.360Z,53.939,-166.5835,10.13,0.4,ml,8,216,0.06464,0.2,av,av93476061,2025-01-30T01:50:44.440Z,"6 km NNW of Dutch Harbor, Alaska",earthquake,0.74,0.94,0.13076704374745,8,reviewed,av,av
2025-01-29T06:55:05.710Z,35.0898333,-119.091,12.28,1.76,ml,47,76,0.03172,0.24,ci,ci40171586,2025-01-29T07:05:45.080Z,"22 km NW of Grapevine, CA",earthquake,0.25,0.67,0.124,27,automatic,ci,ci
2025-01-29T06:52:42.700Z,38.791332244873,-122.78067016602,2.0199999809265,0.73,md,7,111,0.005957,0.04,nc,nc75125021,2025-01-29T06:54:20.648Z,"3 km NW of The Geysers, CA",earthquake,0.49,1.10000002,0.32,8,automatic,nc,nc
2025-01-29T06:50:34.460Z,38.791831970215,-122.77666473389,1.4400000572205,1.27,md,25,79,0.008896,0.03,nc,nc75125016,2025-01-29T06:52:11.048Z,"2 km NW of The Geysers, CA",earthquake,0.2,0.349999994,0.16,26,automatic,nc,nc
2025-01-29T06:45:26.740Z,32.777,-115.433,11.98,1.32,ml,22,102,0.03054,0.28,ci,ci40171578,2025-01-29T23:46:54.877Z,"6 km SW of Holtville, CA",earthquake,0.54,0.48,0.199,12,reviewed,ci,ci
2025-01-29T06:39:17.580Z,33.0778333,-116.0393333,7.6,0.78,ml,36,37,0.1085,0.19,ci,ci40171570,2025-01-29T06:44:05.671Z,"11 km SE of Ocotillo Wells, CA",earthquake,0.22,0.73,0.189,11,automatic,ci,ci
2025-01-29T06:36:46.310Z,44.717166666667,-112.4825,7,1.43,ml,14,59,0.1389,0.1,mb,mb90071873,2025-01-29T17:47:27.300Z,"12 km NE of Lima, Montana",earthquake,0.24,1.16,0.18027046749486,23,reviewed,mb,mb
2025-01-29T06:25:16.670Z,35.2298333,-119.8308333,0.77,1.31,ml,26,61,0.032,0.19,ci,ci40171562,2025-01-29T06:29:12.134Z,"20 km SE of Simmler, CA",earthquake,0.23,0.45,0.236,22,automatic,ci,ci
2025-01-29T06:22:45.200Z,48.0125,-124.59283333333,29.29,1.8,ml,27,192,0.06746,0.19,uw,uw62064672,2025-01-30T05:44:53.912Z,"16 km WNW of Forks, Washington",earthquake,0.53,0.65,0.21125337441385,20,reviewed,uw,uw
2025-01-29T06:15:51.160Z,35.6428333,-117.4661667,5.61,0.89,ml,22,76,0.04111,0.14,ci,ci40171402,2025-01-29T15:02:56.408Z,"15 km SSW of Searles Valley, CA",earthquake,0.24,0.49,0.207,13,reviewed,ci,ci
2025-01-29T06:13:21.461Z,61.6138,-150.7122,60.7,1.5,ml,,,,0.4,ak,ak0251c28hwy,2025-01-29T06:14:53.707Z,"13 km NW of Susitna, Alaska",earthquake,,1.2,,,automatic,ak,ak
2025-01-29T06:11:54.994Z,62.1266,-145.4055,28.7,1.7,ml,,,,0.82,ak,ak0251c2852j,2025-01-29T06:13:32.310Z,"7 km ENE of Glennallen, Alaska",earthquake,,0.2,,,automatic,ak,ak
2025-01-29T06:08:55.920Z,36.47516667,-98.74,7.69,0.52,ml,23,82,0.03509311353,0.21,ok,ok2025bzqg,2025-01-30T14:14:47.457Z,"17 km SE of Waynoka, Oklahoma",earthquake,,0.4,0.34,7,reviewed,ok,ok
2025-01-29T06:00:39.470Z,38.793833333333,-122.77683333333,1.69,0.27,md,9,96,0.008687,0.01,nc,nc75125001,2025-01-29T08:23:36.081Z,"3 km NNW of The Geysers, CA",earthquake,0.35,0.58,0.057,8,reviewed,nc,nc
2025-01-29T06:00:16.070Z,38.791667938232,-122.7748336792,1.4700000286102,1.78,md,31,77,0.01034,0.05,nc,nc75124996,2025-01-29T06:03:20.680Z,"2 km NNW of The Geysers, CA",earthquake,0.21,0.289999992,0.18,34,automatic,nc,nc
2025-01-29T05:59:14.080Z,38.831001281738,-122.81566619873,2.2699999809265,0.82,md,10,61,0.008762,0.01,nc,nc75124991,2025-01-29T06:00:50.096Z,"8 km NNW of The Geysers, CA",earthquake,0.42,1.48000002,0.2,9,automatic,nc,nc
2025-01-29T05:52:28.740Z,61.3085,-152.285,0.24,-0.49,ml,5,263,0.06505,0.08,av,av93031094,2025-01-30T00:54:42.760Z,"67 km WNW of Beluga, Alaska",earthquake,0.61,2.56,0.067275183632745,5,reviewed,av,av
2025-01-29T05:52:21.076Z,31.655,-104.319,7.5867,1.6,ml,11,80,0,0.2,tx,tx2025bzps,2025-01-29T11:53:29.428Z,"57 km S of Whites City, New Mexico",earthquake,1.3398942348082,1.135954454758,0.1,20,reviewed,tx,tx
2025-01-29T05:52:04.620Z,38.827499389648,-122.85733032227,2.5299999713898,0.77,md,15,114,0.0003601,0.03,nc,nc75124986,2025-01-29T05:53:40.473Z,"10 km NW of The Geysers, CA",earthquake,0.32,0.560000002,0.17,17,automatic,nc,nc
2025-01-29T05:46:43.530Z,51.699666666667,-178.70716666667,15.74,1.94,ml,9,122,0.07374,0.22,av,av93476006,2025-01-29T21:54:42.680Z,"144 km W of Adak, Alaska",earthquake,0.91,1.7,0.21511958736779,9,reviewed,av,av
2025-01-29T05:34:36.170Z,61.311833333333,-152.2825,0.47,0.31,ml,6,266,0.06839,0.06,av,av93475986,2025-01-29T21:43:10.500Z,"67 km WNW of Beluga, Alaska",earthquake,0.51,1.9,0.36516131794246,6,reviewed,av,av
2025-01-29T05:33:48.110Z,38.813499450684,-122.79766845703,2.5,1.51,md,31,37,0.005824,0.02,nc,nc75124981,2025-01-29T14:07:51.894Z,"5 km NNW of The Geysers, CA",earthquake,0.19,0.340000004,0.13,30,automatic,nc,nc
2025-01-29T05:26:51.980Z,32.9616667,-115.5593333,7.8,1.48,ml,37,71,0.06004,0.25,ci,ci40171346,2025-01-29T05:30:47.442Z,"3 km SW of Brawley, CA",earthquake,0.26,0.56,0.244,27,automatic,ci,ci
2025-01-29T05:23:31.629Z,32.44,-102.106,8.1299,1.4,ml,24,58,0,0.1,tx,tx2025bzot,2025-01-29T16:15:50.640Z,"35 km SSW of Los Ybanez, Texas",earthquake,0.96412195054942,0.82577017656644,0.1,14,reviewed,tx,tx
2025-01-29T05:22:49.650Z,33.9976667,-116.6516667,13.26,1.03,ml,53,33,0.04087,0.15,ci,ci40171338,2025-01-29T15:12:20.590Z,"8 km SW of Morongo Valley, CA",earthquake,0.14,0.38,0.173,26,reviewed,ci,ci
2025-01-29T05:13:55.550Z,33.2535,-116.2945,10.39,0.58,ml,42,88,0.06951,0.21,ci,ci40171322,2025-01-29T15:11:28.783Z,"8 km E of Borrego Springs, CA",earthquake,0.24,0.46,0.14,10,reviewed,ci,ci
2025-01-29T05:12:11.820Z,38.795166015625,-122.75382995606,0.79000002145767,0.76,md,8,150,0.00713,0.02,nc,nc75124976,2025-01-29T05:13:50.245Z,"2 km NNE of The Geysers, CA",earthquake,0.34,0.819999993,0.04,7,automatic,nc,nc
2025-01-29T04:53:53.221Z,44.3428,-114.8296,5,2.5,ml,39,35,0.237,0.83,us,us7000p9ru,2025-01-29T22:48:35.297Z,"16 km NNE of Stanley, Idaho",earthquake,1.74,1.907,0.042,74,reviewed,us,us
2025-01-29T04:53:36.751Z,41.9569,-119.6111,2,1.4,ml,4,207.98,0.518,0.1848,nn,nn00892698,2025-01-29T17:56:40.814Z,"46 km ENE of Fort Bidwell, California",earthquake,,7.8,0.06,2,reviewed,nn,nn
2025-01-29T04:51:51.866Z,61.3569,-152.0829,17.3,1.1,ml,,,,1.46,ak,ak0251c19ue0,2025-01-29T20:47:07.130Z,"58 km WNW of Beluga, Alaska",earthquake,,0.2,,,automatic,ak,ak
2025-01-29T04:51:05.723Z,60.1694,-152.7659,88.4,1.8,ml,,,,0.39,ak,ak0251c19qp8,2025-01-29T04:53:26.184Z,"62 km WNW of Ninilchik, Alaska",earthquake,,0.5,,,automatic,ak,ak
2025-01-29T04:46:36.880Z,33.8628333,-115.5223333,1.08,1.62,ml,21,77,0.183,0.15,ci,ci40171306,2025-01-29T22:18:46.312Z,"20 km NW of Desert Center, CA",earthquake,0.24,0.53,0.174,21,reviewed,ci,ci
2025-01-29T04:34:54.860Z,53.949166666667,-166.5655,10.11,1.39,ml,14,127,0.07097,0.22,av,av93475936,2025-01-29T21:43:09.510Z,"6 km NNW of Dutch Harbor, Alaska",earthquake,0.59,1.01,0.27808905777189,14,reviewed,av,av
2025-01-29T04:33:16.180Z,41.566166666667,-112.41316666667,3.34,0.98,ml,15,122,0.1093,0.16,uu,uu80100251,2025-01-29T16:17:26.430Z,"17 km SW of Thatcher, Utah",earthquake,0.46,2.98,0.10368715822093,2,reviewed,uu,uu
2025-01-29T04:31:35.500Z,64.2038,-149.9451,0,1.6,ml,,,,0.66,ak,ak0251c15ioe,2025-01-29T04:33:37.402Z,"37 km W of Clear, Alaska",earthquake,,0.3,,,automatic,ak,ak
2025-01-29T04:26:16.462Z,60.9159,-149.9804,38.7,1.6,ml,,,,0.24,ak,ak0251c14emm,2025-01-29T04:27:34.740Z,"18 km W of Hope, Alaska",earthquake,,0.6,,,automatic,ak,ak
2025-01-29T04:23:48.880Z,60.9409,-150.0152,30.8,2.2,ml,,,,0.8,ak,ak0251c13tzh,2025-01-29T04:26:25.656Z,"20 km W of Hope, Alaska",earthquake,,0.9,,,automatic,ak,ak
2025-01-29T04:23:34.364Z,62.3005,-150.0153,3,2.2,ml,,,,1.06,ak,ak0251c13sv0,2025-01-29T04:25:37.985Z,"5 km ESE of Talkeetna, Alaska",earthquake,,0.2,,,automatic,ak,ak
2025-01-29T04:20:58.695Z,31.658,-104.314,8.7659,1.8,ml,17,68,0,0.2,tx,tx2025bzms,2025-01-29T11:24:49.246Z,"57 km S of Whites City, New Mexico",earthquake,0.89813957133833,1.022072108588,0.1,11,reviewed,tx,tx
2025-01-29T04:17:33.520Z,38.761501312256,-122.72833251953,1.8799999952316,0.76,md,8,151,0.002716,0.02,nc,nc75124956,2025-01-29T04:19:09.562Z,"3 km SE of The Geysers, CA",earthquake,0.5,0.980000019,0.29,8,automatic,nc,nc
2025-01-29T04:11:21.820Z,-11.3691,-74.7642,97.777,4.8,mb,60,70,2.126,0.72,us,us7000p9rj,2025-01-29T04:26:15.040Z,"4 km NNW of Mariposa, Peru",earthquake,8.43,6.497,0.035,248,reviewed,us,us
2025-01-29T03:54:47.900Z,17.934333333333,-66.841666666667,11.32,2.2,md,10,217,0.04556,0.08,pr,pr71471753,2025-01-29T04:15:40.780Z,"7 km SE of Maria Antonia, Puerto Rico",earthquake,0.56,0.38,0.15116859984357,4,reviewed,pr,pr
2025-01-29T03:52:01.693Z,36.7765,-116.0085,1.3,-0.4,ml,4,259.88,0.03,0.0124,nn,nn00892687,2025-01-29T15:53:39.056Z,"37 km NW of Indian Springs, Nevada",earthquake,,11.6,0,1,reviewed,nn,nn
2025-01-29T03:51:45.067Z,-3.9132,121.8102,26.716,4.6,mb,30,93,1.959,0.94,us,us7000p9rh,2025-01-29T07:04:47.013Z,"78 km W of Kendari, Indonesia",earthquake,7.34,5.732,0.125,19,reviewed,us,us
2025-01-29T03:50:01.420Z,40.7445,-111.97533333333,7.63,0.6,md,9,88,0.04924,0.04,uu,uu80100246,2025-01-29T16:19:08.990Z,"6 km NNE of West Valley City, Utah",earthquake,0.33,0.77,0.54802149985507,6,reviewed,uu,uu
2025-01-29T03:44:21.894Z,-21.1442,-69.016,112.52,4.2,mb,20,89,0.451,0.68,us,us7000p9rg,2025-01-29T05:17:44.040Z,"79 km W of Ollagüe, Chile",earthquake,5.84,4.785,0.158,11,reviewed,us,us
2025-01-29T03:42:16.890Z,61.3185,-152.31116666667,3.2,-0.23,ml,5,278,0.0665,0.04,av,av93475876,2025-01-29T21:06:52.980Z,"68 km WNW of Beluga, Alaska",earthquake,0.53,0.46,0.040752558812758,4,reviewed,av,av
2025-01-29T03:40:27.960Z,33.3528333,-116.3728333,11.2,1.18,ml,66,30,0.05377,0.2,ci,ci40171258,2025-01-29T15:11:45.689Z,"11 km N of Borrego Springs, CA",earthquake,0.17,0.3,0.227,25,reviewed,ci,ci
2025-01-29T03:39:17.740Z,33.9835,-116.7446667,15.51,0.57,ml,23,60,0.0735,0.14,ci,ci40171250,2025-01-29T22:37:30.433Z,"8 km NNE of Cabazon, CA",earthquake,0.22,0.58,0.146,9,reviewed,ci,ci
2025-01-29T03:38:46.230Z,46.193,-122.3245,13.15,0.19,ml,17,145,0.02247,0.1,uw,uw62064657,2025-01-30T05:06:10.760Z,"32 km NNE of Amboy, Washington",earthquake,0.35,0.46,0.1341903881169,11,reviewed,uw,uw
2025-01-29T03:37:11.800Z,44.776333333333,-110.77283333333,4.86,0.51,md,12,183,0.0566,0.11,uu,uu80100241,2025-01-29T16:40:20.100Z,"22 km SSW of Mammoth, Wyoming",earthquake,0.47,0.33,0.30816524519147,9,reviewed,uu,uu
2025-01-29T03:36:01.990Z,44.763833333333,-110.77283333333,6.68,1.48,ml,18,81,0.05705,0.16,uu,uu80100236,2025-01-29T16:46:19.890Z,"24 km SSW of Mammoth, Wyoming",earthquake,0.38,0.84,0.35856994721905,4,reviewed,uu,uu
2025-01-29T03:34:27.240Z,44.782666666667,-110.767,7.46,0.91,ml,15,186,0.05973,0.09,uu,uu80100231,2025-01-29T17:25:28.730Z,"22 km SSW of Mammoth, Wyoming",earthquake,0.46,0.63,0.48161826596039,2,reviewed,uu,uu
2025-01-29T03:33:28.954Z,59.2819,-153.2282,89,2.8,ml,,,,0.5,ak,ak0251c0khzr,2025-01-29T03:47:50.040Z,"74 km W of Nanwalek, Alaska",earthquake,,0.4,,,automatic,ak,ak
2025-01-29T03:31:10.881Z,59.9426,-152.8663,103.1,2.1,ml,,,,0.44,ak,ak0251c0k15w,2025-01-29T03:39:49.040Z,"60 km WNW of Anchor Point, Alaska",earthquake,,0.5,,,automatic,ak,ak
2025-01-29T03:19:47.630Z,52.109166666667,-176.15433333333,9.13,0.39,ml,4,274,0.02119,0.28,av,av93475831,2025-01-29T21:01:31.360Z,"42 km NE of Adak, Alaska",earthquake,2.09,1.49,0.28376478994455,4,reviewed,av,av
2025-01-29T03:06:50.348Z,39.1139,-119.0377,5.7,1.5,ml,21,62.16,0.028,0.1774,nn,nn00892676,2025-01-29T19:13:14.732Z,"17 km NE of Yerington, Nevada",earthquake,,1.4,0.18,12,reviewed,nn,nn
2025-01-29T03:01:25.310Z,38.828834533691,-122.81632995606,2.2200000286102,0.71,md,6,141,0.007306,0,nc,nc75124946,2025-01-29T03:03:00.578Z,"8 km NNW of The Geysers, CA",earthquake,0.68,1.57000005,0.25,7,automatic,nc,nc
2025-01-29T02:49:57.685Z,64.4018,-151.0156,8.4,1.3,ml,,,,1.09,ak,ak0251c02k2g,2025-01-29T02:52:08.987Z,"69 km SSW of Manley Hot Springs, Alaska",earthquake,,0.3,,,automatic,ak,ak
2025-01-29T02:43:47.100Z,58.223833333333,-155.19916666667,4.03,-0.37,ml,5,149,0.05109,0.07,av,av93031069,2025-01-29T20:42:50.860Z,"85 km NNW of Karluk, Alaska",earthquake,0.56,0.89,0.18783496352591,5,reviewed,av,av
2025-01-29T02:43:44.080Z,58.2255,-155.17666666667,3.45,-0.35,ml,5,135,0.05157,0.04,av,av93031064,2025-01-29T20:39:35.830Z,"84 km NNW of Karluk, Alaska",earthquake,0.42,0.79,0.19497420891228,5,reviewed,av,av
2025-01-29T02:37:36.570Z,53.945833333333,-166.569,10.45,1.23,ml,12,128,0.06996,0.23,av,av93475781,2025-01-29T20:51:58.620Z,"6 km NNW of Dutch Harbor, Alaska",earthquake,0.61,1.05,0.21462994895517,12,reviewed,av,av
2025-01-29T02:37:04.870Z,33.3598333,-116.6691667,13.19,0.5,ml,22,54,0.09049,0.14,ci,ci40171098,2025-01-29T15:12:03.551Z,"9 km NNW of Warner Springs, CA",earthquake,0.2,0.55,0.089,10,reviewed,ci,ci
2025-01-29T02:29:31.960Z,36.48583333,-98.73583333,8.1,1.36,ml,60,72,0.02429523245,0.22,ok,ok2025bzja,2025-01-30T13:59:12.012Z,"16 km SE of Waynoka, Oklahoma",earthquake,,0.5,0.22,23,reviewed,ok,ok
2025-01-29T02:20:32.440Z,33.8073333,-117.6321667,6.05,1.05,ml,27,63,0.02268,0.13,ci,ci40171090,2025-01-29T02:25:03.780Z,"9 km SW of Corona, CA",earthquake,0.22,0.36,0.356,37,automatic,ci,ci
2025-01-29T02:15:52.440Z,34.1023333,-118.1666667,8.68,1.18,ml,25,74,0.06525,0.24,ci,ci40171082,2025-01-29T16:06:52.399Z,"2 km SW of South Pasadena, CA",earthquake,0.41,0.69,0.26,35,automatic,ci,ci
2025-01-29T02:08:36.690Z,32.7216667,-115.9833333,10.83,1.65,ml,41,58,0.03982,0.19,ci,ci40170922,2025-01-29T15:13:27.190Z,"2 km SSE of Ocotillo, CA",earthquake,0.22,0.37,0.192,27,reviewed,ci,ci
2025-01-29T02:04:56.280Z,44.765166666667,-110.77933333333,4.88,1.43,ml,14,88,0.05573,0.12,uu,uu80100226,2025-01-29T17:30:06.710Z,"24 km SSW of Mammoth, Wyoming",earthquake,0.37,0.53,0.31554564832584,4,reviewed,uu,uu
2025-01-29T01:56:43.025Z,11.431,124.2263,10,4.5,mb,43,128,4.535,1.16,us,us7000p9r3,2025-01-29T04:54:27.268Z,"13 km WNW of Tabing, Philippines",earthquake,7.83,1.9,0.098,31,reviewed,us,us
2025-01-29T01:47:53.720Z,38.824333190918,-122.8450012207,2.0299999713898,1,md,17,103,0.007883,0.02,nc,nc75124936,2025-01-29T01:49:30.805Z,"9 km NW of The Geysers, CA",earthquake,0.25,0.409999996,0.3,18,automatic,nc,nc
2025-01-29T01:47:20.090Z,38.7936668396,-122.75499725342,0.52999997138977,1.06,md,13,86,0.007864,0.03,nc,nc75124931,2025-01-29T01:48:55.962Z,"2 km NNE of The Geysers, CA",earthquake,0.25,0.529999971,0.1,12,automatic,nc,nc
2025-01-29T01:42:27.569Z,64.9071,-149.284,5.1,1.3,ml,,,,0.42,ak,ak0251bzfk4k,2025-01-29T01:44:13.576Z,"27 km S of Minto, Alaska",earthquake,,0.7,,,automatic,ak,ak
2025-01-29T01:32:59.222Z,-53.4247,-41.4854,10,5.6,mwb,130,40,3.082,0.63,us,us7000p9qx,2025-01-30T01:59:40.093Z,"South Atlantic Ocean",earthquake,9.03,1.73,0.063,24,reviewed,us,us
2025-01-29T01:29:17.839Z,36.19916667,-96.98233333,5.11,0.76,ml,47,43,0.09358163609,0.28,ok,ok2025bzha,2025-01-30T14:20:16.604Z,"6 km WSW of Glencoe, Oklahoma",earthquake,,0.7,0.2,17,reviewed,ok,ok
2025-01-29T01:28:05.450Z,35.0586667,-119.0583333,7.22,1.5,ml,36,71,0.02089,0.3,ci,ci40170882,2025-01-29T21:47:17.131Z,"17 km NW of Grapevine, CA",earthquake,0.33,0.98,0.155,38,reviewed,ci,ci
2025-01-29T01:27:46.110Z,44.772,-110.77566666667,4.8,0.75,ml,15,83,0.05574,0.17,uu,uu80100221,2025-01-29T16:26:41.760Z,"23 km SSW of Mammoth, Wyoming",earthquake,0.35,0.43,0.49680286207884,2,reviewed,uu,uu
2025-01-29T01:27:16.970Z,44.776333333333,-110.77866666667,4.48,0.03,md,12,121,0.05254,0.21,uu,uu80002633,2025-01-29T17:44:16.330Z,"23 km SSW of Mammoth, Wyoming",earthquake,0.51,0.95,0.52001179210869,5,reviewed,uu,uu
2025-01-29T01:26:06.900Z,38.802501678467,-122.77850341797,3.420000076294,0.68,md,7,72,0.01187,0.01,nc,nc75124926,2025-01-29T01:27:44.799Z,"3 km NNW of The Geysers, CA",earthquake,0.6,1.96000004,0.18,8,automatic,nc,nc
2025-01-29T01:18:08.560Z,38.828666666667,-122.81133333333,1.5,0.27,md,15,43,0.005355,0.01,nc,nc75124921,2025-01-29T08:20:04.598Z,"7 km NNW of The Geysers, CA",earthquake,0.23,0.7,0.252,15,reviewed,nc,nc
2025-01-29T01:13:00.230Z,61.9081,-141.0978,0,1.7,ml,,,,0.71,ak,ak0251bz9a93,2025-01-29T01:15:48.445Z,"85 km S of Alcan Border, Alaska",earthquake,,0.4,,,automatic,ak,ak
2025-01-29T01:08:20.290Z,44.765166666667,-110.76916666667,3.18,0.23,md,9,98,0.06059,0.21,uu,uu80002623,2025-01-29T16:17:49.880Z,"24 km SSW of Mammoth, Wyoming",earthquake,0.69,2.34,0.070673435150875,3,reviewed,uu,uu
2025-01-29T01:08:05.550Z,44.7665,-110.773,4.88,1.33,ml,17,77,0.05888,0.15,uu,uu80100216,2025-01-29T16:03:47.310Z,"24 km SSW of Mammoth, Wyoming",earthquake,0.33,0.37,0.33425978754466,3,reviewed,uu,uu
2025-01-29T01:07:37.530Z,44.757166666667,-110.77633333333,3.03,0.53,ml,14,81,0.05513,0.22,uu,uu80002618,2025-01-29T16:10:47.060Z,"25 km SSW of Mammoth, Wyoming",earthquake,0.37,1.03,0.53459047082399,2,reviewed,uu,uu
2025-01-29T01:06:46.868Z,31.629,-104.511,3.0444,1.4,ml,8,153,0.1,0.2,tx,tx2025bzgh,2025-01-29T01:43:59.233Z,"61 km SSW of Whites City, New Mexico",earthquake,0,3.675458908081,0.1,6,automatic,tx,tx
2025-01-29T01:06:04.610Z,33.7083333,-116.7488333,15.34,0.8,ml,29,69,0.03132,0.16,ci,ci40170866,2025-01-29T15:12:30.456Z,"4 km SW of Idyllwild, CA",earthquake,0.21,0.42,0.27,24,reviewed,ci,ci
2025-01-29T01:04:35.180Z,60.036666666667,-153.06233333333,-0.23,-0.74,ml,4,133,0.02076,0.03,av,av93475731,2025-01-29T20:16:02.430Z,"64 km ENE of Pedro Bay, Alaska",earthquake,0.42,1.35,0.22750976022393,4,reviewed,av,av
2025-01-29T01:03:57.530Z,44.7655,-110.769,8.09,2.04,ml,23,76,0.05609,0.17,uu,uu80100211,2025-01-29T15:57:37.360Z,"24 km SSW of Mammoth, Wyoming",earthquake,0.38,0.62,0.45904407191693,4,reviewed,uu,uu
2025-01-29T00:59:47.660Z,44.765666666667,-110.771,8.24,3.74,ml,27,76,0.05726,0.18,uu,uu80100206,2025-01-30T09:22:52.387Z,"24 km SSW of Mammoth, Wyoming",earthquake,0.34,0.72,0.13741340025955,19,reviewed,uu,uu
2025-01-29T00:58:27.880Z,44.724333333333,-112.488,3.21,1.21,ml,12,86,0.1471,0.11,mb,mb90071843,2025-01-29T17:58:10.040Z,"12 km NE of Lima, Montana",earthquake,0.4,0.93,0.15244576938102,17,reviewed,mb,mb
2025-01-29T00:55:22.200Z,44.778,-110.766,6.2,0.59,md,13,215,0.06106,0.19,uu,uu80100201,2025-01-29T14:48:06.970Z,"22 km SSW of Mammoth, Wyoming",earthquake,0.79,1.08,0.36649293042123,8,reviewed,uu,uu
2025-01-29T00:54:38.890Z,53.946666666667,-166.5645,10.36,1.17,ml,10,129,0.07224,0.12,av,av93475726,2025-01-29T19:41:56.870Z,"6 km NNW of Dutch Harbor, Alaska",earthquake,0.4,0.69,0.24805002271284,10,reviewed,av,av
2025-01-29T00:50:41.029Z,-4.006,121.8356,9.222,5,mww,65,74,1.274,0.82,us,us7000p9qm,2025-01-29T04:37:02.254Z,"75 km W of Kendari, Indonesia",earthquake,4.78,3.874,0.083,14,reviewed,us,us
2025-01-29T00:47:04.860Z,40.438835144043,-124.15550231934,22.14999961853,1.77,md,19,71,0.03422,0.09,nc,nc75124916,2025-01-29T00:48:43.466Z,"8 km SW of Rio Dell, CA",earthquake,0.75,0.689999998,0.12,13,automatic,nc,nc
2025-01-29T00:42:56.080Z,42.375666666667,-122.99166666667,-1.13,1.31,ml,9,81,0.3166,0.12,uw,uw62064617,2025-01-30T04:29:33.780Z,"6 km W of Central Point, Oregon",explosion,0.52,31.61,0.037778692628884,8,reviewed,uw,uw
2025-01-29T00:30:58.108Z,64.6498,-154.0612,7,1.9,ml,,,,0.89,ak,ak0251byrmaa,2025-01-29T00:33:21.377Z,"68 km E of Ruby, Alaska",earthquake,,0.3,,,automatic,ak,ak
2025-01-29T00:30:47.300Z,35.0415,-117.6685,-0.79,1.62,ml,22,88,0.1093,0.22,ci,ci40170826,2025-01-29T17:04:34.196Z,"5 km NNW of Boron, CA",quarry blast,0.55,31.61,0.155,31,reviewed,ci,ci
2025-01-29T00:18:21.280Z,61.2615,-152.18783333333,3.19,-0.88,ml,6,166,0.01637,0.25,av,av93031054,2025-01-29T20:03:32.900Z,"60 km WNW of Tyonek, Alaska",earthquake,0.85,1.42,0.16949965776405,6,reviewed,av,av
2025-01-29T00:15:53.390Z,35.8971667,-117.4305,7.54,1.46,ml,27,67,0.1197,0.15,ci,ci40170794,2025-01-29T21:33:22.845Z,"15 km N of Searles Valley, CA",earthquake,0.21,1.17,0.125,23,reviewed,ci,ci
2025-01-29T00:11:06.760Z,33.0176667,-116.344,10.33,1.02,ml,45,49,0.07156,0.21,ci,ci40170786,2025-01-29T21:27:19.949Z,"24 km SW of Ocotillo Wells, CA",earthquake,0.2,0.5,0.2,26,reviewed,ci,ci
2025-01-28T23:57:33.564Z,52.223,-170.5818,35,4.2,mb,61,173,1.293,0.83,us,us7000p9qg,2025-01-29T03:22:30.234Z,"141 km SW of Nikolski, Alaska",earthquake,7.69,1.975,0.079,45,reviewed,us,us
2025-01-28T23:56:46.350Z,58.198,-155.30966666667,1.86,-0.15,ml,8,189,0.07365,0.09,av,av93475681,2025-01-29T08:57:51.330Z,"86 km NW of Karluk, Alaska",earthquake,0.53,0.79,0.20132452538608,8,reviewed,av,av
2025-01-28T23:53:44.850Z,61.271,-152.24366666667,3.56,-0.17,ml,6,197,0.0432,0.1,av,av93475676,2025-01-29T08:50:14.130Z,"63 km WNW of Tyonek, Alaska",earthquake,0.5,0.85,0.093257583211262,5,reviewed,av,av
2025-01-28T23:50:12.060Z,52.327666666667,-174.147,2.36,0.54,ml,5,171,0.03434,0.23,av,av93475671,2025-01-29T08:35:55.060Z,"15 km NNE of Atka, Alaska",earthquake,0.85,1.56,0.30212616972999,5,reviewed,av,av
2025-01-28T23:45:49.804Z,61.574,-146.4032,31.8,1.4,ml,,,,0.72,ak,ak0251ap0ft0,2025-01-28T23:47:16.688Z,"49 km N of Valdez, Alaska",earthquake,,0.2,,,automatic,ak,ak
2025-01-28T23:43:38.210Z,61.303833333333,-152.292,0.4,-0.62,ml,4,259,0.0593,0.11,av,av93031044,2025-01-29T08:44:07.340Z,"67 km WNW of Beluga, Alaska",earthquake,0.72,3.28,0.13324585235671,4,reviewed,av,av
2025-01-28T23:38:53.480Z,46.049166666667,-122.82316666667,-0.29,1.65,ml,15,135,0.1183,0.08,uw,uw62064602,2025-01-28T23:46:05.410Z,"4 km NNE of Kalama, Washington",explosion,0.59,31.61,0.13373416438369,6,reviewed,uw,uw
2025-01-28T23:37:08.810Z,36.0735,-120.22183333333,8.7,1.01,md,12,129,0.06086,0.07,nc,nc75124886,2025-01-29T05:17:37.605Z,"11 km NW of Avenal, CA",earthquake,0.47,0.71,0.085,4,reviewed,nc,nc
2025-01-28T23:36:12.802Z,31.611,-104.525,6.51,2.4,ml,32,87,0.1,0.2,tx,tx2025bzdh,2025-01-29T11:13:16.173Z,"64 km SSW of Whites City, New Mexico",earthquake,1.0952698552094,0.84425912596078,0.1,14,reviewed,tx,tx
2025-01-28T23:32:32.580Z,53.941333333333,-166.571,9.72,0.49,ml,8,224,0.07041,0.1,av,av93475661,2025-01-29T08:13:22.810Z,"6 km NNW of Dutch Harbor, Alaska",earthquake,0.48,0.35,0.2314468438473,8,reviewed,av,av
2025-01-28T23:27:46.850Z,38.833,-122.8095,2.39,0.5,md,12,61,0.009601,0.01,nc,nc75124881,2025-01-29T09:37:29.041Z,"8 km WNW of Cobb, CA",earthquake,0.44,0.88,0.147,11,reviewed,nc,nc
2025-01-28T23:26:33.250Z,17.969833333333,-66.941666666667,9.57,1.71,md,3,186,0.05963,0.02,pr,pr71471738,2025-01-28T23:44:16.510Z,"3 km SW of Fuig, Puerto Rico",earthquake,2.11,0.96,0.073033834870961,3,reviewed,pr,pr
2025-01-28T23:14:16.040Z,38.824501037598,-122.78883361816,0.18000000715256,0.77,md,8,104,0.0129,0.01,nc,nc75124866,2025-01-28T23:15:53.423Z,"6 km WNW of Cobb, CA",earthquake,0.31,0.579999983,0.08,10,automatic,nc,nc
2025-01-28T23:14:12.950Z,36.639999389648,-121.26683044434,4.6599998474121,1.75,md,21,121,0.04823,0.14,nc,nc75124871,2025-01-28T23:15:58.281Z,"16 km NNW of Pinnacles, CA",earthquake,0.47,1.27999997,0.27,20,automatic,nc,nc
2025-01-28T23:11:44.870Z,37.367668151855,-121.72716522217,1.75,1.3,md,6,114,0.101,0.01,nc,nc75124861,2025-01-29T04:31:55.015Z,"9 km E of Alum Rock, CA",earthquake,0.72,6,0.38,7,automatic,nc,nc
2025-01-28T23:02:19.230Z,34.5388333,-118.1191667,9.22,1.09,ml,20,47,0.02278,0.16,ci,ci40170602,2025-01-29T15:13:14.463Z,"4 km N of Vincent, CA",earthquake,0.27,0.44,0.345,30,reviewed,ci,ci
2025-01-28T22:56:03.740Z,48.102,-124.03333333333,1.85,0.95,ml,13,123,0.08229,0.18,uw,uw62064597,2025-01-28T23:32:58.250Z,"23 km SE of Clallam Bay, Washington",earthquake,0.86,1.16,0.13364194490687,5,reviewed,uw,uw
2025-01-28T22:50:16.600Z,35.7635002,-117.581665,2.34,2.45,ml,36,57,0.1315,0.2,ci,ci40170410,2025-01-28T23:01:14.000Z,"16 km W of Searles Valley, CA",earthquake,0.25,0.85,0.269,23,automatic,ci,ci
2025-01-28T22:36:05.380Z,45.845833333333,-122.57183333333,-0.94,0.8,ml,7,330,0.1373,0.47,uw,uw62064592,2025-01-29T22:15:43.580Z,"5 km NW of Lewisville, Washington",explosion,35.72,31.61,0.11145027142982,3,reviewed,uw,uw
2025-01-28T22:27:40.920Z,52.326333333333,-174.163,3.46,0.32,ml,4,147,0.02443,0.11,av,av93031039,2025-01-29T08:31:58.830Z,"14 km N of Atka, Alaska",earthquake,0.62,0.87,0.34355418310218,4,reviewed,av,av
2025-01-28T22:21:23.410Z,35.888,-121.548,4.2,1.17,md,12,211,0.1477,0.05,nc,nc75124846,2025-01-29T05:13:36.016Z,"15 km S of Lopez Point, CA",earthquake,0.53,0.71,0.126,9,reviewed,nc,nc
2025-01-28T22:14:25.856Z,59.8291,-153.0022,99.7,1.9,ml,,,,0.52,ak,ak0251ao8b5j,2025-01-28T22:49:51.040Z,"62 km E of Pedro Bay, Alaska",earthquake,,0.5,,,automatic,ak,ak
2025-01-28T22:13:37.040Z,37.409666666667,-119.9825,20.68,1.65,md,10,112,0.1667,0.13,nc,nc75124841,2025-01-29T05:08:34.372Z,"8 km SSW of Mariposa, CA",earthquake,0.44,0.68,0.297,4,reviewed,nc,nc
2025-01-28T22:08:24.761Z,61.4844,-151.5991,89.5,1.5,ml,,,,1.19,ak,ak0251ao70rw,2025-01-28T22:10:07.748Z,"47 km NW of Beluga, Alaska",earthquake,,2.4,,,automatic,ak,ak
2025-01-28T22:03:09.160Z,17.945,-66.944833333333,11.25,1.75,md,3,221,0.06921,0.02,pr,pr71471733,2025-01-28T22:32:03.070Z,"4 km SW of Guánica, Puerto Rico",earthquake,1.99,0.88,0.04227081290635,3,reviewed,pr,pr
2025-01-28T22:02:13.890Z,17.9615,-66.949333333333,9.57,2.4,md,5,198,0.06805,0.06,pr,pr71471728,2025-01-28T22:22:00.040Z,"4 km WSW of Guánica, Puerto Rico",earthquake,0.56,0.68,0.045924181026716,3,reviewed,pr,pr
2025-01-28T21:56:01.890Z,61.277,-152.2565,2.74,-1.04,ml,4,210,0.05038,0.04,av,av93031029,2025-01-29T08:05:15.480Z,"64 km WNW of Tyonek, Alaska",earthquake,0.43,0.91,0.053283934133969,4,reviewed,av,av
2025-01-28T21:55:55.960Z,61.2845,-152.26316666667,1.87,-1.42,ml,4,225,0.05562,0.08,av,av93031024,2025-01-29T08:02:45.620Z,"65 km WNW of Tyonek, Alaska",earthquake,0.59,1.32,0.06434805357029,3,reviewed,av,av
2025-01-28T21:49:15.735Z,64.6406,-147.1949,0,-0.5,ml,,,,0.09,ak,ak0251anuctx,2025-01-29T18:31:03.550Z,"7 km WSW of Eielson Air Force Base, Alaska",explosion,,0,,,reviewed,ak,ak
2025-01-28T21:32:02.130Z,35.4523333,-118.2665,7.76,2.68,ml,50,23,0.1329,0.15,ci,ci40170314,2025-01-28T22:35:01.040Z,"25 km SE of Bodfish, CA",earthquake,0.13,0.63,0.149,162,reviewed,ci,ci
2025-01-28T21:25:10.882Z,61.9524,-150.8282,61.6,1.7,ml,,,,0.58,ak,ak0251anp79s,2025-01-28T21:27:34.541Z,"30 km E of Skwentna, Alaska",earthquake,,0.7,,,automatic,ak,ak
2025-01-28T21:18:00.670Z,60.5488,-142.8141,4.1,2.2,ml,,,,0.74,ak,ak0251annogz,2025-01-28T21:20:00.427Z,"98 km S of McCarthy, Alaska",earthquake,,0.3,,,automatic,ak,ak
2025-01-28T21:07:06.220Z,38.791666666667,-122.76166666667,0.89,0.19,md,14,63,0.009075,0.04,nc,nc75124816,2025-01-29T08:17:03.487Z,"2 km  of The Geysers, CA",earthquake,0.26,0.23,0.071,11,reviewed,nc,nc
2025-01-28T21:06:32.751Z,-18.1857,-174.0233,78.076,5.1,mb,24,167,4.767,0.82,us,us7000p9p7,2025-01-28T22:08:21.857Z,"51 km N of Neiafu, Tonga",earthquake,18.1,9.735,0.114,25,reviewed,us,us
2025-01-28T21:05:51.970Z,33.8696667,-117.5013333,-0.51,1.1,ml,35,46,0.05006,0.26,ci,ci40170290,2025-01-29T16:30:05.518Z,"2 km ESE of Home Gardens, CA",quarry blast,0.47,31.61,0.138,25,reviewed,ci,ci
2025-01-28T21:02:08.070Z,49.126166666667,-122.159,-0.71,1.09,ml,9,192,0.09633,0.08,uw,uw62064567,2025-01-28T22:57:14.710Z,"10 km NE of Abbotsford, Canada",explosion,0.6,31.61,0.033276049301661,3,reviewed,uw,uw
2025-01-28T21:01:14.330Z,38.831165313721,-122.81966400147,2.2699999809265,0.3,md,13,65,0.01078,0.02,nc,nc75124811,2025-01-28T21:02:52.772Z,"8 km NNW of The Geysers, CA",earthquake,0.31,0.980000019,0.21,14,automatic,nc,nc
2025-01-28T20:59:42.805Z,63.8126,-147.6566,9.8,1.4,ml,,,,0.28,ak,ak0251anb4h4,2025-01-28T21:01:03.624Z,"62 km E of Denali Park, Alaska",earthquake,,0.4,,,automatic,ak,ak
2025-01-28T20:54:06.834Z,62.5287,-150.4749,147.1,1.8,ml,,,,0.61,ak,ak0251an9z4b,2025-01-28T20:56:35.076Z,"15 km ENE of Petersville, Alaska",earthquake,,0.9,,,automatic,ak,ak
2025-01-28T20:51:39.300Z,34.964,-119.2611667,0.55,1.62,ml,39,95,0.1191,0.24,ci,ci40170218,2025-01-28T20:55:20.734Z,"16 km SE of Maricopa, CA",earthquake,0.27,0.45,0.164,25,automatic,ci,ci
2025-01-28T20:47:06.310Z,34.6353333,-117.1153333,-0.83,1.45,ml,38,45,0.1918,0.22,ci,ci40170210,2025-01-28T20:52:40.840Z,"16 km NNE of Apple Valley, CA",earthquake,0.23,0.74,0.099,28,automatic,ci,ci
2025-01-28T20:40:45.070Z,38.844833374023,-122.83066558838,1.6499999761581,0.64,md,9,123,0.007284,0.02,nc,nc75124796,2025-01-28T20:42:22.546Z,"10 km WNW of Cobb, CA",earthquake,0.4,0.680000007,0.42,11,automatic,nc,nc
2025-01-28T20:31:29.980Z,38.820167541504,-122.79066467285,1.9400000572205,1.1,md,10,56,0.01041,0.03,nc,nc75124791,2025-01-28T20:33:07.663Z,"6 km NNW of The Geysers, CA",earthquake,0.4,1.00999999,0.2,10,automatic,nc,nc
2025-01-28T20:22:56.355Z,9.1906,40.6691,10,4.5,mb,28,150,3.162,0.92,us,us7000p9p0,2025-01-29T11:46:12.591Z,"24 km WNW of Āsbe Teferī, Ethiopia",earthquake,15.25,1.966,0.115,22,reviewed,us,us
2025-01-28T20:18:54.390Z,61.172166666667,-152.23066666667,23.46,-0.51,ml,6,212,0.02995,0.05,av,av93031019,2025-01-29T07:45:24.000Z,"60 km W of Tyonek, Alaska",earthquake,1.15,0.45,0.31733328548414,6,reviewed,av,av
2025-01-28T20:16:41.582Z,31.544,-104.047,6.1383,1.7,ml,33,51,0,0.1,tx,tx2025byws,2025-01-29T16:26:57.723Z,"35 km NW of Toyah, Texas",earthquake,0.55213809239092,0.43327325978975,0.1,18,reviewed,tx,tx
2025-01-28T20:13:46.790Z,19.237833333333,-155.37816666667,32.88,2.29,ml,56,152,0.01827,0.12,hv,hv74603622,2025-01-28T22:37:06.133Z,"11 km ENE of Pāhala, Hawaii",earthquake,0.38,0.46,0.29664235594868,31,reviewed,hv,hv
2025-01-28T20:11:08.160Z,36.368666666667,-121.22733333333,2.29,1.14,md,28,53,0.05037,0.11,nc,nc75124786,2025-01-29T05:01:32.040Z,"6 km NNE of Greenfield, CA",earthquake,0.24,0.58,0.138,18,reviewed,nc,nc
2025-01-28T20:10:14.690Z,36.388668060303,-121.22299957275,2.0199999809265,1.2,md,8,141,0.03611,0.03,nc,nc75124781,2025-01-28T20:11:52.304Z,"8 km NNE of Greenfield, CA",earthquake,0.49,0.5,0.35,6,automatic,nc,nc
2025-01-28T20:01:26.240Z,53.950833333333,-166.56466666667,10.2,1.55,ml,14,129,0.07102,0.21,av,av93475551,2025-01-29T07:12:54.940Z,"6 km NNW of Dutch Harbor, Alaska",earthquake,0.55,0.94,0.29003434116619,14,reviewed,av,av
2025-01-28T20:00:17.440Z,46.012166666667,-112.46083333333,-2,1.55,ml,13,73,0.06507,0.09,mb,mb90071773,2025-01-28T20:50:45.580Z,"5 km E of Butte, Montana",quarry blast,0.35,31.61,0.20715075356982,23,reviewed,mb,mb
2025-01-28T19:49:58.200Z,38.793334960938,-122.74949645996,2.3599998950958,1.16,md,20,91,0.0108,0.02,nc,nc75124776,2025-01-28T19:51:37.284Z,"2 km NNE of The Geysers, CA",earthquake,0.27,0.519999981,0.15,22,automatic,nc,nc
2025-01-28T19:45:45.390Z,46.099166666667,-122.07933333333,7.93,0.23,ml,12,250,0.02919,0.09,uw,uw62072821,2025-01-28T22:39:08.140Z,"35 km NE of Amboy, Washington",earthquake,0.6,0.46,0.082252690565593,5,reviewed,uw,uw
2025-01-28T19:45:22.927Z,-6.8235,130.6186,109.123,4.1,mb,20,76,2.394,0.59,us,us7000p9nu,2025-01-28T21:36:22.040Z,"270 km WSW of Tual, Indonesia",earthquake,10.3,6.09,0.151,12,reviewed,us,us
2025-01-28T19:44:50.860Z,40.553333333333,-123.89333333333,23.87,1.79,md,47,54,0.01407,0.11,nc,nc75124771,2025-01-29T07:22:34.980Z,"17 km E of Hydesville, CA",earthquake,0.25,0.41,0.155,18,reviewed,nc,nc
2025-01-28T19:30:35.500Z,45.895,-119.30066666667,-0.32,1.96,ml,18,63,0.281,0.34,uw,uw62072816,2025-01-28T22:54:42.549Z,"4 km SE of Umatilla, Oregon",explosion,0.49,31.61,0.14565678933946,13,reviewed,uw,uw
2025-01-28T19:30:29.820Z,38.795166015625,-122.7688369751,3.6500000953674,0.78,md,10,100,0.008975,0.01,nc,nc75124766,2025-01-28T19:32:07.002Z,"2 km NNW of The Geysers, CA",earthquake,0.71,1.75999999,0.08,9,automatic,nc,nc
2025-01-28T19:30:07.270Z,37.982833333333,-122.45633333333,-0.02,1.57,md,26,56,0.02399,0.12,nc,nc75124761,2025-01-30T10:03:21.500Z,"6 km ESE of Santa Venetia, CA",quarry blast,0.25,31.61,0.238,20,reviewed,nc,nc
2025-01-28T19:29:00.200Z,38.82483291626,-122.85466766357,2.4500000476837,0.75,md,15,113,0.01544,0.02,nc,nc75124756,2025-01-28T19:30:37.095Z,"10 km NW of The Geysers, CA",earthquake,0.29,0.479999989,0.21,16,automatic,nc,nc
2025-01-28T19:27:29.660Z,38.830333333333,-122.854,1.95,0.24,md,19,75,0.003576,0.02,nc,nc75124751,2025-01-29T08:14:03.498Z,"10 km NW of The Geysers, CA",earthquake,0.23,0.35,0.199,18,reviewed,nc,nc
2025-01-28T19:20:53.450Z,38.832832336426,-122.81616973877,2.039999961853,0.76,md,13,55,0.01056,0.01,nc,nc75124746,2025-01-28T19:22:31.999Z,"8 km NNW of The Geysers, CA",earthquake,0.32,0.949999988,0.28,13,automatic,nc,nc
2025-01-28T19:08:44.080Z,38.831165313721,-122.81566619873,1.8700000047684,0.92,md,18,67,0.008904,0.01,nc,nc75124741,2025-01-28T19:10:21.928Z,"8 km NNW of The Geysers, CA",earthquake,0.26,0.409999996,0.17,19,automatic,nc,nc
2025-01-28T19:03:40.930Z,37.46900177002,-118.5308303833,17.530000686646,1.7,md,17,152,0.1052,0.06,nc,nc75124731,2025-01-28T19:05:17.621Z,"8 km NE of Round Valley, CA",earthquake,1.14,2.6500001,0.1,14,automatic,nc,nc
2025-01-28T19:03:31.720Z,38.825166666667,-122.85516666667,2.22,0.01,md,25,64,0.002723,0.03,nc,nc75124736,2025-01-29T09:33:57.695Z,"10 km NW of The Geysers, CA",earthquake,0.2,0.36,0.209,24,reviewed,nc,nc
2025-01-28T18:58:08.190Z,38.834331512451,-122.81400299072,1.6000000238419,0.7,md,11,72,0.01134,0.01,nc,nc75124726,2025-01-28T18:59:46.893Z,"8 km WNW of Cobb, CA",earthquake,0.3,0.870000005,0.22,11,automatic,nc,nc
2025-01-28T18:53:32.560Z,58.157,-155.3185,3.33,0.07,ml,10,190,0.08598,0.08,av,av93475501,2025-01-29T06:45:52.540Z,"83 km NW of Karluk, Alaska",earthquake,0.31,1.01,0.3029993668084,10,reviewed,av,av
2025-01-28T18:52:13.700Z,34.9381667,-117.0531667,5.84,0.5,ml,9,93,0.07822,0.18,ci,ci40169986,2025-01-29T16:02:38.221Z,"5 km NNW of Barstow, CA",earthquake,0.46,1.17,0.194,4,reviewed,ci,ci
2025-01-28T18:51:13.000Z,38.83716583252,-122.79599761963,2,1.02,md,12,73,0.004587,0.01,nc,nc75124716,2025-01-28T18:52:47.030Z,"7 km WNW of Cobb, CA",earthquake,0.31,0.569999993,0.35,13,automatic,nc,nc
2025-01-28T18:46:25.331Z,64.5869,-149.2295,0,2.7,ml,,,,0.84,ak,ak0251am1flx,2025-01-28T18:48:11.470Z,"5 km WSW of Four Mile Road, Alaska",earthquake,,0.5,,,automatic,ak,ak
2025-01-28T18:36:26.500Z,33.7008333,-117.3478333,-0.46,1.2,ml,18,135,0.05643,0.21,ci,ci40169530,2025-01-28T18:41:02.969Z,"4 km NNW of Lake Elsinore, CA",earthquake,0.56,1.58,0.365,36,automatic,ci,ci
2025-01-28T18:34:11.000Z,33.4728333,-116.5681667,10.5,0.54,ml,22,74,0.03584,0.11,ci,ci40169514,2025-01-28T20:09:33.571Z,"13 km SE of Anza, CA",earthquake,0.18,0.3,0.161,17,reviewed,ci,ci
2025-01-28T18:21:16.160Z,44.314833333333,-110.2885,10.57,1.05,md,16,141,0.07702,0.19,uu,uu80100181,2025-01-28T19:14:13.640Z,"75 km ESE of West Yellowstone, Montana",earthquake,0.51,0.73,0.18411530858906,14,reviewed,uu,uu
2025-01-28T18:17:14.240Z,38.834499359131,-122.81400299072,1.6499999761581,0.58,md,13,57,0.01151,0.01,nc,nc75124701,2025-01-28T18:18:51.333Z,"8 km WNW of Cobb, CA",earthquake,0.27,0.610000014,0.24,13,automatic,nc,nc
2025-01-28T18:13:53.150Z,38.831165313721,-122.81549835205,1.8700000047684,0.75,md,12,76,0.00884,0.02,nc,nc75124696,2025-01-28T18:15:31.424Z,"8 km NNW of The Geysers, CA",earthquake,0.36,0.790000021,0.2,13,automatic,nc,nc
2025-01-28T18:12:00.610Z,38.832332611084,-122.81500244141,1.9800000190735,0.98,md,19,52,0.009719,0.01,nc,nc75124691,2025-01-28T18:13:36.400Z,"8 km NNW of The Geysers, CA",earthquake,0.22,0.419999987,0.21,18,automatic,nc,nc
2025-01-28T18:11:25.100Z,38.831001281738,-122.81433105469,1.6900000572205,1.77,md,35,44,0.008291,0.03,nc,nc75124686,2025-01-28T18:14:23.380Z,"8 km NNW of The Geysers, CA",earthquake,0.15,0.25,0.13,36,automatic,nc,nc
2025-01-28T18:11:07.580Z,19.187,-155.49,33.13,3.19,ml,62,70,0.04101,0.11,hv,hv74603512,2025-01-29T09:58:56.261Z,"2 km SW of Pāhala, Hawaii",earthquake,0.35,0.38,0.2046336043902,47,reviewed,hv,hv
2025-01-28T18:10:07.650Z,38.834833333333,-122.81266666667,1.95,0.45,md,22,56,0.0116,0.02,nc,nc75124681,2025-01-29T08:11:00.972Z,"8 km WNW of Cobb, CA",earthquake,0.2,0.34,0.126,22,reviewed,nc,nc
2025-01-28T18:04:08.160Z,38.834999084473,-122.81500244141,1.9099999666214,0.68,md,8,152,0.01221,0.01,nc,nc75124676,2025-01-28T18:05:46.518Z,"8 km WNW of Cobb, CA",earthquake,0.52,1.08000004,0.11,10,automatic,nc,nc
2025-01-28T18:03:49.350Z,21.5659,143.0837,305.392,4.5,mb,112,46,5.566,0.73,us,us7000p9nd,2025-01-28T21:13:38.040Z,"Mariana Islands region",earthquake,10,5.975,0.054,101,reviewed,us,us
2025-01-28T18:01:48.210Z,38.833333333333,-122.81383333333,2.05,2.68,md,97,24,0.01035,0.05,nc,nc75124666,2025-01-29T05:50:38.579Z,"8 km WNW of Cobb, CA",earthquake,0.07,0.12,0.193,126,reviewed,nc,nc
2025-01-28T17:59:25.970Z,33.9243333,-116.7755,17.84,0.91,ml,28,55,0.01275,0.16,ci,ci40853775,2025-01-28T18:03:57.052Z,"1 km NE of Cabazon, CA",earthquake,0.24,0.6,0.224,30,automatic,ci,ci
2025-01-28T17:51:17.320Z,61.271333333333,-152.22866666667,2.52,-0.1,ml,4,243,0.03607,0.13,av,av93475436,2025-01-29T06:22:46.120Z,"62 km WNW of Tyonek, Alaska",earthquake,0.93,1.58,0.16834330028543,4,reviewed,av,av
2025-01-28T17:37:47.430Z,38.807498931885,-122.75150299072,-0.070000000298023,1.28,md,13,110,0.009394,0.03,nc,nc75124656,2025-01-28T17:39:27.369Z,"3 km WSW of Cobb, CA",earthquake,0.25,0.850000024,0.17,15,automatic,nc,nc
2025-01-28T17:33:49.030Z,34.0558333,-117.256,17.45,1.67,ml,87,21,0.05423,0.16,ci,ci40853735,2025-01-30T00:46:27.810Z,"1 km NNE of Loma Linda, CA",earthquake,0.13,0.26,0.162,104,reviewed,ci,ci
2025-01-28T17:31:50.459Z,26.9547,59.9809,10,4.1,mb,36,197,3.945,0.57,us,us7000p9n9,2025-01-28T19:49:26.040Z,"53 km NE of Fannūj, Iran",earthquake,12.68,1.945,0.1,27,reviewed,us,us
2025-01-28T17:21:55.290Z,51.8605,-177.81833333333,3.45,1.41,ml,5,246,0.0463,0.1,av,av93475411,2025-01-29T06:14:53.890Z,"81 km W of Adak, Alaska",earthquake,0.52,0.47,0.23193763488014,5,reviewed,av,av
2025-01-28T17:14:29.550Z,44.4475,-115.316,11.27,1.53,ml,10,130,0.4797,0.13,mb,mb90071758,2025-01-28T20:58:07.550Z,"39 km NW of Stanley, Idaho",earthquake,0.4,1.09,0.23464635163665,14,reviewed,mb,mb
2025-01-28T17:07:13.295Z,32.376,-101.928,8.6182,1.7,ml,20,64,0,0.1,tx,tx2025byqm,2025-01-28T19:44:15.749Z,"26 km SW of Ackerly, Texas",earthquake,0.45931207659044,0.50339762804776,0.1,19,reviewed,tx,tx
2025-01-28T17:01:11.120Z,44.56,-111.0125,11.27,0.69,ml,13,107,0.078,0.12,uu,uu80100176,2025-01-28T18:21:59.730Z,"13 km SSE of West Yellowstone, Montana",earthquake,0.33,0.71,0.24434148026929,3,reviewed,uu,uu
2025-01-28T17:00:09.997Z,-4.0639,121.7865,13.519,4.8,mb,54,66,2.237,0.72,us,us7000p9n3,2025-01-28T18:14:04.040Z,"81 km W of Kendari, Indonesia",earthquake,6.61,5.007,0.098,32,reviewed,us,us
2025-01-28T16:59:33.260Z,38.825332641602,-122.85299682617,2.2599999904633,0.84,md,13,112,0.003748,0.02,nc,nc75124631,2025-01-28T17:01:10.933Z,"10 km NW of The Geysers, CA",earthquake,0.33,0.50999999,0.19,15,automatic,nc,nc
2025-01-28T16:59:09.710Z,38.824165344238,-122.85500335693,2.1099998950958,1.49,md,21,114,0.003677,0.03,nc,nc75124626,2025-01-28T17:06:09.563Z,"10 km NW of The Geysers, CA",earthquake,0.24,0.360000014,0.19,26,automatic,nc,nc
2025-01-28T16:58:58.850Z,38.789501190185,-122.77549743652,1.2300000190735,0.75,md,10,111,0.01038,0.02,nc,nc75124621,2025-01-28T17:00:35.714Z,"2 km NW of The Geysers, CA",earthquake,0.39,0.560000002,0.24,10,automatic,nc,nc
2025-01-28T16:58:46.720Z,38.8245,-122.85333333333,2.28,0.34,md,22,62,0.00411,0.02,nc,nc75124616,2025-01-29T08:07:29.710Z,"10 km NW of The Geysers, CA",earthquake,0.23,0.49,0.154,20,reviewed,nc,nc
2025-01-28T16:58:20.797Z,41.9278,-119.5768,0.2,2.4,ml,5,130.17,0.541,0.1301,nn,nn00892658,2025-01-28T17:14:18.102Z,"48 km E of Fort Bidwell, California",earthquake,,2.7,0.28,4,reviewed,nn,nn
2025-01-28T16:51:17.374Z,-31.6777,-69.0671,107.553,4.8,mww,113,41,0.352,0.73,us,us7000p9n5,2025-01-29T17:00:12.450Z,"34 km WSW of Villa Basilio Nievas, Argentina",earthquake,3.61,5.93,0.127,6,reviewed,us,us
2025-01-28T16:48:16.339Z,35.14783333,-98.07683333,9.14,1.88,ml,40,103,0.07018622707,0.29,ok,ok2025bypr,2025-01-28T16:56:48.519Z,"7 km N of Verden, Oklahoma",earthquake,,1.4,0.21,21,reviewed,ok,ok
2025-01-28T16:43:10.941Z,37.3587,-117.1413,8.4,1.2,ml,16,140.68,0.112,0.1192,nn,nn00892661,2025-01-28T20:46:11.449Z,"39 km SSE of Goldfield, Nevada",earthquake,,2.4,0.3,4,reviewed,nn,nn
2025-01-28T16:36:43.500Z,38.834499359131,-122.82250213623,2.8699998855591,0.71,md,9,75,0.01093,0.03,nc,nc75124606,2025-01-28T16:38:21.616Z,"9 km NNW of The Geysers, CA",earthquake,0.45,0.629999995,0.27,10,automatic,nc,nc
2025-01-28T16:35:21.060Z,60.0475,-153.05333333333,0.08,-0.55,ml,5,100,0.01114,0.07,av,av93475351,2025-01-29T06:06:56.680Z,"65 km ENE of Pedro Bay, Alaska",earthquake,0.22,0.58,0.27545972890526,5,reviewed,av,av
2025-01-28T16:29:39.780Z,38.7805,-122.75866666667,1.48,0.59,md,18,62,0.01122,0.02,nc,nc75124596,2025-01-29T09:28:25.785Z,"0 km NNW of The Geysers, CA",earthquake,0.17,0.34,0.206,14,reviewed,nc,nc
2025-01-28T16:23:47.664Z,64.7486,-147.3061,14.2,1.1,ml,,,,1.01,ak,ak0251akponi,2025-01-28T16:25:30.207Z,"2 km E of North Pole, Alaska",earthquake,,0.3,,,automatic,ak,ak
2025-01-28T16:05:15.089Z,31.588,-104.544,6.9458,2.2,ml,22,74,0.1,0.2,tx,tx2025byol,2025-01-29T17:33:17.143Z,"66 km NNE of Van Horn, Texas",earthquake,1.8498475403725,2.137434019187,0.1,13,reviewed,tx,tx
2025-01-28T15:59:37.980Z,60.121333333333,-153.01,14.93,0.27,ml,4,316,0.06959,0.15,av,av93475326,2025-01-29T06:03:35.680Z,"71 km ENE of Pedro Bay, Alaska",earthquake,3.69,1.04,0.24638594567923,4,reviewed,av,av
2025-01-28T15:52:54.910Z,19.254999160767,-155.40666198731,33.470001220703,2.24,ml,56,70,0.01944,0.129999995,hv,hv74603457,2025-01-28T15:57:50.110Z,"9 km NE of Pāhala, Hawaii",earthquake,0.33,0.5,0.73,7,automatic,hv,hv
2025-01-28T15:45:27.130Z,38.791667938232,-122.7551651001,0.25,0.79,md,8,88,0.009624,0.03,nc,nc75124576,2025-01-28T15:47:06.464Z,"2 km NNE of The Geysers, CA",earthquake,0.34,1.04999995,0.08,8,automatic,nc,nc
2025-01-28T15:44:41.805Z,31.683,-104.404,5.9973,1.6,ml,14,69,0,0.1,tx,tx2025bynw,2025-01-28T19:49:31.790Z,"54 km S of Whites City, New Mexico",earthquake,0.78745698516373,0.89375933108739,0.2,24,reviewed,tx,tx
2025-01-28T15:24:03.482Z,31.278,-103.385,5.7922,2.6,ml,27,42,0.1,0.2,tx,tx2025bynd,2025-01-28T20:06:57.887Z,"17 km SE of Lindsay, Texas",earthquake,0.8517874444419,2.1265428966967,0.2,26,reviewed,tx,tx
2025-01-28T15:23:55.560Z,38.83716583252,-122.83032989502,4.1300001144409,0.73,md,7,96,0.004271,0.02,nc,nc75124566,2025-01-28T15:25:31.552Z,"9 km NNW of The Geysers, CA",earthquake,2.92,7.09000015,0.27,9,automatic,nc,nc
2025-01-28T15:11:03.360Z,38.7935,-122.7565,0.67,0.23,md,17,85,0.007544,0.03,nc,nc75124561,2025-01-28T20:56:50.548Z,"2 km N of The Geysers, CA",earthquake,0.14,0.22,0.183,14,reviewed,nc,nc
2025-01-28T15:06:49.720Z,61.2725,-152.2445,1.54,-0.33,ml,5,201,0.04381,0.09,av,av93475271,2025-01-29T05:50:11.820Z,"63 km WNW of Tyonek, Alaska",earthquake,0.5,2.12,0.10590492874393,4,reviewed,av,av
2025-01-28T15:06:25.660Z,38.829498291016,-122.81733703613,1.7400000095367,1.54,md,28,47,0.008326,0.02,nc,nc75124556,2025-01-28T15:09:44.150Z,"8 km NNW of The Geysers, CA",earthquake,0.17,0.300000012,0.15,28,automatic,nc,nc
2025-01-28T15:02:35.220Z,61.269,-152.24666666667,-1.51,-0.46,ml,5,193,0.04443,0.09,av,av93031009,2025-01-29T05:55:23.290Z,"63 km WNW of Tyonek, Alaska",earthquake,0.46,4.4,0.10641838221842,5,reviewed,av,av
2025-01-28T14:58:21.210Z,61.274666666667,-152.24133333333,5.07,-0.53,ml,5,205,0.04272,0.13,av,av93475236,2025-01-29T00:20:37.420Z,"63 km WNW of Tyonek, Alaska",earthquake,0.74,2,0.14626932722805,4,reviewed,av,av
2025-01-28T14:57:38.730Z,61.261,-152.255,2.31,-1.12,ml,5,175,0.04854,0.1,av,av93475241,2025-01-29T00:23:28.390Z,"63 km WNW of Tyonek, Alaska",earthquake,0.49,1.38,0.13666503175855,4,reviewed,av,av
2025-01-28T14:55:41.100Z,33.8513333,-117.6425,9.61,0.61,ml,22,89,0.06244,0.13,ci,ci40853591,2025-01-29T15:49:46.074Z,"7 km WSW of Corona, CA",earthquake,0.24,0.4,0.161,10,reviewed,ci,ci
2025-01-28T14:53:34.573Z,0.4607,121.1882,99.303,5.5,mww,234,36,0.763,0.73,us,us6000pmsr,2025-01-29T15:58:47.049Z,"208 km W of Gorontalo, Indonesia",earthquake,5.29,3.776,0.055,32,reviewed,us,us
2025-01-28T14:46:10.110Z,38.821834564209,-122.84750366211,2.6600000858307,0.76,md,12,101,0.009278,0.03,nc,nc75124551,2025-01-28T14:47:45.982Z,"9 km NW of The Geysers, CA",earthquake,0.49,1.00999999,0.32,14,automatic,nc,nc
2025-01-28T14:41:59.729Z,56.1183,-158.3034,71.5,2,ml,,,,0.43,ak,ak0251ajmp9g,2025-01-28T14:44:07.654Z,"20 km SSE of Chignik, Alaska",earthquake,,1.4,,,automatic,ak,ak
2025-01-28T14:37:32.670Z,52.080833333333,-176.14233333333,-1.77,0.63,ml,6,134,0.02499,0.25,av,av93475206,2025-01-29T00:10:25.740Z,"40 km NE of Adak, Alaska",earthquake,0.64,1.2,0.20574294866588,6,reviewed,av,av
2025-01-28T14:29:44.400Z,61.270833333333,-152.25316666667,1.25,-0.75,ml,5,197,0.04773,0.13,av,av93031004,2025-01-29T00:53:57.230Z,"64 km WNW of Tyonek, Alaska",earthquake,0.56,1.9,0.23694854465613,5,reviewed,av,av
2025-01-28T14:25:04.580Z,38.798168182373,-122.74800109863,1.8600000143051,0.72,md,7,99,0.01732,0.01,nc,nc75124541,2025-01-28T14:26:40.816Z,"2 km NNE of The Geysers, CA",earthquake,0.35,1.17999995,0.12,8,automatic,nc,nc
2025-01-28T14:22:59.460Z,38.1844,-117.8669,11.7,2.2,ml,10,89.68,0.094,0.1388,nn,nn00892644,2025-01-28T17:51:28.158Z,"31 km SE of Mina, Nevada",earthquake,,1.8,0.4,5,reviewed,nn,nn
2025-01-28T14:20:21.560Z,44.345166666667,-114.8325,6.23,2.37,ml,19,59,0.2391,0.22,mb,mb90071713,2025-01-28T15:52:53.100Z,"16 km NNE of Stanley, Idaho",earthquake,0.5,1.3,0.17671452397123,29,reviewed,mb,mb
2025-01-28T14:16:54.682Z,63.7166,-149.5698,122,2,ml,,,,0.28,ak,ak0251ajhbz0,2025-01-28T14:19:00.166Z,"32 km W of Denali Park, Alaska",earthquake,,0.9,,,automatic,ak,ak
2025-01-28T14:16:35.980Z,38.83,-122.81916666667,1.94,0.44,md,17,49,0.009692,0.03,nc,nc75124536,2025-01-29T08:02:58.246Z,"8 km NNW of The Geysers, CA",earthquake,0.26,0.36,0.194,17,reviewed,nc,nc
2025-01-28T14:16:21.684Z,-31.3488,-70.7301,106.04,4.4,mb,43,97,0.273,0.64,us,us6000pmsi,2025-01-28T18:56:37.040Z,"52 km NE of Illapel, Chile",earthquake,4.79,3.601,0.126,18,reviewed,us,us
2025-01-28T14:15:22.910Z,51.503666666667,-177.17283333333,9.08,1.69,ml,11,243,0.2611,0.06,av,av93475186,2025-01-28T23:52:41.530Z,"55 km SW of Adak, Alaska",earthquake,0.34,0.44,0.31095923125751,11,reviewed,av,av
2025-01-28T14:14:21.700Z,46.724666666667,-121.8665,3.46,0.72,ml,37,72,0.008408,0.1,uw,uw62072766,2025-01-28T21:12:17.240Z,"13 km ESE of Ashford, Washington",earthquake,0.16,0.32,0.24260955706646,20,reviewed,uw,uw
2025-01-28T14:02:44.810Z,44.818333333333,-111.54233333333,11.72,0.45,ml,12,90,0.08089,0.12,mb,mb90071833,2025-01-28T22:47:48.800Z,"28 km W of Hebgen Lake Estates, Montana",earthquake,0.36,0.35,0.11151419800455,8,reviewed,mb,mb
2025-01-28T13:53:31.357Z,59.7138,-153.7402,138.4,2.4,ml,,,,0.31,ak,ak0251aj3r6q,2025-01-28T18:33:57.040Z,"22 km ESE of Pedro Bay, Alaska",earthquake,,0.5,,,automatic,ak,ak
2025-01-28T13:50:36.810Z,38.942333333333,-123.03666666667,4.82,1.56,md,45,68,0.05817,0.06,nc,nc75124531,2025-01-29T10:35:55.810Z,"15 km SW of Lakeport, CA",earthquake,0.2,0.48,0.135,38,reviewed,nc,nc
2025-01-28T13:49:56.580Z,60.013833333333,-152.76216666667,16.28,0.57,ml,6,249,0.1218,0.09,av,av93475156,2025-01-29T00:00:20.120Z,"57 km W of Happy Valley, Alaska",earthquake,1.55,1.19,0.23139135125196,6,reviewed,av,av
2025-01-28T13:37:03.917Z,13.1879,-81.6642,10,4.9,mww,229,39,3.635,0.54,us,us6000pmsg,2025-01-29T15:39:14.729Z,"37 km WSW of Mountain, Colombia",earthquake,6.48,1.829,0.055,32,reviewed,us,us
2025-01-28T13:26:04.370Z,38.787498474121,-122.76599884033,2.2999999523163,1.13,md,19,75,0.014,0.03,nc,nc75124526,2025-01-28T13:27:41.450Z,"1 km NNW of The Geysers, CA",earthquake,0.27,0.50999999,0.16,21,automatic,nc,nc
2025-01-28T13:25:12.330Z,44.325,-115.0769,12.027,3,ml,43,63,0.274,0.65,us,us6000pmsf,2025-01-29T04:39:36.595Z,"16 km NW of Stanley, Idaho",earthquake,1.2,7.279,0.025,218,reviewed,us,us
2025-01-28T13:09:26.590Z,33.514,-116.7611667,6.62,0.35,ml,28,43,0.04088,0.16,ci,ci40853543,2025-01-28T14:55:48.714Z,"9 km WSW of Anza, CA",earthquake,0.19,0.37,0.117,11,reviewed,ci,ci
2025-01-28T13:06:56.570Z,37.586333333333,-118.87966666667,3.17,-0.13,md,15,191,0.0352,0.04,nc,nc75124521,2025-01-28T19:02:47.137Z,"10 km SE of Mammoth Lakes, CA",earthquake,0.45,0.67,0.187,12,reviewed,nc,nc
2025-01-28T13:01:42.730Z,58.319833333333,-155.21133333333,7.78,-0.59,ml,5,142,0.04542,0.31,av,av93030999,2025-01-29T00:15:42.650Z,"93 km ESE of King Salmon, Alaska",earthquake,1.34,1.75,0.38804852352322,5,reviewed,av,av
2025-01-28T13:01:16.665Z,59.262,-152.5825,13.7,2.1,ml,,,,0.91,ak,ak0251aislq0,2025-01-28T13:03:41.793Z,"39 km WSW of Nanwalek, Alaska",earthquake,,1.9,,,automatic,ak,ak
2025-01-28T12:58:31.290Z,37.585166666667,-118.844,5.53,0.02,md,12,208,0.01279,0.04,nc,nc75124511,2025-01-28T18:54:14.588Z,"13 km SE of Mammoth Lakes, CA",earthquake,0.53,0.93,0.247,11,reviewed,nc,nc
2025-01-28T12:48:54.590Z,38.784000396729,-122.76650238037,2.5599999427795,2.34,md,64,40,0.01327,0.08,nc,nc75124501,2025-01-28T13:12:18.189Z,"1 km NW of The Geysers, CA",earthquake,0.15,0.270000011,0.17,62,automatic,nc,nc
2025-01-28T12:48:30.290Z,34.046,-117.128,6.17,1.17,ml,69,22,0.01667,0.19,ci,ci40853535,2025-01-28T14:56:22.696Z,"3 km SSE of Mentone, CA",earthquake,0.13,0.32,0.159,28,reviewed,ci,ci
2025-01-28T12:46:22.570Z,34.3425,-118.8175,18.81,1.26,ml,37,44,0.09378,0.18,ci,ci40853527,2025-01-30T00:17:37.752Z,"8 km SSW of Piru, CA",earthquake,0.23,0.5,0.185,30,reviewed,ci,ci
2025-01-28T12:44:01.940Z,58.253833333333,-155.16583333333,0.56,-0.73,ml,4,234,0.02948,0.24,av,av93475106,2025-01-28T23:19:19.410Z,"87 km NNW of Karluk, Alaska",earthquake,1.19,2.95,0.085425336048048,4,reviewed,av,av
2025-01-28T12:35:27.810Z,38.825332641602,-122.85466766357,2.670000076294,0.75,md,14,113,0.002801,0.03,nc,nc75124496,2025-01-28T12:37:05.899Z,"10 km NW of The Geysers, CA",earthquake,0.35,0.699999988,0.14,14,automatic,nc,nc
2025-01-28T12:34:04.690Z,53.9425,-166.57816666667,8.49,0.73,ml,8,222,0.06605,0.14,av,av93475091,2025-01-28T23:11:45.270Z,"6 km NNW of Dutch Harbor, Alaska",earthquake,0.57,0.8,0.11367922798925,7,reviewed,av,av
2025-01-28T12:30:25.900Z,35.851001739502,-119.94899749756,6.9699997901917,2.28,md,27,107,0.1692,0.21,nc,nc75124491,2025-01-28T13:59:53.294Z,"18 km S of Kettleman City, CA",earthquake,0.39,1.03999996,0.14,24,automatic,nc,nc
2025-01-28T12:26:20.089Z,-22.731,-69.0747,106.79,4.4,mb,39,50,0.46,0.78,us,us6000pms8,2025-01-29T10:13:51.040Z,"34 km SSW of Calama, Chile",earthquake,4.95,3.32,0.11,24,reviewed,us,us
2025-01-28T12:07:54.280Z,40.335666666667,-124.82483333333,8.38,1.85,md,45,262,0.3718,0.27,nc,nc75124486,2025-01-28T19:34:27.319Z,"46 km WNW of Petrolia, CA",earthquake,0.71,0.69,0.084,14,reviewed,nc,nc
2025-01-28T12:06:44.370Z,18.167833333333,-66.863333333333,17.72,2.92,md,25,68,0.1139,0.3,pr,pr71471688,2025-01-28T13:06:43.040Z,"12 km E of Maricao, Puerto Rico",earthquake,0.4,0.84,0.21253965524057,15,reviewed,pr,pr
2025-01-28T12:03:31.129Z,34.0373,89.0926,10,4,mb,42,134,4.654,0.55,us,us6000pmsb,2025-01-29T09:06:16.040Z,"Xizang-Qinghai border region",earthquake,4.76,1.899,0.103,25,reviewed,us,us
2025-01-28T12:02:36.670Z,31.489,-104.037,1.9214,1.4,ml,28,63,0,0.2,tx,tx2025bygk,2025-01-28T17:08:14.560Z,"30 km NW of Toyah, Texas",earthquake,0.77930867789796,1.026949351297,0.2,16,reviewed,tx,tx
2025-01-28T12:00:34.780Z,47.788333333333,-122.47383333333,25.43,1.21,ml,15,116,0.03108,0.12,uw,uw62072756,2025-01-28T20:19:57.230Z,"2 km ESE of Kingston, Washington",earthquake,0.52,0.73,0.15347182842207,8,reviewed,uw,uw
2025-01-28T11:59:36.190Z,45.4855,-113.828,5.01,0.82,ml,8,143,0.3028,0.2,mb,mb90071828,2025-01-28T22:38:51.260Z,"32 km WSW of Wisdom, Montana",earthquake,0.67,10.63,0.13319778984443,8,reviewed,mb,mb
2025-01-28T11:57:11.020Z,38.785167694092,-122.74133300781,0.40999999642372,1.08,md,15,82,0.004085,0.05,nc,nc75124481,2025-01-28T12:08:40.936Z,"2 km ENE of The Geysers, CA",earthquake,0.25,0.419999987,0.1,15,automatic,nc,nc
2025-01-28T11:50:36.640Z,33.507,-116.4915,15.23,0.51,ml,25,61,0.09331,0.11,ci,ci40853495,2025-01-28T14:56:24.623Z,"18 km ESE of Anza, CA",earthquake,0.19,0.44,0.107,9,reviewed,ci,ci
2025-01-28T11:38:23.670Z,38.830333709717,-122.85500335693,1.7799999713898,1.04,md,15,74,0.003144,0.01,nc,nc75124476,2025-01-28T11:40:01.703Z,"10 km NW of The Geysers, CA",earthquake,0.28,0.49000001,0.12,15,automatic,nc,nc
2025-01-28T11:33:50.070Z,33.3861667,-116.9545,9.63,0.49,ml,28,51,0.06475,0.18,ci,ci40853487,2025-01-30T00:05:46.051Z,"9 km WNW of Palomar Observatory, CA",earthquake,0.22,0.63,0.115,20,reviewed,ci,ci
2025-01-28T11:33:32.640Z,44.724,-111.9815,8.21,1.01,ml,21,46,0.2252,0.16,mb,mb90071823,2025-01-28T22:27:08.020Z,"43 km NNE of Spencer, Idaho",earthquake,0.34,2.18,0.20453027611951,19,reviewed,mb,mb
2025-01-28T11:26:56.153Z,63.5498,-150.7747,1.1,1.6,ml,,,,0.2,ak,ak0251ahr6fj,2025-01-28T11:28:31.974Z,"47 km E of Denali National Park, Alaska",earthquake,,0.4,,,automatic,ak,ak
2025-01-28T11:25:27.791Z,52.4883,-169.5512,51.033,4.1,mb,73,174,0.316,0.91,us,us6000pms4,2025-01-28T17:16:29.379Z,"68 km SW of Nikolski, Alaska",earthquake,7.15,5.558,0.075,48,reviewed,us,us
2025-01-28T11:24:38.474Z,-19.7042,-177.7125,572.981,4.4,mb,67,91,4.242,0.76,us,us6000pms2,2025-01-28T11:49:44.040Z,"299 km WNW of Houma, Tonga",earthquake,12.93,9.169,0.038,201,reviewed,us,us
2025-01-28T11:05:33.950Z,38.940666666667,-123.03683333333,5.69,1.08,md,38,68,0.05957,0.06,nc,nc75124466,2025-01-28T19:24:54.322Z,"15 km N of Cloverdale, CA",earthquake,0.14,0.32,0.219,32,reviewed,nc,nc
2025-01-28T11:04:21.390Z,34.0441667,-117.1313333,5.42,1,ml,65,24,0.01795,0.19,ci,ci40853471,2025-01-29T15:15:48.478Z,"3 km S of Mentone, CA",earthquake,0.14,0.38,0.126,26,reviewed,ci,ci
2025-01-28T11:03:59.600Z,46.192166666667,-122.18066666667,6.93,-0.3,ml,8,141,0.008709,0.11,uw,uw62072746,2025-01-28T22:24:13.050Z,"37 km NNE of Amboy, Washington",earthquake,0.69,0.58,0.03648649479989,3,reviewed,uw,uw
2025-01-28T11:01:39.077Z,-17.7649,-178.65,538.563,4.4,mb,33,93,2.285,0.7,us,us6000pms1,2025-01-28T11:55:32.040Z,"218 km E of Levuka, Fiji",earthquake,12.79,9.787,0.102,29,reviewed,us,us
2025-01-28T11:00:47.120Z,61.221833333333,-152.23633333333,28.62,-0.5,ml,6,101,0.02538,0.09,av,av93030989,2025-01-28T23:37:44.980Z,"61 km WNW of Tyonek, Alaska",earthquake,1.66,0.61,0.28743800384002,6,reviewed,av,av
2025-01-28T10:59:19.250Z,34.1626667,-117.7191667,5.97,1.04,ml,30,99,0.05176,0.15,ci,ci40853463,2025-01-29T15:16:02.218Z,"7 km N of Claremont, CA",earthquake,0.19,0.43,0.4,33,reviewed,ci,ci
2025-01-28T10:55:22.250Z,38.821333333333,-122.7635,2.64,0.37,md,13,150,0.01041,0.03,nc,nc75124461,2025-01-29T07:57:54.833Z,"4 km W of Cobb, CA",earthquake,0.3,0.27,0.114,11,reviewed,nc,nc
2025-01-28T10:48:39.657Z,38.1483,-117.9674,9.9,2.7,ml,15,82.97,0.053,0.1287,nn,nn00892640,2025-01-29T08:32:38.040Z,"29 km SSE of Mina, Nevada",earthquake,,1.2,0.44,8,reviewed,nn,nn
2025-01-28T10:45:37.350Z,38.831665039062,-122.81666564941,1.4500000476837,0.5,md,10,82,0.009732,0.01,nc,nc75124451,2025-01-28T10:47:16.424Z,"8 km NNW of The Geysers, CA",earthquake,0.36,0.920000017,0.3,11,automatic,nc,nc
2025-01-28T10:35:20.269Z,-19.1679,-177.2756,591.679,4.4,mb,20,186,4.167,0.7,us,us6000pmry,2025-01-28T11:15:23.040Z,"Fiji region",earthquake,21.21,16.996,0.13,17,reviewed,us,us
2025-01-28T10:26:33.262Z,-40.5905,175.7885,44.778,5.1,mww,52,79,0.174,1.54,us,us6000pmru,2025-01-29T10:30:51.465Z,"15 km SSW of Pahiatua, New Zealand",earthquake,5.9,5.698,0.089,12,reviewed,us,us
2025-01-28T10:23:35.781Z,-30.3455,-177.9954,66.882,5.1,mb,56,69,1.082,1.17,us,us6000pmrw,2025-01-28T10:56:32.040Z,"Kermadec Islands, New Zealand",earthquake,11.46,7.049,0.04,203,reviewed,us,us
2025-01-28T10:22:56.000Z,46.8515,-121.765,2.08,-0.01,ml,8,119,0.02711,0.09,uw,uw62072741,2025-01-28T22:21:26.340Z,"22 km ENE of Ashford, Washington",earthquake,0.28,0.74,0.12103387460426,3,reviewed,uw,uw
2025-01-28T10:11:04.280Z,38.99,-123.37783333333,3.66,1.07,md,17,58,0.02296,0.07,nc,nc75124446,2025-01-28T19:19:52.560Z,"2 km SW of Boonville, CA",earthquake,0.18,0.48,0.136,12,reviewed,nc,nc
2025-01-28T09:54:55.960Z,38.743999481201,-122.70899963379,1.5499999523163,1.38,md,6,198,0.0215,0.02,nc,nc75124441,2025-01-28T09:56:30.701Z,"4 km SW of Anderson Springs, CA",earthquake,1.02,0.720000029,0.64,7,automatic,nc,nc
2025-01-28T09:54:00.186Z,-33.0626,166.6063,10,4.9,mb,28,70,4.166,1.2,us,us6000pmrp,2025-01-28T10:34:56.040Z,"northwest of New Zealand",earthquake,8.45,1.928,0.129,21,reviewed,us,us
2025-01-28T09:47:54.670Z,31.621,-104.504,8.2788,1.4,ml,13,75,0,0.2,tx,tx2025bybz,2025-01-28T20:10:23.909Z,"62 km S of Whites City, New Mexico",earthquake,2.0799029272323,1.2933063608329,0.2,11,reviewed,tx,tx
2025-01-28T09:38:35.143Z,61.553,-149.8536,34.5,1.4,ml,,,,0.48,ak,ak0251agmu6y,2025-01-28T09:40:41.545Z,"6 km ENE of Big Lake, Alaska",earthquake,,0.3,,,automatic,ak,ak
2025-01-28T09:32:24.175Z,61.6309,-150.7779,43,2.3,ml,,,,0.32,ak,ak0251aglj1t,2025-01-28T09:34:07.864Z,"17 km NW of Susitna, Alaska",earthquake,,1.4,,,automatic,ak,ak
2025-01-28T09:29:49.941Z,59.9455,-143.2452,35.8,2,ml,,,,0.92,ak,ak0251agkxw2,2025-01-28T09:31:43.553Z,"154 km ESE of Cordova, Alaska",earthquake,,4.4,,,automatic,ak,ak
2025-01-28T09:23:10.600Z,57.006333333333,-136.0985,13.14,1.65,ml,6,274,0.1715,0.2,av,av93474926,2025-01-28T22:52:24.790Z,"46 km W of Sitka, Alaska",earthquake,3.08,0.76,0.42030654411766,6,reviewed,av,av
2025-01-28T09:22:26.080Z,57.009333333333,-136.064,13.69,1.93,ml,5,348,0.1524,0.1,av,av93474921,2025-01-28T22:46:32.990Z,"44 km W of Sitka, Alaska",earthquake,2.77,0.5,0.23246000662833,8,reviewed,av,av
2025-01-28T09:21:28.130Z,57.067333333333,-136.0835,13.7,1.38,ml,4,348,0.1638,0.08,av,av93474916,2025-01-28T22:44:57.270Z,"45 km W of Sitka, Alaska",earthquake,3.11,0.47,0.34178086023937,5,reviewed,av,av
2025-01-28T09:20:51.120Z,56.998333333333,-136.07283333333,13.33,0.92,ml,5,346,0.1589,0.18,av,av93474911,2025-01-28T22:34:13.670Z,"45 km W of Sitka, Alaska",earthquake,3.61,0.77,0.51389523869454,5,reviewed,av,av
2025-01-28T09:20:12.470Z,56.978,-136.0605,13.29,1.23,ml,5,342,0.1576,0.17,av,av93474906,2025-01-28T22:29:57.240Z,"45 km W of Sitka, Alaska",earthquake,4.01,0.84,0.49415582334804,5,reviewed,av,av
2025-01-28T09:18:23.800Z,38.812831878662,-122.82499694824,1.8899999856949,0.75,md,8,85,0.005132,0.01,nc,nc75124436,2025-01-28T09:20:01.612Z,"7 km NW of The Geysers, CA",earthquake,0.52,1.03999996,0.2,8,automatic,nc,nc
2025-01-28T09:12:48.570Z,34.0435,-117.0176667,13.36,0.66,ml,27,51,0.07908,0.18,ci,ci40853431,2025-01-29T23:48:38.886Z,"3 km ENE of Yucaipa, CA",earthquake,0.26,0.65,0.15,15,reviewed,ci,ci
2025-01-28T09:12:39.380Z,33.489,-116.4428333,13.5,-0.18,ml,9,120,0.1232,0.13,ci,ci37694612,2025-01-29T23:54:26.921Z,"23 km ESE of Anza, CA",earthquake,0.41,0.9,0.104,8,reviewed,ci,ci
2025-01-28T09:11:52.260Z,17.956,-66.924,13.6,2.14,md,7,205,0.04661,0.06,pr,pr71471683,2025-01-28T10:11:05.860Z,"2 km SW of Guánica, Puerto Rico",earthquake,0.63,0.38,0.046422033108012,5,reviewed,pr,pr
2025-01-28T09:09:07.288Z,2.4078,132.8792,10,4.6,mb,47,102,5.154,0.48,us,us6000pmri,2025-01-28T10:21:39.040Z,"206 km ESE of Tobi Village, Palau",earthquake,9.25,1.889,0.094,34,reviewed,us,us
2025-01-28T08:56:33.490Z,60.073,-153.00966666667,1.15,-0.58,ml,4,286,0.03128,0.29,av,av93474896,2025-01-29T09:02:58.000Z,"69 km ENE of Pedro Bay, Alaska",earthquake,2,0.81,0.28857717787953,4,reviewed,av,av
2025-01-28T08:51:54.093Z,62.9033,-151.0016,110.6,2,ml,,,,0.38,ak,ak0251ag48cx,2025-01-28T08:54:20.847Z,"46 km NNW of Petersville, Alaska",earthquake,,0.7,,,automatic,ak,ak
2025-01-28T08:45:45.000Z,35.46966667,-97.00616667,6.74,0.81,ml,37,47,0.1016800469,0.16,ok,ok2025bxzy,2025-01-29T14:02:31.613Z,"8 km ENE of McLoud, Oklahoma",earthquake,,0.4,0.25,15,reviewed,ok,ok
2025-01-28T08:34:07.742Z,58.2238,-153.6075,38,2,ml,,,,0.42,ak,ak0251ag0hly,2025-01-28T08:36:39.390Z,"44 km WNW of Aleneva, Alaska",earthquake,,7,,,automatic,ak,ak
2025-01-28T08:24:06.890Z,38.788333892822,-122.76716613769,3.1400001049042,0.9,md,8,95,0.01359,0.01,nc,nc75124431,2025-01-28T08:25:41.421Z,"2 km NNW of The Geysers, CA",earthquake,0.46,1.41999996,0.15,9,automatic,nc,nc
2025-01-28T08:11:34.040Z,61.0454,-151.3537,60.7,2.1,ml,,,,0.24,ak,ak0251afvm64,2025-01-28T10:39:57.040Z,"11 km WSW of Tyonek, Alaska",earthquake,,1.4,,,automatic,ak,ak
2025-01-28T08:01:04.640Z,38.82149887085,-122.81233215332,3.1099998950958,0.76,md,14,66,0.002588,0.03,nc,nc75124426,2025-01-28T08:02:41.237Z,"7 km NNW of The Geysers, CA",earthquake,0.37,1,0.06,15,automatic,nc,nc
2025-01-28T07:57:42.913Z,15.4967,-93.2222,107.123,4.6,mb,54,130,1.304,0.91,us,us6000pmr8,2025-01-28T21:04:46.911Z,"0 km W of El Palmarcito, Mexico",earthquake,6.72,7.661,0.03,338,reviewed,us,us
2025-01-28T07:54:48.590Z,34.5568333,-119.1478333,0.96,0.7,ml,12,100,0.1139,0.19,ci,ci40853423,2025-01-28T17:41:51.293Z,"15 km NE of Ojai, CA",earthquake,0.32,0.53,0.122,9,reviewed,ci,ci
2025-01-28T07:50:21.190Z,32.4931667,-115.6021667,7.03,1.22,ml,18,127,0.04781,0.21,ci,ci40853415,2025-01-29T20:24:07.947Z,"10 km S of Progreso, B.C., MX",earthquake,0.37,0.74,0.306,13,reviewed,ci,ci
2025-01-28T07:49:55.710Z,38.796333312988,-122.76533508301,3.5099999904633,0.97,md,11,74,0.006138,0.01,nc,nc75124421,2025-01-28T08:02:42.416Z,"2 km  of The Geysers, CA",earthquake,0.42,0.949999988,0.18,12,automatic,nc,nc
2025-01-28T07:40:56.980Z,59.3926,-153.2627,103.9,2.8,ml,,,,0.41,ak,ak0251afgg3g,2025-01-28T07:42:47.051Z,"64 km SE of Pedro Bay, Alaska",earthquake,,0.4,,,automatic,ak,ak
2025-01-28T07:38:44.070Z,33.5125,-116.7616667,7.05,0.67,ml,30,42,0.04011,0.15,ci,ci40853407,2025-01-28T19:42:28.013Z,"9 km WSW of Anza, CA",earthquake,0.16,0.46,0.094,19,reviewed,ci,ci
2025-01-28T07:38:34.830Z,38.815334320068,-122.82399749756,2.460000038147,0.75,md,15,74,0.00762,0.02,nc,nc75124416,2025-01-28T07:40:11.171Z,"7 km NW of The Geysers, CA",earthquake,0.29,0.689999998,0.18,16,automatic,nc,nc
2025-01-28T07:25:15.830Z,33.8046667,-116.205,9.38,1.45,ml,64,34,0.01585,0.12,ci,ci40853399,2025-01-29T23:29:01.070Z,"9 km N of Indio, CA",earthquake,0.13,0.27,0.212,34,reviewed,ci,ci
2025-01-28T07:09:10.810Z,36.547832489014,-121.08966827393,1.5499999523163,1.36,md,11,112,0.05063,0.16,nc,nc75124411,2025-01-28T07:10:46.167Z,"5 km E of Pinnacles, CA",earthquake,0.43,1.58000004,0.13,11,automatic,nc,nc
2025-01-28T06:52:34.959Z,-28.1647,-175.9982,10,5.8,mww,40,138,2.009,0.84,us,us6000pmqw,2025-01-29T06:56:11.031Z,"Kermadec Islands region",earthquake,10.5,1.951,0.051,37,reviewed,us,us
2025-01-28T06:44:03.490Z,61.332333333333,-152.24833333333,8.34,-0.14,ml,5,286,0.0808,0.27,av,av93030974,2025-01-28T21:51:46.380Z,"66 km WNW of Beluga, Alaska",earthquake,1.63,2.6,0.10717176216791,4,reviewed,av,av
2025-01-28T06:40:22.900Z,61.158,-152.23716666667,0.33,-0.48,ml,5,287,0.04442,0.07,av,av93030969,2025-01-28T21:37:20.230Z,"60 km W of Tyonek, Alaska",earthquake,0.62,2.11,0.18964799719704,5,reviewed,av,av
2025-01-28T06:40:10.340Z,38.813499450684,-122.81916809082,2.7000000476837,1.07,md,27,52,0.009086,0.02,nc,nc75124406,2025-01-28T06:53:40.437Z,"7 km NW of The Geysers, CA",earthquake,0.21,0.449999988,0.07,28,automatic,nc,nc
2025-01-28T06:33:08.778Z,61.5438,-148.3695,23.5,1.1,ml,,,,0.18,ak,ak0251aeterh,2025-01-28T06:34:58.518Z,"28 km S of Chickaloon, Alaska",earthquake,,0.6,,,automatic,ak,ak
2025-01-28T06:32:22.260Z,36.62516784668,-121.27933502197,5.0999999046326,1.28,md,7,114,0.03181,0.19,nc,nc75124401,2025-01-28T06:34:01.502Z,"16 km NW of Pinnacles, CA",earthquake,0.99,2,0.29,5,automatic,nc,nc
2025-01-28T06:25:06.450Z,46.656166666667,-122.2215,16.1,0.89,ml,34,124,0.112,0.1,uw,uw62072731,2025-01-28T19:41:14.370Z,"7 km SSW of Mineral, Washington",earthquake,0.31,0.53,0.20056356716811,19,reviewed,uw,uw
2025-01-28T06:24:36.546Z,61.3579,-146.8583,34.8,1.6,ml,,,,1.02,ak,ak0251aerjgg,2025-01-28T06:27:01.109Z,"37 km NW of Valdez, Alaska",earthquake,,2.2,,,automatic,ak,ak
2025-01-28T06:20:27.047Z,46.6553,145.0723,10,4.7,mb,80,126,1.617,0.64,us,us6000pmqt,2025-01-28T06:42:33.040Z,"175 km E of Korsakov, Russia",earthquake,5.34,1.799,0.054,103,reviewed,us,us
2025-01-28T06:18:12.130Z,38.821998596191,-122.76699829102,2.1400001049042,1.03,md,15,110,0.008761,0.02,nc,nc75124396,2025-01-28T06:19:51.513Z,"4 km W of Cobb, CA",earthquake,0.31,0.540000021,0.23,16,automatic,nc,nc
2025-01-28T06:14:28.510Z,53.948166666667,-166.5665,10.77,0.59,ml,11,130,0.07067,0.25,av,av93474771,2025-01-28T21:32:48.870Z,"6 km NNW of Dutch Harbor, Alaska",earthquake,0.65,1.22,0.14190083207701,10,reviewed,av,av
2025-01-28T06:08:31.268Z,31.535,-104.161,6.0999,3,ml,41,72,0.1,0.2,tx,tx2025bxut,2025-01-28T06:24:41.040Z,"42 km NW of Toyah, Texas",earthquake,0.768052168758,0.7702911504884,0.1,30,reviewed,tx,tx
2025-01-28T06:07:07.500Z,54.039833333333,-166.10833333333,17.18,-0.12,ml,7,307,0.07577,0.18,av,av93030979,2025-01-28T22:08:30.650Z,"24 km WSW of Akutan, Alaska",earthquake,1.65,0.98,0.16943725729886,7,reviewed,av,av
2025-01-28T06:04:12.047Z,31.296,-103.4,3.2544,1.5,ml,17,59,0,0.2,tx,tx2025bxup,2025-01-28T17:56:16.041Z,"15 km ESE of Lindsay, Texas",earthquake,1.8484426709482,1.4046113907593,0.1,8,reviewed,tx,tx
2025-01-28T06:03:29.080Z,32.9265,-117.8141667,1.47,1.77,ml,23,172,0.4945,0.22,ci,ci40853391,2025-01-29T21:02:20.066Z,"50 km WSW of Encinitas, CA",earthquake,0.56,1.15,0.173,17,reviewed,ci,ci
2025-01-28T05:55:18.070Z,34.0468333,-117.498,3.17,0.74,ml,30,69,0.03905,0.17,ci,ci40853383,2025-01-28T17:49:14.332Z,"4 km NNW of Glen Avon, CA",earthquake,0.23,0.27,0.152,10,reviewed,ci,ci
2025-01-28T05:49:33.060Z,46.803333333333,-121.72666666667,2.88,0.39,ml,13,168,0.01997,0.13,uw,uw62072726,2025-01-28T19:04:10.650Z,"22 km N of Packwood, Washington",earthquake,0.65,0.75,0.3647386234038,8,reviewed,uw,uw
2025-01-28T05:44:59.190Z,37.494166666667,-121.62816666667,7.62,0.95,md,17,79,0.02578,0.08,nc,nc75124391,2025-01-28T06:41:31.343Z,"23 km ENE of Alum Rock, CA",earthquake,0.2,0.5,0.219,14,reviewed,nc,nc
2025-01-28T05:43:10.921Z,37.9867,-117.8952,7.6,1,ml,8,72.79,0.224,0.0862,nn,nn00892633,2025-01-28T19:11:17.598Z,"34 km NW of Silver Peak, Nevada",earthquake,,3.5,0.35,4,reviewed,nn,nn
2025-01-28T05:36:30.360Z,53.9465,-166.56316666667,8.3,0.04,ml,6,233,0.07304,0.05,av,av93030964,2025-01-28T21:26:01.790Z,"6 km NNW of Dutch Harbor, Alaska",earthquake,0.46,0.67,0.1805139745912,6,reviewed,av,av
2025-01-28T05:35:23.420Z,38.824001312256,-122.80066680908,-0.5799999833107,0.5,md,8,71,0.007373,0.01,nc,nc75124386,2025-01-28T05:37:01.089Z,"6 km NNW of The Geysers, CA",earthquake,0.24,1,0.28,8,automatic,nc,nc
2025-01-28T05:27:45.860Z,38.820167541504,-122.84216308594,1.7400000095367,0.76,md,7,135,0.006302,0.02,nc,nc75124381,2025-01-28T05:29:21.192Z,"9 km NW of The Geysers, CA",earthquake,0.51,0.99000001,0.2,8,automatic,nc,nc
2025-01-28T05:17:08.904Z,36.6103,-115.7076,9.6,0.4,ml,15,299.29,0.211,0.1443,nn,nn00892631,2025-01-28T19:02:02.611Z,"5 km NW of Indian Springs, Nevada",earthquake,,9.4,0.03,3,reviewed,nn,nn
2025-01-28T05:15:34.570Z,32.3033333,-115.3573333,9.98,1.49,ml,13,71,0.1709,0.18,ci,ci40853375,2025-01-28T19:03:12.794Z,"16 km WSW of Delta, B.C., MX",earthquake,0.34,1.33,0.162,11,reviewed,ci,ci
2025-01-28T05:09:28.200Z,-14.395,-76.4099,10,5,mb,54,158,2.43,1.01,us,us6000pmqh,2025-01-28T18:41:43.040Z,"60 km SSW of Paracas, Peru",earthquake,9.39,1.943,0.062,83,reviewed,us,us
2025-01-28T05:09:20.559Z,61.6433,-148.0059,12.5,1.3,ml,,,,0.22,ak,ak0251ae2uvr,2025-01-28T05:11:05.554Z,"26 km SW of Glacier View, Alaska",earthquake,,0.5,,,automatic,ak,ak
2025-01-28T05:08:49.550Z,38.759666442871,-122.73833465576,0.91000002622604,1.36,md,17,101,0.008457,0.04,nc,nc75124376,2025-01-28T05:10:27.029Z,"3 km SSE of The Geysers, CA",earthquake,0.25,0.360000014,0.19,17,automatic,nc,nc
2025-01-28T05:07:10.966Z,31.65,-104.432,6.0486,2.2,ml,17,79,0,0.2,tx,tx2025bxss,2025-01-28T10:20:09.994Z,"58 km S of Whites City, New Mexico",earthquake,1.0750076192202,0.75217601221854,0.1,11,reviewed,tx,tx
2025-01-28T05:06:07.610Z,60.052833333333,-153.07233333333,0.48,-0.84,ml,4,121,0.006304,0.1,av,av93474741,2025-01-28T21:18:54.640Z,"64 km ENE of Pedro Bay, Alaska",earthquake,0.91,0.55,0.34148058859011,4,reviewed,av,av
2025-01-28T05:04:34.870Z,38.833999633789,-122.79866790772,1.7400000095367,1.09,md,20,53,0.007852,0.02,nc,nc75124371,2025-01-28T05:06:10.655Z,"7 km WNW of Cobb, CA",earthquake,0.2,0.439999998,0.12,21,automatic,nc,nc
2025-01-28T05:03:54.097Z,39.3621,-81.3812,5,2.2,mb_lg,20,47,0.125,0.39,us,us6000pmqe,2025-01-29T19:14:48.684Z,"1 km SE of Reno, Ohio",earthquake,1.99,1.989,0.255,4,reviewed,us,us
2025-01-28T04:59:00.730Z,51.494666666667,-177.13416666667,12.4,1.41,ml,8,249,0.2746,0.13,av,av93474731,2025-01-28T20:38:26.940Z,"54 km SW of Adak, Alaska",earthquake,0.82,1.31,0.47342291767631,8,reviewed,av,av
2025-01-28T04:48:43.620Z,37.131333333333,-121.54633333333,7.31,0.75,md,21,45,0.0716,0.17,nc,nc75124366,2025-01-28T06:25:26.099Z,"8 km ENE of San Martin, CA",earthquake,0.36,0.97,0.218,16,reviewed,nc,nc
2025-01-28T04:46:20.600Z,38.836334228516,-122.78399658203,0.88999998569489,0.37,md,8,102,0.008625,0.02,nc,nc75124361,2025-01-28T04:47:55.866Z,"6 km WNW of Cobb, CA",earthquake,0.32,0.75999999,0.19,9,automatic,nc,nc
2025-01-28T04:38:45.470Z,38.9405,-122.0815,13.69,1.77,md,24,72,0.2134,0.07,nc,nc75124356,2025-01-29T09:23:24.114Z,"9 km SSW of Arbuckle, CA",earthquake,0.25,0.32,0.239,24,reviewed,nc,nc
2025-01-28T04:30:18.070Z,38.82483291626,-122.85299682617,2.4800000190735,0.77,md,8,140,0.004062,0.05,nc,nc75124346,2025-01-28T04:31:56.867Z,"10 km NW of The Geysers, CA",earthquake,0.99,1.38999999,0.24,11,automatic,nc,nc
2025-01-28T04:29:29.070Z,35.341,-117.7993333,6.68,1.34,ml,36,36,0.08267,0.18,ci,ci40853351,2025-01-28T14:58:12.233Z,"15 km WSW of Johannesburg, CA",earthquake,0.19,0.48,0.162,25,reviewed,ci,ci
2025-01-28T04:23:11.720Z,33.4755,-116.5671667,10.79,0.14,ml,20,47,0.03498,0.13,ci,ci40853343,2025-01-28T17:31:07.249Z,"13 km SE of Anza, CA",earthquake,0.22,0.42,0.169,4,reviewed,ci,ci
2025-01-28T04:20:57.780Z,33.3823333,-116.898,14.47,0.85,ml,53,26,0.04118,0.16,ci,ci40853335,2025-01-29T21:08:08.943Z,"4 km NW of Palomar Observatory, CA",earthquake,0.15,0.36,0.165,30,reviewed,ci,ci
2025-01-28T04:19:38.786Z,-28.9703,61.1528,10,4.6,mb,21,109,9.183,1.32,us,us6000pmqc,2025-01-28T05:06:59.040Z,"Southwest Indian Ridge",earthquake,12.65,1.909,0.158,12,reviewed,us,us
2025-01-28T04:16:08.404Z,41.4039,83.6375,10,4,mb,18,135,3.628,0.65,us,us6000pmq8,2025-01-28T04:31:41.040Z,"68 km ESE of Kuqa, China",earthquake,11.38,1.94,0.184,8,reviewed,us,us
2025-01-28T04:10:00.300Z,36.633834838867,-121.26833343506,5.789999961853,2.26,md,46,46,0.04376,0.19,nc,nc75124341,2025-01-28T04:32:14.783Z,"16 km NNW of Pinnacles, CA",earthquake,0.29,0.810000002,0.14,42,automatic,nc,nc
2025-01-28T04:00:30.830Z,61.272333333333,-152.24066666667,1.56,0.07,ml,5,200,0.04196,0.17,av,av93030959,2025-01-28T21:11:57.440Z,"63 km WNW of Tyonek, Alaska",earthquake,0.76,2.16,0.22260196243969,5,reviewed,av,av
2025-01-28T03:55:39.920Z,31.9566667,-116.3776667,17.51,1.52,ml,15,91,0.3653,0.18,ci,ci40853319,2025-01-28T17:37:26.237Z,"25 km ENE of Ensenada, B.C., MX",earthquake,0.44,1.3,0.231,14,reviewed,ci,ci
2025-01-28T03:54:12.350Z,33.8946667,-116.8613333,14.64,0.9,ml,40,33,0.08089,0.15,ci,ci40853311,2025-01-28T14:58:31.158Z,"4 km SSE of Banning, CA",earthquake,0.17,0.43,0.134,28,reviewed,ci,ci
2025-01-28T03:51:45.614Z,39.1687,-119.0276,4,1,ml,10,84.91,0.009,0.1556,nn,nn00892630,2025-01-28T18:46:38.107Z,"23 km NNE of Yerington, Nevada",earthquake,,0.9,0.21,4,reviewed,nn,nn
2025-01-28T03:49:54.900Z,38.822166666667,-122.84183333333,2.31,0.5,md,22,52,0.005398,0.01,nc,nc75124331,2025-01-29T08:59:47.413Z,"9 km NW of The Geysers, CA",earthquake,0.25,0.42,0.188,21,reviewed,nc,nc
2025-01-28T03:49:52.060Z,38.781833333333,-122.7195,2.39,0.56,md,9,84,0.01063,0.02,nc,nc75002238,2025-01-29T09:11:20.332Z,"3 km WNW of Anderson Springs, CA",earthquake,0.61,1.6,0.099,2,reviewed,nc,nc
2025-01-28T03:49:36.080Z,38.8375,-122.82933333333,2.02,0.49,md,27,74,0.004927,0.02,nc,nc75124326,2025-01-29T07:46:20.811Z,"9 km NNW of The Geysers, CA",earthquake,0.2,0.45,0.128,28,reviewed,nc,nc
2025-01-28T03:31:55.580Z,61.5317,-144.8562,30.4,1.9,ml,,,,0.49,ak,ak0251ad0s4m,2025-01-28T03:33:36.901Z,"21 km SSE of Kenny Lake, Alaska",earthquake,,0.2,,,automatic,ak,ak
2025-01-28T03:28:42.780Z,38.783832550049,-122.74383544922,1,0.79,md,8,94,0.005589,0.03,nc,nc75124321,2025-01-28T03:30:21.132Z,"1 km ENE of The Geysers, CA",earthquake,0.35,0.639999986,0.15,8,automatic,nc,nc
2025-01-28T03:20:56.790Z,38.837833404541,-122.79216766357,1.2400000095367,0.47,md,7,123,0.001536,0.01,nc,nc75124316,2025-01-28T03:22:31.038Z,"6 km WNW of Cobb, CA",earthquake,0.47,1.17999995,0.24,8,automatic,nc,nc
2025-01-28T03:07:26.309Z,35.14616667,-98.09516667,7.77,1.57,ml,43,78,0.07288569734,0.67,ok,ok2025bxot,2025-01-29T13:33:57.735Z,"6 km N of Verden, Oklahoma",earthquake,,1.8,0.27,20,reviewed,ok,ok
2025-01-28T03:06:52.710Z,35.14116667,-98.0885,9.78,0.73,ml,18,109,0.07738481446,0.36,ok,ok2025bxou,2025-01-29T13:37:49.428Z,"6 km N of Verden, Oklahoma",earthquake,,2.3,0.18,9,reviewed,ok,ok
2025-01-28T03:03:32.856Z,31.272,-103.397,2.3315,2,ml,21,55,0,0.3,tx,tx2025bxoq,2025-01-28T15:44:10.056Z,"17 km SE of Lindsay, Texas",earthquake,1.870874853997,1.2982763031235,0.2,24,reviewed,tx,tx
2025-01-28T02:54:06.450Z,35.8568333,-117.6675,5.22,1.58,ml,30,59,0.09193,0.18,ci,ci40853295,2025-01-29T21:02:18.129Z,"23 km ESE of Little Lake, CA",earthquake,0.2,0.97,0.18,31,reviewed,ci,ci
2025-01-28T02:48:00.750Z,33.828,-116.7505,17.57,0.6,ml,32,41,0.03941,0.17,ci,ci40853287,2025-01-29T19:57:39.372Z,"10 km NNW of Idyllwild, CA",earthquake,0.26,0.47,0.137,11,reviewed,ci,ci
2025-01-28T02:45:48.470Z,35.5993333,-118.3426667,2.77,1.55,ml,30,34,0.09588,0.15,ci,ci40853279,2025-01-28T14:58:48.710Z,"12 km E of Lake Isabella, CA",earthquake,0.17,0.42,0.26,26,reviewed,ci,ci
2025-01-28T02:41:48.990Z,-24.1341,-67.1151,226.296,4.1,mb,19,144,1.529,0.51,us,us6000pmpz,2025-01-28T02:53:39.040Z,"81 km W of San Antonio de los Cobres, Argentina",earthquake,13.4,16.246,0.261,4,reviewed,us,us
2025-01-28T02:26:47.290Z,44.628833333333,-112.10483333333,8.31,0.8,ml,20,73,0.2098,0.13,mb,mb90071813,2025-01-28T22:15:14.670Z,"30 km NNE of Spencer, Idaho",earthquake,0.36,1.89,0.1392827698904,17,reviewed,mb,mb
2025-01-28T02:15:46.650Z,38.828998565674,-122.81649780273,1.8300000429153,0.7,md,10,76,0.007516,0.01,nc,nc75124291,2025-01-28T02:17:20.814Z,"8 km NNW of The Geysers, CA",earthquake,0.39,0.850000024,0.49,11,automatic,nc,nc
2025-01-28T02:12:11.020Z,38.784168243408,-122.73400115967,1.3700000047684,1.14,md,14,82,0.002323,0.02,nc,nc75124286,2025-01-28T02:13:46.731Z,"2 km E of The Geysers, CA",earthquake,0.26,0.439999998,0.13,15,automatic,nc,nc
2025-01-28T02:01:45.720Z,51.791,-178.961,8.32,1.16,ml,6,275,0.06625,0.16,av,av93474591,2025-01-28T19:44:33.960Z,"160 km W of Adak, Alaska",earthquake,1.05,1.48,0.27996552875689,6,reviewed,av,av
2025-01-28T01:50:59.560Z,39.747001647949,-122.93133544922,-1.1699999570847,1.51,md,7,137,0.09813,0.06,nc,nc75124281,2025-01-28T01:52:36.562Z,"21 km NW of Alder Springs, CA",earthquake,1.22,3.98000002,0.34,2,automatic,nc,nc
2025-01-28T01:50:48.520Z,44.253333333333,-114.03433333333,2.46,0.83,ml,7,82,0.1298,0.12,mb,mb90071808,2025-01-28T22:06:41.390Z,"29 km E of Clayton, Idaho",earthquake,0.67,1.98,0.21153073850928,12,reviewed,mb,mb
2025-01-28T01:40:22.800Z,37.452499389648,-118.56400299072,2.8599998950958,1.85,md,6,174,0.1353,0.01,nc,nc75124276,2025-01-28T01:42:01.045Z,"5 km NE of Round Valley, CA",earthquake,1.39,7.19999981,0.33,6,automatic,nc,nc
2025-01-28T01:37:32.830Z,38.79683303833,-122.74849700928,1.2999999523163,1.27,md,19,96,0.009546,0.03,nc,nc75124266,2025-01-28T01:39:11.583Z,"2 km NNE of The Geysers, CA",earthquake,0.25,0.389999986,0.12,19,automatic,nc,nc
2025-01-28T01:27:34.169Z,-2.8072,137.0785,57.939,4.2,mb,11,122,2.265,0.24,us,us6000pmpv,2025-01-28T01:42:04.040Z,"185 km ENE of Nabire, Indonesia",earthquake,9.62,8.991,0.167,10,reviewed,us,us
2025-01-28T01:25:37.740Z,37.479833333333,-118.56,10.38,2.55,md,36,66,0.1151,0.1,nc,nc75124261,2025-01-28T18:47:17.489Z,"8 km NE of Round Valley, CA",earthquake,0.27,1.06,0.204,39,reviewed,nc,nc
2025-01-28T01:23:59.650Z,33.8625,-116.4803333,10.71,0.67,ml,22,57,0.09811,0.17,ci,ci40853239,2025-01-28T14:59:04.950Z,"6 km NE of Palm Springs, CA",earthquake,0.26,0.65,0.141,13,reviewed,ci,ci
2025-01-28T01:21:25.854Z,31.282,-103.333,2.4597,1.6,ml,22,54,0,0.2,tx,tx2025bxlh,2025-01-28T16:58:03.512Z,"20 km SSE of Barstow, Texas",earthquake,1.0544247726053,1.3750327220122,0.1,12,reviewed,tx,tx
2025-01-28T01:15:10.810Z,38.773998260498,-122.73899841309,0.63999998569489,1.08,md,14,68,0.009395,0.04,nc,nc75124256,2025-01-28T01:16:46.222Z,"2 km ESE of The Geysers, CA",earthquake,0.23,0.370000005,0.14,13,automatic,nc,nc
2025-01-28T01:07:34.000Z,34.3446667,-118.8403333,22.62,0.81,ml,7,115,0.09271,0.21,ci,ci40853231,2025-01-29T23:07:14.901Z,"8 km NNE of Moorpark, CA",earthquake,0.74,1.53,0.034,4,reviewed,ci,ci
2025-01-28T01:00:51.200Z,33.594,-116.8113333,4.47,0.48,ml,22,74,0.04707,0.16,ci,ci40853223,2025-01-28T14:59:22.856Z,"14 km WNW of Anza, CA",earthquake,0.28,0.35,0.185,12,reviewed,ci,ci
2025-01-28T00:59:47.957Z,-41.1967,-90.2695,10,5.7,mww,95,26,11.805,0.63,us,us6000pmpq,2025-01-29T01:02:39.616Z,"southeast of Easter Island",earthquake,9.53,1.74,0.063,24,reviewed,us,us
2025-01-28T00:59:34.280Z,37.517333333333,-122.4155,-0.18,1.22,md,10,74,0.01926,0.03,nc,nc75124251,2025-01-28T06:21:54.384Z,"5 km E of El Granada, CA",explosion,0.17,31.61,0.121,7,reviewed,nc,nc
2025-01-28T00:59:17.730Z,61.2715,-152.237,3.42,-0.88,ml,5,198,0.04008,0.11,av,av93030954,2025-01-28T21:07:17.040Z,"63 km WNW of Tyonek, Alaska",earthquake,0.78,1.74,0.2517851007145,5,reviewed,av,av
2025-01-28T00:58:09.050Z,47.711833333333,-124.544,4.59,1.04,ml,9,221,0.2023,0.38,uw,uw62072686,2025-01-28T21:52:29.820Z,"24 km NW of Queets, Washington",earthquake,2.03,31.2,0.20459873850848,3,reviewed,uw,uw
2025-01-28T00:55:18.090Z,46.854,-121.75966666667,1.88,0.75,ml,26,87,0.02306,0.07,uw,uw62072681,2025-01-28T18:38:03.980Z,"23 km ENE of Ashford, Washington",earthquake,0.18,0.36,0.15035494232079,16,reviewed,uw,uw
2025-01-28T00:52:55.470Z,34.0316667,-117.6025,2.95,0.93,ml,23,61,0.00427,0.14,ci,ci40853215,2025-01-28T16:47:48.062Z,"3 km SE of Ontario, CA",earthquake,0.18,0.2,0.142,16,reviewed,ci,ci
2025-01-28T00:46:38.050Z,38.817665100098,-122.80783081055,3.0899999141693,1.14,md,32,40,0.005984,0.02,nc,nc75124241,2025-01-28T00:49:50.430Z,"6 km NNW of The Geysers, CA",earthquake,0.2,0.370000005,0.14,30,automatic,nc,nc
2025-01-28T00:43:48.280Z,33.4696667,-116.4793333,9.53,0.69,ml,30,63,0.1057,0.18,ci,ci40853207,2025-01-28T15:00:33.110Z,"20 km ESE of Anza, CA",earthquake,0.23,0.6,0.152,19,reviewed,ci,ci
2025-01-28T00:42:06.570Z,39.820833333333,-123.66383333333,-0.37,1.78,md,45,56,0.03177,0.13,nc,nc75124231,2025-01-29T07:09:10.327Z,"16 km ENE of Rockport, CA",earthquake,0.13,0.39,0.253,29,reviewed,nc,nc
2025-01-28T00:41:06.406Z,31.619,-104.517,7.6379,1.5,ml,9,78,0.1,0.1,tx,tx2025bxjz,2025-01-28T11:59:07.571Z,"63 km SSW of Whites City, New Mexico",earthquake,1.6540337963832,1.0074050927676,0.1,16,reviewed,tx,tx
2025-01-28T00:41:04.237Z,38.487,-118.4773,8.8,2.4,ml,14,84.85,0.146,0.1752,nn,nn00892614,2025-01-28T01:01:04.737Z,"13 km ESE of Hawthorne, Nevada",earthquake,,2.3,0.4,7,reviewed,nn,nn
2025-01-28T00:39:39.570Z,31.681,-104.413,6.51,1.8,ml,19,78,0,0.2,tx,tx2025bxjy,2025-01-28T12:12:35.640Z,"54 km S of Whites City, New Mexico",earthquake,0.91886772695121,0.75960974486795,0.1,13,reviewed,tx,tx
2025-01-28T00:35:30.460Z,33.4665,-116.4816667,10.39,0.89,ml,41,34,0.1046,0.19,ci,ci40853199,2025-01-28T15:00:35.900Z,"20 km ESE of Anza, CA",earthquake,0.2,0.36,0.189,25,reviewed,ci,ci
2025-01-28T00:29:10.279Z,-41.1149,-90.5806,10,5.2,mww,39,115,14.653,0.62,us,us6000pmpi,2025-01-28T01:44:54.040Z,"southeast of Easter Island",earthquake,14.55,1.855,0.071,19,reviewed,us,us
2025-01-28T00:21:07.690Z,33.2863333,-116.2183333,10.36,1.39,ml,69,40,0.09806,0.18,ci,ci40853191,2025-01-29T19:10:32.215Z,"15 km ENE of Borrego Springs, CA",earthquake,0.14,0.36,0.132,53,reviewed,ci,ci
2025-01-28T00:20:45.790Z,39.1682,-119.0255,3.6,1.7,ml,13,136.65,0.01,0.1452,nn,nn00892609,2025-01-28T00:39:35.483Z,"23 km NNE of Yerington, Nevada",earthquake,,0.8,0.29,6,reviewed,nn,nn
2025-01-28T00:19:39.769Z,59.2112,-135.4433,11.1,3,ml,,,,0.9,ak,ak0251ab5vi0,2025-01-28T21:13:42.183Z,"2 km S of Haines, Alaska",earthquake,,0.4,,,reviewed,ak,ak
2025-01-28T00:13:14.530Z,38.8395,-122.83216666667,2.83,-0.02,md,12,110,0.002748,0.02,nc,nc75124221,2025-01-28T20:50:18.916Z,"10 km NNW of The Geysers, CA",earthquake,0.37,0.28,0.389,12,reviewed,nc,nc
2025-01-28T00:12:39.150Z,61.270333333333,-152.24,2.98,-0.71,ml,5,195,0.04136,0.09,av,av93030949,2025-01-28T21:02:34.620Z,"63 km WNW of Tyonek, Alaska",earthquake,0.46,1.1,0.079492164927571,4,reviewed,av,av
2025-01-27T23:57:05.220Z,35.2465,-118.524,7.46,1.41,ml,34,52,0.09555,0.13,ci,ci40853151,2025-01-28T15:00:03.718Z,"14 km NNW of Tehachapi, CA",earthquake,0.15,0.59,0.227,28,reviewed,ci,ci
2025-01-27T23:56:24.898Z,31.656,-104.47,6.3562,1.8,ml,27,72,0,0.2,tx,tx2025bxim,2025-01-28T11:11:14.286Z,"58 km S of Whites City, New Mexico",earthquake,0.8970600897406,0.63892207694941,0.1,17,reviewed,tx,tx
2025-01-27T23:47:59.272Z,60.1481,-142.6236,0,1.9,ml,,,,1.1,ak,ak025191hjh3,2025-01-27T23:49:55.816Z,"144 km S of McCarthy, Alaska",earthquake,,0.4,,,automatic,ak,ak
2025-01-27T23:47:09.950Z,40.329666666667,-124.65166666667,22.11,2.41,md,51,243,0.2399,0.13,nc,nc75124201,2025-01-29T06:32:17.078Z,"31 km WNW of Petrolia, CA",earthquake,0.46,0.33,0.473,38,reviewed,nc,nc
2025-01-27T23:43:24.640Z,40.162666320801,-121.0556640625,4.210000038147,2.14,md,15,150,0.1771,0.18,nc,nc75124196,2025-01-28T00:17:16.100Z,"2 km SE of Canyondam, CA",earthquake,0.69,2.83999991,0.08,15,automatic,nc,nc
2025-01-27T23:31:44.210Z,38.663,-122.36966666667,7.74,1.74,md,56,70,0.04124,0.16,nc,nc75124191,2025-01-29T08:42:41.975Z,"12 km NE of Angwin, CA",earthquake,0.18,0.33,0.207,44,reviewed,nc,nc
2025-01-27T23:23:16.252Z,23.1961,120.4866,14.832,4.2,mb,18,142,0.168,0.64,us,us6000pmp4,2025-01-28T03:53:15.040Z,"8 km NNE of Yujing, Taiwan",earthquake,2.63,2.441,0.198,7,reviewed,us,us
2025-01-27T23:19:30.800Z,35.8041667,-117.6143333,11.05,1.14,ml,19,70,0.1225,0.18,ci,ci40853119,2025-01-28T19:48:06.190Z,"19 km WNW of Searles Valley, CA",earthquake,0.27,0.52,0.256,12,reviewed,ci,ci
2025-01-27T23:13:18.170Z,38.778499603271,-122.75816345215,1.3999999761581,0.85,md,7,143,0.009771,0.03,nc,nc75124176,2025-01-27T23:14:56.282Z,"0 km NW of The Geysers, CA",earthquake,0.41,0.560000002,0.15,8,automatic,nc,nc
2025-01-27T23:09:26.223Z,38.3544,-115.8463,0,1.7,ml,5,211.24,0.205,0.1607,nn,nn00892606,2025-01-28T00:21:08.390Z,"79 km N of Rachel, Nevada",earthquake,,0,0.04,2,reviewed,nn,nn
2025-01-27T23:00:17.300Z,38.80016708374,-122.80599975586,3.329999923706,1.01,md,17,58,0.01142,0.02,nc,nc75124166,2025-01-27T23:01:56.126Z,"5 km NW of The Geysers, CA",earthquake,0.34,0.600000024,0.1,17,automatic,nc,nc
2025-01-27T22:55:13.810Z,35.6756667,-117.4931667,5.64,0.83,ml,21,85,0.05753,0.12,ci,ci40853103,2025-01-28T15:00:37.987Z,"13 km SW of Searles Valley, CA",earthquake,0.19,0.52,0.117,14,reviewed,ci,ci
2025-01-27T22:48:47.349Z,37.2682,-114.696,5.5,1,ml,7,106.32,0.315,0.1017,nn,nn00892605,2025-01-28T00:08:51.662Z,"41 km SSW of Caliente, Nevada",earthquake,,5.3,0.24,4,reviewed,nn,nn
2025-01-27T22:43:32.530Z,17.992166666667,-66.879833333333,15.88,2.62,md,23,86,0.01703,0.11,pr,pr71471668,2025-01-27T22:59:22.150Z,"1 km NNE of Maria Antonia, Puerto Rico",earthquake,0.41,0.38,0.1133989545549,14,reviewed,pr,pr
2025-01-27T22:41:48.539Z,1.2995,121.8144,43.904,4.5,mb,30,101,1.049,0.73,us,us6000pmnt,2025-01-28T03:22:45.040Z,"162 km WNW of Gorontalo, Indonesia",earthquake,8.52,7.928,0.111,24,reviewed,us,us
2025-01-27T22:40:38.280Z,32.486,-116.2211667,16.26,1.18,ml,22,97,0.1889,0.2,ci,ci40853087,2025-01-28T15:00:37.720Z,"27 km ESE of Campo, CA",earthquake,0.34,1.02,0.291,17,reviewed,ci,ci
2025-01-27T22:33:13.270Z,40.4105,-125.09283333333,10,2.75,md,93,239,0.5787,0.25,nc,nc75124161,2025-01-28T21:07:18.412Z,"69 km WNW of Petrolia, CA",earthquake,1.01,31.61,0.196,59,reviewed,nc,nc
2025-01-27T22:25:17.980Z,31.652,-104.488,5.7153,1.5,ml,11,67,0,0.2,tx,tx2025bxfr,2025-01-28T12:32:04.751Z,"59 km S of Whites City, New Mexico",earthquake,2.0102225111735,1.3515518962187,0.1,17,reviewed,tx,tx
2025-01-27T22:19:26.170Z,56.110833333333,-159.4535,5.72,0.02,ml,6,95,0.07188,0.2,av,av93474466,2025-01-28T03:05:31.250Z,"23 km N of Ivanof Bay, Alaska",earthquake,0.5,1.95,0.35254493328287,6,reviewed,av,av
2025-01-27T22:19:12.700Z,38.830001831055,-122.81283569336,2.1300001144409,0.77,md,19,46,0.006941,0.02,nc,nc75124156,2025-01-27T22:20:50.961Z,"8 km NNW of The Geysers, CA",earthquake,0.24,0.529999971,0.17,21,automatic,nc,nc
2025-01-27T22:19:08.550Z,33.4748333,-116.5701667,10.84,0.63,ml,25,50,0.03331,0.12,ci,ci40853079,2025-01-28T15:01:42.440Z,"13 km SE of Anza, CA",earthquake,0.19,0.36,0.153,18,reviewed,ci,ci
2025-01-27T22:19:08.250Z,49.259333333333,-120.62233333333,-0.82,2.01,ml,13,189,0.5377,1.32,uw,uw62072641,2025-01-28T20:04:08.030Z,"23 km SSW of Princeton, Canada",explosion,6.41,31.61,0.19220598140991,8,reviewed,uw,uw
2025-01-27T22:17:22.430Z,38.785833333333,-122.74566666667,2.17,0.45,md,15,95,0.007454,0.02,nc,nc75124151,2025-01-27T23:33:30.600Z,"1 km NE of The Geysers, CA",earthquake,0.33,0.61,0.234,9,reviewed,nc,nc
2025-01-27T22:16:23.350Z,31.676,-104.415,7.4585,1.5,ml,19,77,0,0.2,tx,tx2025bxfe,2025-01-28T12:38:24.802Z,"55 km S of Whites City, New Mexico",earthquake,1.4383855453955,1.218710948315,0.1,13,reviewed,tx,tx
2025-01-27T22:05:42.810Z,38.816501617432,-122.79483032227,2.2400000095367,1.08,md,22,41,0.008529,0.02,nc,nc75124146,2025-01-27T22:07:19.976Z,"5 km NNW of The Geysers, CA",earthquake,0.22,0.409999996,0.06,23,automatic,nc,nc
2025-01-27T21:54:51.940Z,40.3,-124.67333333333,5.65,1.95,md,38,270,0.2532,0.2,nc,nc75124141,2025-01-29T05:49:16.435Z,"33 km W of Petrolia, CA",earthquake,0.53,0.87,0.151,16,reviewed,nc,nc
2025-01-27T21:47:17.850Z,57.1542,-154.9956,23.7,2.5,ml,,,,0.24,ak,ak025190al2h,2025-01-28T02:21:37.040Z,"55 km WNW of Akhiok, Alaska",earthquake,,1.3,,,automatic,ak,ak
2025-01-27T21:47:01.060Z,45.359833333333,-122.8015,-0.24,1.56,ml,4,123,0.1084,0.33,uw,uw62072631,2025-01-28T01:22:00.610Z,"3 km E of Sherwood, Oregon",explosion,0.93,31.61,0.016930318929993,1,reviewed,uw,uw
2025-01-27T21:39:16.450Z,47.604833333333,-121.80616666667,16.83,1.73,ml,43,103,0.1039,0.14,uw,uw62072616,2025-01-27T23:13:23.760Z,"7 km NE of Fall City, Washington",earthquake,0.2,0.26,0.12850439298436,34,reviewed,uw,uw
2025-01-27T21:32:57.441Z,39.2859,-118.5885,8.1,1.2,ml,11,81.37,0.364,0.1439,nn,nn00892596,2025-01-27T23:50:29.830Z,"18 km SE of Fallon Station, Nevada",earthquake,,2.3,0.06,7,reviewed,nn,nn
2025-01-27T21:30:33.700Z,43.020666666667,-123.96266666667,-0.58,0.83,md,5,166,0.1426,0.41,uw,uw62072606,2025-01-28T01:16:07.030Z,"15 km ESE of Myrtle Point, Oregon",explosion,2.44,31.61,0.38306956402739,5,reviewed,uw,uw
2025-01-27T21:19:57.210Z,33.1193333,-116.3116667,11.49,1.35,ml,65,25,0.08771,0.2,ci,ci40852999,2025-01-28T15:01:45.290Z,"16 km SSE of Borrego Springs, CA",earthquake,0.16,0.3,0.174,27,reviewed,ci,ci
2025-01-27T21:11:08.869Z,60.1108,-152.8481,102.3,2.8,ml,,,,0.41,ak,ak0251902umh,2025-01-27T22:24:06.040Z,"64 km WNW of Happy Valley, Alaska",earthquake,,0.4,,,automatic,ak,ak
2025-01-27T21:09:53.940Z,38.836666107178,-122.81583404541,1.6499999761581,0.64,md,8,64,0.01399,0.01,nc,nc75124126,2025-01-27T21:11:30.574Z,"8 km WNW of Cobb, CA",earthquake,0.38,1.63999999,0.36,8,automatic,nc,nc
2025-01-27T21:08:14.100Z,19.118666666667,-66.767666666667,23.19,3.37,md,8,282,0.7249,0.1,pr,pr71471658,2025-01-27T21:29:21.010Z,"70 km N of Hatillo, Puerto Rico",earthquake,1.21,10.89,0.071406328252837,6,reviewed,pr,pr
2025-01-27T21:08:09.630Z,34.0321667,-118.8133333,13.42,1.97,ml,35,116,0.02818,0.26,ci,ci40852975,2025-01-28T17:57:52.385Z,"3 km N of Malibu, CA",earthquake,0.47,0.55,0.109,15,reviewed,ci,ci
2025-01-27T21:07:52.400Z,46.5625,-122.94683333333,-0.3,1.41,ml,11,91,0.1271,0.77,uw,uw62072601,2025-01-28T00:50:26.810Z,"3 km WSW of Napavine, Washington",explosion,1.94,31.61,0.12835516326975,3,reviewed,uw,uw
2025-01-27T21:07:20.240Z,33.1498333,-115.7001667,0.76,0.99,ml,8,95,0.07607,0.21,ci,ci40852959,2025-01-28T16:21:37.244Z,"14 km NNW of Westmorland, CA",earthquake,0.53,1.08,0.411,9,reviewed,ci,ci
2025-01-27T21:06:32.709Z,63.4644,-144.785,14.3,1.4,ml,,,,0.81,ak,ak0251901tuu,2025-01-27T21:08:31.311Z,"21 km SSW of Dry Creek, Alaska",earthquake,,0.5,,,automatic,ak,ak
2025-01-27T21:06:22.530Z,33.1738333,-115.6018333,4.63,1.6,ml,34,43,0.01213,0.21,ci,ci40852943,2025-01-29T22:58:25.142Z,"10 km WNW of Calipatria, CA",earthquake,0.24,0.31,0.247,32,reviewed,ci,ci
2025-01-27T21:05:32.820Z,38.793167114258,-122.77966308594,2.5899999141693,1.99,md,48,43,0.006451,0.04,nc,nc75124121,2025-01-27T21:08:34.750Z,"3 km NW of The Geysers, CA",earthquake,0.16,0.25,0.14,45,automatic,nc,nc
2025-01-27T21:03:41.030Z,38.833831787109,-122.81483459473,1.6799999475479,0.76,md,11,146,0.01107,0.02,nc,nc75124116,2025-01-27T21:05:15.461Z,"8 km WNW of Cobb, CA",earthquake,0.35,0.75,0.11,13,automatic,nc,nc
2025-01-27T21:00:39.640Z,47.161666666667,-121.806,-0.98,1.56,ml,19,159,0.1275,0.19,uw,uw62072596,2025-01-29T17:44:53.680Z,"11 km W of Greenwater, Washington",explosion,0.64,31.61,0.14592631147056,11,reviewed,uw,uw
2025-01-27T20:56:47.260Z,44.387166666667,-114.69316666667,4.83,1.74,ml,19,44,0.3018,0.18,mb,mb90071688,2025-01-27T21:18:09.530Z,"27 km NE of Stanley, Idaho",earthquake,0.45,1.2,0.17322724704657,20,reviewed,mb,mb
2025-01-27T20:56:44.918Z,37.4097,-116.0612,5.3,1.3,ml,21,163.22,0.183,0.1608,nn,nn00892592,2025-01-27T23:35:09.284Z,"38 km SW of Rachel, Nevada",earthquake,,4,0.33,11,reviewed,nn,nn
2025-01-27T20:56:23.751Z,64.041,-148.799,0,2.1,ml,,,,1.16,ak,ak02518zr3d3,2025-01-27T20:58:35.929Z,"15 km E of Ferry, Alaska",earthquake,,0.6,,,automatic,ak,ak
2025-01-27T20:47:34.400Z,63.0942,-150.3374,92.1,2.1,ml,,,,0.97,ak,ak02518zp6qo,2025-01-27T20:51:01.379Z,"70 km NNE of Petersville, Alaska",earthquake,,1,,,automatic,ak,ak
2025-01-27T20:45:21.360Z,38.820167541504,-122.82316589356,2.3399999141693,1.08,md,14,81,0.009724,0.01,nc,nc75124111,2025-01-27T20:47:00.312Z,"7 km NW of The Geysers, CA",earthquake,0.29,0.569999993,0.1,14,automatic,nc,nc
2025-01-27T20:38:54.469Z,61.471,-150.6675,42.5,2.4,ml,,,,0.41,ak,ak02518znaue,2025-01-28T02:27:27.500Z,"11 km SW of Susitna, Alaska",earthquake,,3.2,,,automatic,ak,ak
2025-01-27T20:29:53.770Z,38.833499908447,-122.81500244141,1.7699999809265,1.25,md,24,64,0.0108,0.02,nc,nc75124096,2025-01-27T20:31:30.281Z,"8 km NNW of The Geysers, CA",earthquake,0.2,0.400000006,0.18,26,automatic,nc,nc
2025-01-27T20:24:01.170Z,34.058,-118.8146667,13.33,1.42,ml,24,102,0.03449,0.18,ci,ci40852863,2025-01-29T22:38:16.495Z,"6 km N of Malibu, CA",earthquake,0.3,0.55,0.179,21,reviewed,ci,ci
2025-01-27T20:22:41.320Z,33.529,-116.7338333,4.03,0.69,ml,26,41,0.03642,0.14,ci,ci40852855,2025-01-28T15:02:14.291Z,"6 km WSW of Anza, CA",earthquake,0.15,0.32,0.138,21,reviewed,ci,ci
2025-01-27T20:20:43.120Z,61.9637,-149.5184,40.1,1.5,ml,,,,0.62,ak,ak02518zjf2z,2025-01-27T20:29:27.571Z,"28 km SE of Susitna North, Alaska",earthquake,,1.1,,,automatic,ak,ak
2025-01-27T20:13:08.630Z,32.5931667,-117.0096667,-0.43,1.23,ml,34,207,0.06863,0.26,ci,ci40852831,2025-01-29T22:15:33.296Z,"5 km SE of Chula Vista, CA",quarry blast,1,31.61,0.115,20,reviewed,ci,ci
2025-01-27T20:11:59.140Z,35.2418333,-119.8148333,3.91,1.08,ml,8,125,0.01933,0.16,ci,ci40852823,2025-01-28T16:11:18.644Z,"21 km SE of Simmler, CA",earthquake,0.47,0.67,0.133,10,reviewed,ci,ci
2025-01-27T20:07:45.840Z,44.415333333333,-114.51833333333,3.57,1.34,ml,16,79,0.3454,0.12,mb,mb90071683,2025-01-27T20:57:49.060Z,"19 km NNW of Clayton, Idaho",earthquake,0.38,3.1,0.18960774982107,16,reviewed,mb,mb
2025-01-27T20:01:06.080Z,46.008666666667,-112.45133333333,-2,1.44,ml,8,120,0.07182,0.08,mb,mb90071678,2025-01-27T20:49:51.930Z,"6 km E of Butte, Montana",quarry blast,0.35,31.61,0.29989997240358,19,reviewed,mb,mb
2025-01-27T19:53:39.400Z,34.311,-117.0366667,8.58,1.12,ml,34,31,0.0599,0.13,ci,ci40852815,2025-01-29T21:48:51.519Z,"13 km NNE of Running Springs, CA",earthquake,0.16,0.3,0.143,29,reviewed,ci,ci
2025-01-27T19:53:30.970Z,34.0433333,-117.1376667,7.3,1.05,ml,38,61,0.02239,0.18,ci,ci40852807,2025-01-28T16:07:43.623Z,"3 km S of Mentone, CA",earthquake,0.22,0.58,0.12,21,reviewed,ci,ci
2025-01-27T19:48:05.587Z,63.5833,-150.8377,11.6,2.2,ml,,,,0.61,ak,ak02518z3wmm,2025-01-27T19:50:31.789Z,"44 km E of Denali National Park, Alaska",earthquake,,0.3,,,automatic,ak,ak
2025-01-27T19:37:51.794Z,31.674,-104.415,6.5613,2.1,ml,18,69,0,0.2,tx,tx2025bwzy,2025-01-28T10:29:48.044Z,"55 km S of Whites City, New Mexico",earthquake,0.9900590276138,0.78194934774921,0.1,12,reviewed,tx,tx
2025-01-27T19:36:35.643Z,31.643,-104.49,6.5356,1.4,ml,10,73,0,0.2,tx,tx2025bwzx,2025-01-29T12:19:24.589Z,"60 km S of Whites City, New Mexico",earthquake,2.878352656059,1.5114416294129,0.1,12,reviewed,tx,tx
2025-01-27T19:30:54.320Z,19.085166666667,-66.839333333333,35.43,3.37,md,22,207,0.6723,0.26,pr,pr71471648,2025-01-27T20:15:01.360Z,"66 km N of Hatillo, Puerto Rico",earthquake,0.99,5.48,0.1521933023086,22,reviewed,pr,pr
2025-01-27T19:26:06.073Z,-18.5993,-178.0524,526.449,4.7,mb,79,49,3.24,0.74,us,us6000pmmd,2025-01-27T19:41:47.040Z,"284 km ESE of Levuka, Fiji",earthquake,12.68,8.61,0.03,331,reviewed,us,us
2025-01-27T19:24:53.270Z,38.821334838867,-122.84166717529,1.8999999761581,1.09,md,21,102,0.005481,0.02,nc,nc75124076,2025-01-27T19:26:29.908Z,"9 km NW of The Geysers, CA",earthquake,0.22,0.370000005,0.15,22,automatic,nc,nc
2025-01-27T19:24:40.132Z,-18.4951,-178.1411,536.257,4.4,mb,62,130,3.109,0.85,us,us6000pmmf,2025-01-27T19:47:35.040Z,"272 km E of Levuka, Fiji",earthquake,8.7,9.007,0.049,119,reviewed,us,us
2025-01-27T19:24:21.750Z,38.799835205078,-122.8065032959,3.3399999141693,1.09,md,24,60,0.0118,0.04,nc,nc75124071,2025-01-27T19:25:59.832Z,"5 km NW of The Geysers, CA",earthquake,0.29,0.469999999,0.16,23,automatic,nc,nc
2025-01-27T19:09:51.790Z,36.894832611084,-121.62033081055,2.0299999713898,2.21,md,10,120,0.04903,0.05,nc,nc75124066,2025-01-27T19:32:20.233Z,"2 km E of Aromas, CA",earthquake,0.32,1.37,0.27,10,automatic,nc,nc
2025-01-27T19:08:31.120Z,38.794,-122.77883333333,1.79,0.42,md,16,77,0.007146,0.02,nc,nc75124061,2025-01-27T23:30:59.473Z,"3 km NW of The Geysers, CA",earthquake,0.24,0.42,0.127,13,reviewed,nc,nc
2025-01-27T19:08:23.742Z,40.6952,-74.7625,2.347,1.3,ml,5,121,0.01,0.52,us,us7000p9sn,2025-01-29T06:29:38.040Z,"6 km ESE of Califon, New Jersey",earthquake,1.49,1.975,0.115,10,reviewed,us,us
2025-01-27T19:01:01.146Z,-31.3327,-178.1546,35,4.8,mb,17,172,2.074,0.7,us,us6000pmm9,2025-01-27T19:20:34.040Z,"Kermadec Islands region",earthquake,11.35,1.97,0.154,13,reviewed,us,us
2025-01-27T18:43:44.690Z,33.7021667,-116.8118333,15.38,0.75,ml,32,55,0.07798,0.2,ci,ci40852735,2025-01-28T15:03:34.413Z,"9 km SE of Valle Vista, CA",earthquake,0.24,0.48,0.19,23,reviewed,ci,ci
2025-01-27T18:38:03.710Z,33.4241667,-116.9193333,5.39,1.25,ml,50,26,0.05786,0.22,ci,ci40852711,2025-01-28T15:03:49.830Z,"6 km WSW of Aguanga, CA",earthquake,0.19,0.71,0.201,26,reviewed,ci,ci
2025-01-27T18:31:09.842Z,39.1586,-119.0629,6.1,0.9,ml,11,64.55,0.021,0.1346,nn,nn00892581,2025-01-27T18:55:45.456Z,"21 km NNE of Yerington, Nevada",earthquake,,0.9,0.3,4,reviewed,nn,nn
2025-01-27T18:26:57.440Z,38.819831848145,-122.84616851807,2.1199998855591,0.71,md,11,107,0.009298,0.03,nc,nc75124046,2025-01-27T18:28:35.551Z,"9 km NW of The Geysers, CA",earthquake,0.39,0.870000005,0.18,11,automatic,nc,nc
2025-01-27T18:26:37.334Z,39.158,-119.0622,6.5,0.9,ml,12,64.04,0.02,0.1412,nn,nn00892579,2025-01-27T18:46:32.294Z,"21 km NNE of Yerington, Nevada",earthquake,,0.8,0.37,5,reviewed,nn,nn
2025-01-27T18:24:30.360Z,37.85916519165,-121.77266693115,18.469999313354,1.96,md,20,130,0.02164,0.09,nc,nc75124041,2025-01-27T18:26:10.496Z,"9 km SW of Brentwood, CA",earthquake,0.58,0.449999988,0.22,14,automatic,nc,nc
2025-01-27T18:15:54.130Z,61.271166666667,-152.25916666667,2.18,0.47,ml,6,198,0.05065,0.03,av,av93474301,2025-01-28T02:09:36.600Z,"64 km WNW of Tyonek, Alaska",earthquake,0.3,0.61,0.13922047289866,6,reviewed,av,av
2025-01-27T18:09:59.860Z,61.2656,-152.248,4.9,1.4,ml,,,,0.5,ak,ak02518ya8aa,2025-01-27T22:52:44.130Z,"63 km WNW of Tyonek, Alaska",earthquake,,0.4,,,automatic,ak,ak
2025-01-27T18:08:56.104Z,-5.6781,152.8089,10,4.6,mb,37,163,1.611,0.69,us,us6000pmm1,2025-01-27T18:28:51.040Z,"159 km SSE of Kokopo, Papua New Guinea",earthquake,9.92,1.92,0.109,25,reviewed,us,us
2025-01-27T18:00:10.150Z,44.3925,-114.6945,5.16,1.24,ml,12,151,0.3064,0.16,mb,mb90071693,2025-01-27T21:08:57.020Z,"27 km NE of Stanley, Idaho",earthquake,0.75,2.5,0.18250152202801,15,reviewed,mb,mb
2025-01-27T17:39:51.680Z,38.818833333333,-122.806,3.74,0.21,md,12,75,0.005557,0.01,nc,nc75124016,2025-01-27T23:27:58.142Z,"6 km NNW of The Geysers, CA",earthquake,0.35,0.43,0.408,13,reviewed,nc,nc
2025-01-27T17:37:40.745Z,-2.457,121.2446,10,4.6,mb,32,76,2.075,0.69,us,us6000pmlw,2025-01-27T17:57:02.040Z,"102 km E of Masamba, Indonesia",earthquake,5.68,1.748,0.132,17,reviewed,us,us
2025-01-27T17:33:01.270Z,38.807666778565,-122.77983093262,1.9099999666214,0.27,md,7,95,0.01209,0.01,nc,nc75124006,2025-01-27T17:34:34.752Z,"4 km NNW of The Geysers, CA",earthquake,0.6,1.21000004,0.06,8,automatic,nc,nc
2025-01-27T17:26:54.850Z,35.91866667,-95.19066667,0,1.31,ml,14,145,0.2816447317,0.42,ok,ok2025bwvq,2025-01-28T13:34:47.304Z,"4 km WSW of Hulbert, Oklahoma",quarry blast,,0.9,0.2,6,reviewed,ok,ok
2025-01-27T17:10:29.210Z,34.0468333,-117.1323333,7.21,0.76,ml,24,57,0.02005,0.15,ci,ci40852663,2025-01-29T21:33:49.048Z,"3 km S of Mentone, CA",earthquake,0.25,0.36,0.149,16,reviewed,ci,ci
2025-01-27T17:00:16.080Z,34.6508333,-119.528,10.51,1.07,ml,12,66,0.1361,0.18,ci,ci40852647,2025-01-27T18:09:58.365Z,"26 km NNE of Montecito, CA",earthquake,0.42,1.65,0.091,6,reviewed,ci,ci
2025-01-27T16:32:14.594Z,44.3812,-114.6789,11.402,4.2,mwr,62,36,0.3,0.73,us,us6000pmkg,2025-01-30T14:16:15.905Z,"26 km WNW of Clayton, Idaho",earthquake,2.15,5.636,0.026,146,reviewed,us,us
2025-01-27T16:29:32.860Z,33.4163333,-116.9235,7.07,2.57,ml,107,17,0.06607,0.24,ci,ci40852607,2025-01-29T21:28:15.040Z,"6 km WSW of Aguanga, CA",earthquake,0.14,0.51,0.176,25,reviewed,ci,ci
2025-01-27T16:27:41.160Z,38.788833333333,-122.76,1.3,0.64,md,13,98,0.01178,0.02,nc,nc75123986,2025-01-27T23:44:34.645Z,"1 km  of The Geysers, CA",earthquake,0.3,0.38,0.203,10,reviewed,nc,nc
2025-01-27T16:26:40.652Z,59.8522,-152.5814,82.4,2,ml,,,,0.46,ak,ak02518x6yrl,2025-01-27T16:29:31.352Z,"42 km W of Anchor Point, Alaska",earthquake,,0.6,,,automatic,ak,ak
2025-01-27T16:10:43.410Z,40.297164916992,-124.76266479492,4.0700001716614,2.26,md,7,301,0.4545,0.09,nc,nc75123976,2025-01-28T07:36:19.194Z,"41 km W of Petrolia, CA",earthquake,5.48,6.80999994,0.36,4,automatic,nc,nc
2025-01-27T15:48:57.290Z,35.6348333,-118.2036667,11.04,1.42,ml,23,70,0.0684,0.14,ci,ci40852591,2025-01-28T15:03:53.737Z,"24 km ESE of Kernville, CA",earthquake,0.2,0.43,0.229,26,reviewed,ci,ci
2025-01-27T15:36:33.820Z,61.2715,-152.24866666667,3.08,0.64,ml,4,246,0.04566,0.01,av,av93474186,2025-01-28T01:32:16.200Z,"63 km WNW of Tyonek, Alaska",earthquake,0.63,0.9,0.054926662670125,4,reviewed,av,av
2025-01-27T15:22:56.784Z,43.0621,-70.5657,13.174,3.8,mwr,41,137,0.853,0.86,us,us6000pmk3,2025-01-30T14:35:40.304Z,"10 km SE of York Harbor, Maine",earthquake,2.2,5.911,0.047,43,reviewed,us,us
2025-01-27T15:12:42.960Z,37.473333333333,-118.838,3.07,0.26,md,10,194,0.1167,0.03,nc,nc75123971,2025-01-27T21:23:49.214Z,"17 km WSW of Toms Place, CA",earthquake,0.62,2.83,0.214,6,reviewed,nc,nc
2025-01-27T15:08:10.730Z,38.832833333333,-122.80233333333,2.6,0.42,md,15,49,0.01089,0.02,nc,nc75123966,2025-01-27T23:24:57.345Z,"7 km WNW of Cobb, CA",earthquake,0.35,0.54,0.229,14,reviewed,nc,nc
2025-01-27T15:04:59.767Z,65.2219,-150.2353,15.4,1.3,ml,,,,0.38,ak,ak02518wguvs,2025-01-27T15:07:34.932Z,"30 km NE of Manley Hot Springs, Alaska",earthquake,,0.3,,,automatic,ak,ak
2025-01-27T14:57:53.150Z,40.28783416748,-124.52649688721,10.329999923706,1.46,md,10,300,0.1407,0.16,nc,nc75123956,2025-01-27T14:59:34.613Z,"21 km W of Petrolia, CA",earthquake,6.71,1.41999996,0.03,5,automatic,nc,nc
2025-01-27T14:53:25.990Z,38.558833333333,-122.30783333333,4.36,0.92,md,15,62,0.04552,0.07,nc,nc75123951,2025-01-27T23:42:03.373Z,"13 km ESE of Angwin, CA",earthquake,0.23,0.77,0.235,10,reviewed,nc,nc
2025-01-27T14:51:22.666Z,17.9803,145.9636,134.085,5.2,mww,104,45,2.729,1.03,us,us6000pmjt,2025-01-29T15:01:33.154Z,"Alamagan region, Northern Mariana Islands",earthquake,8.32,5.658,0.063,24,reviewed,us,us
2025-01-27T14:40:17.353Z,32.165,-102.156,6.2744,1.2,ml,14,63,0,0.1,tx,tx2025bwqd,2025-01-28T16:53:50.482Z,"19 km NNW of Midland, Texas",earthquake,1.0306245039341,1.1774614063343,0.1,15,reviewed,tx,tx
2025-01-27T14:37:38.102Z,37.4563,-115.5677,10.5,1.8,ml,16,133.82,0.236,0.1548,nn,nn00892552,2025-01-27T18:31:11.675Z,"26 km SE of Rachel, Nevada",earthquake,,10.8,0.15,9,reviewed,nn,nn
2025-01-27T14:32:40.580Z,38.824333190918,-122.80249786377,-0.5,1,md,14,67,0.005992,0.02,nc,nc75123946,2025-01-27T14:34:19.827Z,"7 km NNW of The Geysers, CA",earthquake,0.19,0.610000014,0.28,14,automatic,nc,nc
2025-01-27T14:22:03.020Z,34.049,-117.1331667,6.1,0.64,ml,30,53,0.02189,0.17,ci,ci40852543,2025-01-27T14:35:38.783Z,"2 km S of Mentone, CA",earthquake,0.2,0.47,0.156,17,reviewed,ci,ci
2025-01-27T14:21:47.480Z,45.374,-111.7965,5.93,0.26,ml,4,204,0.2033,0.04,mb,mb90071798,2025-01-28T21:45:55.660Z,"5 km WNW of Ennis, Montana",earthquake,0.72,3.74,0.11578766477201,4,reviewed,mb,mb
2025-01-27T14:19:33.900Z,38.794666290283,-122.77850341797,3.3699998855591,1.16,md,26,77,0.007505,0.02,nc,nc75123936,2025-01-27T14:21:09.915Z,"3 km NNW of The Geysers, CA",earthquake,0.25,0.469999999,0.17,27,automatic,nc,nc
2025-01-27T14:18:58.740Z,40.294833333333,-124.776,3.78,1.95,md,32,282,0.3316,0.23,nc,nc75123941,2025-01-27T21:21:48.580Z,"42 km W of Petrolia, CA",earthquake,0.57,1.53,0.096,11,reviewed,nc,nc
2025-01-27T14:18:24.350Z,58.2725,-154.99283333333,2.82,-0.61,ml,4,151,0.04418,0.09,av,av93030884,2025-01-28T00:58:26.820Z,"84 km NNW of Karluk, Alaska",earthquake,0.41,0.88,0.15784080164219,4,reviewed,av,av
2025-01-27T13:52:24.190Z,38.813499450684,-122.82483673096,1.6399999856949,1.49,md,26,50,0.005735,0.05,nc,nc75123931,2025-01-27T13:55:40.640Z,"7 km NW of The Geysers, CA",earthquake,0.19,0.310000002,0.16,26,automatic,nc,nc
2025-01-27T13:51:25.749Z,60.2644,-151.0747,60.1,2.5,ml,,,,0.31,ak,ak02518vjzpa,2025-01-27T16:11:24.040Z,"13 km SE of Kasilof, Alaska",earthquake,,0.7,,,automatic,ak,ak
2025-01-27T13:47:38.190Z,36.4626667,-117.9526667,10.64,2.23,ml,31,43,0.1053,0.15,ci,ci40852519,2025-01-29T20:54:41.811Z,"17 km SE of Lone Pine, CA",earthquake,0.19,0.45,0.241,28,reviewed,ci,ci
2025-01-27T13:40:15.510Z,33.4685,-116.4838333,9.79,0.59,ml,29,62,0.1023,0.16,ci,ci40852503,2025-01-27T14:08:26.619Z,"20 km ESE of Anza, CA",earthquake,0.19,0.48,0.093,12,reviewed,ci,ci
2025-01-27T13:31:05.310Z,33.9685,-116.989,6.92,1.05,ml,49,25,0.04751,0.13,ci,ci40852495,2025-01-29T20:45:56.320Z,"4 km NNW of Beaumont, CA",earthquake,0.12,0.56,0.162,31,reviewed,ci,ci
2025-01-27T13:08:36.966Z,31.663,-104.322,7.7405,1.4,ml,26,68,0,0.2,tx,tx2025bwnc,2025-01-30T13:11:02.372Z,"57 km S of Whites City, New Mexico",earthquake,0.68095115275959,0.79624130519577,0.1,13,reviewed,tx,tx
2025-01-27T12:48:39.759Z,31.261,-103.373,0.6909,1.6,ml,8,85,0,0.1,tx,tx2025bwml,2025-01-27T22:30:52.927Z,"19 km SE of Lindsay, Texas",earthquake,1.8389014863054,0.83392937462627,0.3,5,reviewed,tx,tx
2025-01-27T12:46:00.880Z,51.700833333333,-178.71566666667,17.33,1.28,ml,10,120,0.06991,0.22,av,av93474046,2025-01-28T00:39:21.330Z,"144 km W of Adak, Alaska",earthquake,0.84,1.25,0.19464573864689,10,reviewed,av,av
2025-01-27T12:36:17.050Z,34.44,-117.9151667,11.48,0.68,ml,17,61,0.03443,0.12,ci,ci40852463,2025-01-28T17:48:11.323Z,"7 km S of Pearblossom, CA",earthquake,0.22,0.42,0.214,14,reviewed,ci,ci
2025-01-27T12:26:23.720Z,37.552666666667,-113.06083333333,11.67,1.1,ml,7,170,0.04765,0.05,uu,uu80100126,2025-01-27T14:26:34.500Z,"11 km E of Kanarraville, Utah",earthquake,0.67,1.06,0.30728132583305,4,reviewed,uu,uu
2025-01-27T12:14:22.140Z,38.805500030518,-122.77866363525,2.329999923706,1.07,md,16,93,0.007907,0.02,nc,nc75123906,2025-01-27T12:15:59.652Z,"4 km NNW of The Geysers, CA",earthquake,0.32,0.610000014,0.24,15,automatic,nc,nc
2025-01-27T12:13:28.332Z,31.658,-104.285,8.4583,1.4,ml,20,58,0,0.3,tx,tx2025bwlg,2025-01-29T12:28:23.641Z,"58 km S of Whites City, New Mexico",earthquake,1.0290910231788,0.8838426724747,0.1,12,reviewed,tx,tx
2025-01-27T12:10:12.005Z,39.1616,-119.0355,7.4,1,ml,13,68.1,0.008,0.1377,nn,nn00892547,2025-01-27T18:03:33.195Z,"22 km NNE of Yerington, Nevada",earthquake,,1,0.1,7,reviewed,nn,nn
2025-01-27T11:55:40.290Z,18.015,-66.402166666667,5.44,2.01,md,3,205,0.1601,0.08,pr,pr71471638,2025-01-27T12:32:26.490Z,"1 km NW of El Ojo, Puerto Rico",earthquake,1.92,1.87,0.17334914910373,3,reviewed,pr,pr
2025-01-27T11:49:16.050Z,40.041,-121.44833333333,8.24,1.75,md,25,54,0.1198,0.14,nc,nc75123901,2025-01-27T21:17:16.518Z,"17 km WNW of Belden, CA",earthquake,0.4,1.29,0.271,13,reviewed,nc,nc
2025-01-27T11:47:11.240Z,38.84400177002,-122.84116363525,2.2599999904633,0.55,md,8,134,0.00699,0.01,nc,nc75123896,2025-01-27T11:48:48.587Z,"10 km NNW of The Geysers, CA",earthquake,0.42,0.889999986,0.38,9,automatic,nc,nc
2025-01-27T11:25:56.665Z,32.216,-102.01,6.4209,1.1,ml,28,44,0.1,0.1,tx,tx2025bwjt,2025-01-27T19:24:24.425Z,"23 km WNW of Stanton, Texas",earthquake,0.53380421716352,1.1451552774897,0.1,14,reviewed,tx,tx
2025-01-27T11:24:09.396Z,31.556,-104.127,6.3049,1.8,ml,17,81,0,0.2,tx,tx2025bwjr,2025-01-28T10:43:59.122Z,"41 km NW of Toyah, Texas",earthquake,1.2913276834259,0.73125119865657,0.1,13,reviewed,tx,tx
2025-01-27T11:21:14.080Z,46.199833333333,-122.18,6.83,-0.29,ml,9,98,0.003838,0.12,uw,uw62072496,2025-01-27T20:45:34.410Z,"38 km NNE of Amboy, Washington",earthquake,0.49,0.62,0.042427870764979,4,reviewed,uw,uw
2025-01-27T11:18:13.106Z,63.2182,-151.1342,0,1.7,ml,,,,0.69,ak,ak02518u60vf,2025-01-27T11:24:15.072Z,"46 km SE of Denali National Park, Alaska",earthquake,,0.5,,,automatic,ak,ak
2025-01-27T11:13:17.010Z,37.545166666667,-113.06466666667,10.46,1.2,md,8,159,0.05335,0.04,uu,uu80002608,2025-01-27T22:05:53.090Z,"10 km E of Kanarraville, Utah",earthquake,0.42,0.69,0.40844767544122,6,reviewed,uu,uu
2025-01-27T11:12:29.206Z,61.5814,-150.3008,35.2,2.8,ml,,,,0.37,ak,ak02518u4ru0,2025-01-28T13:41:11.067Z,"12 km ENE of Susitna, Alaska",earthquake,,3.7,,,automatic,ak,ak
2025-01-27T11:08:25.060Z,19.243499755859,-155.37733459473,31.280000686646,2.37,ml,61,148,0.01996,0.159999996,hv,hv74602582,2025-01-27T11:11:34.400Z,"11 km ENE of Pāhala, Hawaii",earthquake,0.39,0.460000008,0.65,21,automatic,hv,hv
2025-01-27T10:50:12.687Z,-7.2594,129.1932,131.037,4.9,mww,68,60,2.81,0.78,us,us6000pmje,2025-01-27T11:13:00.040Z,"279 km ENE of Lospalos, Timor Leste",earthquake,4.69,5.75,0.093,11,reviewed,us,us
2025-01-27T10:49:40.550Z,33.4755,-116.4956667,11.26,0.48,ml,27,53,0.09107,0.16,ci,ci40852455,2025-01-27T14:12:32.903Z,"19 km ESE of Anza, CA",earthquake,0.2,0.52,0.028,11,reviewed,ci,ci
2025-01-27T10:45:59.000Z,34.1563333,-117.6461667,10.01,1.12,ml,52,63,0.03617,0.16,ci,ci40852447,2025-01-27T14:13:33.660Z,"6 km N of Upland, CA",earthquake,0.16,0.29,0.259,30,reviewed,ci,ci
2025-01-27T10:28:10.579Z,64.7069,-149.0695,8.5,2.2,ml,,,,0.49,ak,ak02518tmq8x,2025-01-27T10:30:26.578Z,"11 km NNE of Four Mile Road, Alaska",earthquake,,0.2,,,automatic,ak,ak
2025-01-27T10:25:03.530Z,32.9848333,-116.3063333,9.9,0.59,ml,12,154,0.03025,0.12,ci,ci37694604,2025-01-29T20:34:13.204Z,"24 km SW of Ocotillo Wells, CA",earthquake,0.34,0.51,0.175,10,reviewed,ci,ci
2025-01-27T10:24:16.530Z,33.4558333,-115.793,8.46,1.87,ml,68,62,0.068,0.16,ci,ci40852439,2025-01-29T20:28:49.190Z,"13 km NNW of Bombay Beach, CA",earthquake,0.15,0.38,0.137,27,reviewed,ci,ci
2025-01-27T10:17:47.180Z,44.2205,-115.10266666667,9.5,2.21,ml,15,72,0.2168,0.25,mb,mb90071698,2025-01-27T21:27:27.260Z,"13 km W of Stanley, Idaho",earthquake,0.49,1.08,0.16284768378235,18,reviewed,mb,mb
2025-01-27T10:11:39.685Z,32.6622,-104.3972,5,2.9,ml,36,50,0.5,0.56,us,us6000pmj9,2025-01-27T10:48:12.040Z,"11 km S of Atoka, New Mexico",earthquake,1.79,1.942,0.091,16,reviewed,us,us
2025-01-27T10:07:28.830Z,35.663,-117.5096667,7.29,1.88,ml,37,44,0.07003,0.13,ci,ci40852431,2025-01-29T19:56:13.457Z,"15 km SW of Searles Valley, CA",earthquake,0.16,0.4,0.194,33,reviewed,ci,ci
2025-01-27T10:00:21.950Z,45.377666666667,-112.633,7.01,0.39,ml,7,179,0.02993,0.1,mb,mb90071793,2025-01-28T21:40:29.090Z,"17 km N of Dillon, Montana",earthquake,0.86,0.98,0.19846583501619,7,reviewed,mb,mb
2025-01-27T09:54:01.480Z,37.505001068115,-121.69816589356,4.8200001716614,0.82,md,6,116,0.0452,0.01,nc,nc75123876,2025-01-27T09:55:38.924Z,"19 km NE of Alum Rock, CA",earthquake,0.52,1.33000004,0.04,4,automatic,nc,nc
2025-01-27T09:53:45.110Z,38.8115,-122.81566666667,3.27,0.62,md,21,64,0.01088,0.02,nc,nc75123871,2025-01-27T20:54:39.910Z,"6 km NW of The Geysers, CA",earthquake,0.27,0.52,0.156,19,reviewed,nc,nc
2025-01-27T09:51:57.120Z,38.800333333333,-122.733,2.59,0.55,md,18,108,0.01526,0.03,nc,nc75123866,2025-01-27T20:50:08.185Z,"3 km SSW of Cobb, CA",earthquake,0.23,0.59,0.218,11,reviewed,nc,nc
2025-01-27T09:35:56.680Z,38.835666666667,-122.819,1.95,0.25,md,10,66,0.0132,0.01,nc,nc75123861,2025-01-29T10:27:14.443Z,"8 km WNW of Cobb, CA",earthquake,0.34,1.05,0.405,9,reviewed,nc,nc
2025-01-27T09:33:38.040Z,28.6171,87.4185,10,4.9,mb,52,107,2.056,1.16,us,us6000pmj5,2025-01-27T11:15:15.040Z,"95 km NE of Lobuche, Nepal",earthquake,7.49,1.883,0.066,71,reviewed,us,us
2025-01-27T09:17:45.105Z,31.557,-104.175,7.4585,1.4,ml,17,82,0,0.3,tx,tx2025bwfm,2025-01-29T12:41:24.727Z,"45 km NW of Toyah, Texas",earthquake,1.4922937904713,1.094059536963,0.1,11,reviewed,tx,tx
2025-01-27T09:11:04.942Z,31.493,-104.016,6.8689,1.5,ml,18,80,0.1,0.2,tx,tx2025bwfg,2025-01-28T11:39:29.468Z,"28 km NW of Toyah, Texas",earthquake,0.61095162058105,0.56675084535168,0.1,12,reviewed,tx,tx
2025-01-27T09:10:47.200Z,38.824501037598,-122.80233001709,-0.44999998807907,0.93,md,7,134,0.006149,0.02,nc,nc75123851,2025-01-27T09:12:23.515Z,"7 km NNW of The Geysers, CA",earthquake,0.33,1.00999999,0.16,9,automatic,nc,nc
2025-01-27T09:03:43.110Z,41.9105,-119.636,-1.46,0.86,md,6,246,0.3254,0.52,uw,uw62072481,2025-01-27T20:19:54.480Z,"43 km E of Fort Bidwell, California",earthquake,5.44,4.9,0.20747345450264,2,reviewed,uw,uw
2025-01-27T08:51:23.770Z,37.6535,-118.86966666667,2.91,0.73,md,20,71,0.0234,0.04,nc,nc75123846,2025-01-28T00:16:45.860Z,"10 km E of Mammoth Lakes, CA",earthquake,0.26,0.53,0.128,14,reviewed,nc,nc
2025-01-27T08:48:19.090Z,38.833332061768,-122.81533050537,1.1000000238419,1.21,md,20,55,0.01074,0.04,nc,nc75123841,2025-01-27T08:49:53.493Z,"8 km NNW of The Geysers, CA",earthquake,0.2,0.400000006,0.22,22,automatic,nc,nc
2025-01-27T08:47:54.900Z,33.4418333,-117.05,13.21,0.59,ml,26,33,0.0548,0.14,ci,ci40852423,2025-01-29T19:38:57.367Z,"9 km NNE of Pala, CA",earthquake,0.21,0.53,0.182,19,reviewed,ci,ci
2025-01-27T08:42:42.090Z,45.364666666667,-111.781,6.08,0.98,ml,12,69,0.2081,0.06,mb,mb90071783,2025-01-28T21:27:15.390Z,"4 km WNW of Ennis, Montana",earthquake,0.22,2.49,0.25445791225357,16,reviewed,mb,mb
2025-01-27T08:34:10.600Z,33.9926667,-116.9648333,17.5,1.12,ml,50,27,0.07229,0.13,ci,ci40852415,2025-01-29T19:33:21.220Z,"7 km N of Beaumont, CA",earthquake,0.15,0.35,0.173,23,reviewed,ci,ci
2025-01-27T08:17:40.390Z,37.469166666667,-118.76683333333,10.26,1.07,md,23,168,0.1008,0.03,nc,nc75123836,2025-01-28T00:08:42.287Z,"13 km SW of Toms Place, CA",earthquake,0.34,0.95,0.111,17,reviewed,nc,nc
2025-01-27T08:10:14.912Z,63.5557,-150.6934,10.6,2,ml,,,,0.73,ak,ak02518sc0hf,2025-01-27T08:12:05.335Z,"51 km E of Denali National Park, Alaska",earthquake,,0.3,,,automatic,ak,ak
2025-01-27T08:06:08.944Z,58.9441,-154.4622,115.7,2.4,ml,,,,0.32,ak,ak02518sb55q,2025-01-28T08:38:06.040Z,"58 km SSE of Kokhanok, Alaska",earthquake,,0.9,,,automatic,ak,ak
2025-01-27T08:05:11.955Z,61.6161,-150.8831,42.8,2.5,ml,,,,0.48,ak,ak02518saxob,2025-01-28T08:22:05.040Z,"21 km WNW of Susitna, Alaska",earthquake,,2,,,automatic,ak,ak
2025-01-27T08:03:14.200Z,39.289333333333,-123.23783333333,5.11,1.16,md,17,55,0.0349,0.07,nc,nc75123831,2025-01-27T10:49:10.529Z,"4 km NW of Redwood Valley, CA",earthquake,0.22,0.52,0.136,12,reviewed,nc,nc
2025-01-27T08:02:28.210Z,36.257333333333,-89.493,8.79,1.48,md,22,34,0.01461,0.07,nm,nm60597301,2025-01-27T18:35:09.630Z,"0 km SW of Ridgely, Tennessee",earthquake,0.55,0.6,0.077974882591383,18,reviewed,nm,nm
2025-01-27T08:00:47.780Z,37.653333333333,-118.86766666667,2.03,0.13,md,12,99,0.02481,0.05,nc,nc75123826,2025-01-27T10:32:35.532Z,"10 km E of Mammoth Lakes, CA",earthquake,0.35,0.96,0.195,11,reviewed,nc,nc
2025-01-27T07:58:58.338Z,61.5762,-151.0527,68,2.1,ml,,,,0.19,ak,ak02518s0yll,2025-01-27T08:00:23.426Z,"28 km W of Susitna, Alaska",earthquake,,1.5,,,automatic,ak,ak
2025-01-27T07:58:39.060Z,33.4833333,-116.4426667,10.75,0.72,ml,49,70,0.1288,0.2,ci,ci40852399,2025-01-27T14:30:28.865Z,"23 km ESE of Anza, CA",earthquake,0.19,0.37,0.181,23,reviewed,ci,ci
2025-01-27T07:54:36.510Z,57.085,-135.75283333333,6.02,0.52,ml,4,257,0.0278,0.16,av,av93473731,2025-01-27T23:51:53.250Z,"25 km W of Sitka, Alaska",earthquake,1.39,1.05,0.15437688874592,4,reviewed,av,av
2025-01-27T07:48:55.240Z,37.656666666667,-118.8725,2.58,0.26,md,12,74,0.02287,0.05,nc,nc75123821,2025-01-27T10:30:34.644Z,"10 km E of Mammoth Lakes, CA",earthquake,0.28,0.51,0.118,12,reviewed,nc,nc
2025-01-27T07:38:27.834Z,9.3347,40.2412,10,4.7,mb,58,92,3.366,0.93,us,us6000pmiy,2025-01-27T20:16:46.915Z,"39 km NNE of Āwash, Ethiopia",earthquake,10.69,1.925,0.084,43,reviewed,us,us
2025-01-27T07:25:54.820Z,45.132166666667,-121.7515,10.12,0.79,ml,20,97,0.1603,0.16,uw,uw62072476,2025-01-27T19:46:28.620Z,"13 km SSW of Wapanitia, Oregon",earthquake,0.31,1.81,0.19283936014212,6,reviewed,uw,uw
2025-01-27T07:16:54.820Z,33.1368333,-116.6433333,4.69,0.55,ml,27,71,0.06224,0.19,ci,ci40852391,2025-01-27T14:30:44.780Z,"8 km NNW of Julian, CA",earthquake,0.25,0.4,0.127,7,reviewed,ci,ci
2025-01-27T06:55:03.771Z,-17.7488,168.0791,35,5.1,mww,57,70,2.438,0.86,us,us6000pmix,2025-01-27T22:30:45.178Z,"24 km W of Port-Vila, Vanuatu",earthquake,7.88,1.913,0.089,12,reviewed,us,us
2025-01-27T06:50:15.420Z,38.83150100708,-122.82050323486,1.4400000572205,0.4,md,7,131,0.01148,0.04,nc,nc75123811,2025-01-27T06:51:51.306Z,"8 km NNW of The Geysers, CA",earthquake,0.53,1.02999997,0.3,9,automatic,nc,nc
2025-01-27T06:49:57.651Z,31.591,-104.587,4.895,1.6,ml,26,76,0.1,0.2,tx,tx2025bwap,2025-01-28T19:15:31.583Z,"65 km NNE of Van Horn, Texas",earthquake,1.6348095452308,1.7491297135759,0.1,14,reviewed,tx,tx
2025-01-27T06:49:06.230Z,38.835333333333,-122.81916666667,2.08,0.36,md,17,66,0.01315,0.01,nc,nc75123806,2025-01-27T20:46:37.117Z,"8 km NNW of The Geysers, CA",earthquake,0.23,0.58,0.171,16,reviewed,nc,nc
2025-01-27T06:42:47.676Z,38.1827,-117.8664,11.4,2.1,ml,9,107.67,0.095,0.126,nn,nn00892544,2025-01-27T17:39:03.186Z,"31 km SE of Mina, Nevada",earthquake,,1.7,0.35,4,reviewed,nn,nn
2025-01-27T06:40:43.407Z,7.3991,124.4644,396.488,4.5,mb,83,45,1.153,0.76,us,us6000pmiv,2025-01-27T07:06:38.040Z,"6 km ESE of Nuyo, Philippines",earthquake,9.96,6.604,0.056,94,reviewed,us,us
2025-01-27T06:35:38.260Z,32.8373333,-116.298,14.08,0.7,ml,26,59,0.117,0.17,ci,ci40852383,2025-01-27T14:31:18.670Z,"22 km E of Pine Valley, CA",earthquake,0.25,0.67,0.127,7,reviewed,ci,ci
2025-01-27T06:27:32.955Z,51.699,-178.7115,17.285,3.4,ml,18,120,0.073,0.24,us,us6000pmp7,2025-01-28T07:56:56.040Z,"144 km W of Adak, Alaska",earthquake,1.85,2.968,0.091,16,reviewed,us,us
2025-01-27T06:27:01.490Z,33.9946667,-117.1895,13.67,0.52,ml,30,30,0.04917,0.16,ci,ci40852375,2025-01-27T20:45:08.008Z,"7 km S of Redlands, CA",earthquake,0.23,0.54,0.161,11,reviewed,ci,ci
2025-01-27T06:22:32.710Z,37.162166666667,-121.525,10.26,0.57,md,12,69,0.05201,0.06,nc,nc75123796,2025-01-27T10:17:30.484Z,"11 km NE of San Martin, CA",earthquake,0.33,0.82,0.114,12,reviewed,nc,nc
2025-01-27T06:10:24.990Z,51.691333333333,-178.70716666667,15.48,1.36,ml,10,124,0.08079,0.24,av,av93473646,2025-01-27T20:25:29.560Z,"144 km W of Adak, Alaska",earthquake,0.88,1.8,0.22749930830779,10,reviewed,av,av
2025-01-27T05:59:35.610Z,45.758166666667,-117.85616666667,13.4,1.53,ml,14,109,0.3221,0.42,uw,uw62072471,2025-01-27T16:08:08.490Z,"22 km NNE of Elgin, Oregon",earthquake,1.09,3.07,0.11069931548494,7,reviewed,uw,uw
2025-01-27T05:58:50.860Z,38.831165313721,-122.87950134277,2.1300001144409,0.75,md,7,166,0.007694,0.01,nc,nc75123791,2025-01-27T06:00:26.944Z,"12 km NW of The Geysers, CA",earthquake,1.1,0.829999983,0.44,9,automatic,nc,nc
2025-01-27T05:55:37.294Z,-5.0735,151.3124,126.664,4.3,mb,29,144,1.22,0.63,us,us6000pmiq,2025-01-27T15:10:18.040Z,"133 km SW of Kokopo, Papua New Guinea",earthquake,9.36,8.568,0.106,25,reviewed,us,us
2025-01-27T05:48:21.400Z,18.143166666667,-67.231,18.98,3.11,md,21,203,0.1101,0.21,pr,pr71471628,2025-01-27T17:11:55.848Z,"8 km NNW of Puerto Real, Puerto Rico",earthquake,0.72,0.32,0.16417121859497,11,reviewed,pr,pr
2025-01-27T05:42:46.810Z,38.794998168945,-122.7551651001,-0.12999999523163,0.85,md,9,146,0.01859,0.02,nc,nc75123786,2025-01-27T05:44:21.897Z,"2 km NNE of The Geysers, CA",earthquake,0.28,1.09000003,0.13,8,automatic,nc,nc
2025-01-27T05:35:16.580Z,32.9858333,-116.3123333,9.07,0.32,ml,22,52,0.03204,0.14,ci,ci40852367,2025-01-27T14:31:37.759Z,"24 km SW of Ocotillo Wells, CA",earthquake,0.21,0.42,0.012,4,reviewed,ci,ci
2025-01-27T05:35:11.570Z,39.696,-110.85466666667,-3.46,1.26,md,9,114,0.0931,0.21,uu,uu80100121,2025-01-27T21:25:37.920Z,"1 km N of Helper, Utah",earthquake,0.85,1.01,0.15838148549461,7,reviewed,uu,uu
2025-01-27T05:33:24.640Z,38.835666656494,-122.78649902344,1.2799999713898,1.1,md,15,71,0.004064,0.03,nc,nc75123781,2025-01-27T05:35:01.971Z,"6 km WNW of Cobb, CA",earthquake,0.26,0.430000007,0.13,18,automatic,nc,nc
2025-01-27T05:33:22.150Z,33.9898333,-116.8488333,15.81,1.42,ml,75,15,0.05662,0.15,ci,ci40852359,2025-01-29T19:18:14.540Z,"8 km NNE of Banning, CA",earthquake,0.12,0.36,0.173,26,reviewed,ci,ci
2025-01-27T05:30:26.210Z,46.540166666667,-111.61933333333,4.03,0.39,ml,6,128,0.1331,0.04,mb,mb90071778,2025-01-28T21:07:40.090Z,"7 km NNE of Winston, Montana",earthquake,0.34,5.92,0.2604276710459,3,reviewed,mb,mb
2025-01-27T05:28:41.710Z,38.829833984375,-122.81916809082,1.7799999713898,1.06,md,19,48,0.009581,0.02,nc,nc75123776,2025-01-27T05:30:17.093Z,"8 km NNW of The Geysers, CA",earthquake,0.22,0.49000001,0.12,19,automatic,nc,nc
2025-01-27T05:23:06.250Z,34.5371667,-119.1385,1.56,1.08,ml,19,45,0.1,0.21,ci,ci40852351,2025-01-27T20:09:35.642Z,"14 km NE of Ojai, CA",earthquake,0.29,0.73,0.09,11,reviewed,ci,ci
2025-01-27T05:19:33.700Z,38.824501037598,-122.85250091553,2.079999923706,0.94,md,7,141,0.004572,0.01,nc,nc75123771,2025-01-27T05:21:12.504Z,"10 km NW of The Geysers, CA",earthquake,1.37,0.829999983,0.19,9,automatic,nc,nc
2025-01-27T05:08:49.220Z,41.6545,-112.33166666667,4.43,0.84,md,16,65,0.08907,0.13,uu,uu80100116,2025-01-27T14:21:05.680Z,"5 km SW of Thatcher, Utah",earthquake,0.37,1.38,0.13737748175555,13,reviewed,uu,uu
2025-01-27T05:06:47.098Z,31.9215,131.6958,48.718,4.4,mb,30,125,1.136,0.56,us,us6000pmii,2025-01-27T05:22:06.040Z,"26 km E of Miyazaki, Japan",earthquake,6.62,6.376,0.134,16,reviewed,us,us
2025-01-27T04:57:27.770Z,31.304,-103.359,1.46,2.3,ml,14,56,0,0.2,tx,tx2025bvwx,2025-01-28T00:04:27.508Z,"17 km S of Barstow, Texas",earthquake,2.2502653837949,1.117038269802,0.2,6,reviewed,tx,tx
2025-01-27T04:49:21.740Z,61.2826,-151.6653,75,1.8,ml,,,,0.28,ak,ak02518q6nim,2025-01-27T04:51:37.898Z,"35 km WNW of Beluga, Alaska",earthquake,,0.6,,,automatic,ak,ak
2025-01-27T04:19:35.710Z,33.4583333,-116.6136667,10.03,0.5,ml,22,40,0.02557,0.13,ci,ci40852343,2025-01-27T19:56:24.606Z,"12 km SSE of Anza, CA",earthquake,0.21,0.42,0.107,7,reviewed,ci,ci
2025-01-27T04:16:28.430Z,38.785667419434,-122.76483154297,3.75,0.55,md,8,101,0.01494,0.01,nc,nc75123756,2025-01-27T04:18:07.299Z,"1 km NNW of The Geysers, CA",earthquake,0.64,2.00999999,0.22,7,automatic,nc,nc
2025-01-27T04:07:50.438Z,65.215,-149.2557,8.7,1.5,ml,,,,0.46,ak,ak02518pxpnn,2025-01-27T04:09:40.369Z,"8 km NNE of Minto, Alaska",earthquake,,0.2,,,automatic,ak,ak
2025-01-27T04:06:13.170Z,38.824333190918,-122.85283660889,2.4800000190735,1.23,md,20,98,0.004497,0.03,nc,nc75123751,2025-01-27T04:07:47.392Z,"10 km NW of The Geysers, CA",earthquake,0.27,0.49000001,0.16,25,automatic,nc,nc
2025-01-27T04:05:24.420Z,38.823665618896,-122.85399627685,2.5499999523163,0.76,md,13,114,0.004478,0.01,nc,nc75123746,2025-01-27T04:07:02.377Z,"10 km NW of The Geysers, CA",earthquake,0.31,0.550000012,0.23,17,automatic,nc,nc
2025-01-27T04:04:41.490Z,38.823001861572,-122.85433197022,2.4400000572205,0.77,md,14,158,0.004952,0.02,nc,nc75123741,2025-01-27T04:06:17.585Z,"10 km NW of The Geysers, CA",earthquake,0.4,0.540000021,0.31,14,automatic,nc,nc
2025-01-27T04:01:37.880Z,33.9141667,-116.213,7.91,2.22,ml,84,38,0.0348,0.14,ci,ci40852335,2025-01-29T18:54:15.231Z,"19 km ENE of Thousand Palms, CA",earthquake,0.11,0.34,0.127,25,reviewed,ci,ci
2025-01-27T03:53:19.960Z,19.4935,-155.43833333333,1.45,1.62,ml,37,111,0.03998,0.15,hv,hv74602387,2025-01-27T17:57:13.690Z,"22 km WNW of Volcano, Hawaii",earthquake,0.29,0.78,0.21538306681299,21,reviewed,hv,hv
2025-01-27T03:53:04.070Z,19.328666666667,-155.177,7.33,0.61,md,17,91,0.05104,0.08,hv,hv74602382,2025-01-27T19:52:55.810Z,"13 km SSE of Volcano, Hawaii",earthquake,0.37,0.95,0.05755676478706,4,reviewed,hv,hv
2025-01-27T03:51:45.680Z,36.0321667,-117.8121667,0.71,1.73,ml,27,84,0.03865,0.18,ci,ci40852327,2025-01-27T14:32:34.763Z,"12 km E of Coso Junction, CA",earthquake,0.18,0.26,0.18,26,reviewed,ci,ci
2025-01-27T03:39:34.160Z,18.5365,-68.7381,127,3.89,md,16,184,0.3574,0.44,pr,pr2025027000,2025-01-27T04:15:08.108Z,"9 km SSW of Salvaleón de Higüey, Dominican Republic",earthquake,5.86,1.71,0.09,10,reviewed,pr,pr
2025-01-27T03:39:30.830Z,17.5628,-68.9293,10,2.8,ml,16,221,1.081,1.06,us,us6000pmi9,2025-01-27T04:05:10.040Z,"95 km S of La Romana, Dominican Republic",earthquake,3.71,1.989,0.066,30,reviewed,us,us
2025-01-27T03:27:07.050Z,37.4955,-119.3285,20.45,1.6,md,13,102,0.1681,0.14,nc,nc75123721,2025-01-27T10:14:29.258Z,"34 km NE of North Fork, CA",earthquake,0.52,1.08,0.49,9,reviewed,nc,nc
2025-01-27T03:20:26.850Z,35.238,-119.811,3.97,0.51,ml,12,95,0.02387,0.2,ci,ci40852319,2025-01-27T17:32:13.711Z,"21 km SE of Simmler, CA",earthquake,0.46,0.77,0.105,8,reviewed,ci,ci
2025-01-27T03:18:57.282Z,31.157,-103.264,4.5105,1.6,ml,11,71,0,0.1,tx,tx2025bvtq,2025-01-27T14:43:02.369Z,"21 km WSW of Coyanosa, Texas",earthquake,0.93185552631672,1.5214184238534,0.1,13,reviewed,tx,tx
2025-01-27T03:17:08.420Z,40.355667114258,-124.52066802978,13.909999847412,2.04,md,10,295,0.1518,0.09,nc,nc75123716,2025-01-27T03:18:46.979Z,"20 km WNW of Petrolia, CA",earthquake,4.56,1.07000005,0.08,8,automatic,nc,nc
2025-01-27T03:11:40.960Z,33.4881667,-116.4868333,14.35,0.5,ml,19,62,0.09663,0.11,ci,ci40852311,2025-01-28T19:30:58.943Z,"19 km ESE of Anza, CA",earthquake,0.21,0.55,0.137,16,reviewed,ci,ci
2025-01-27T03:09:23.550Z,38.834167480469,-122.8193359375,2.3099999427795,0.68,md,8,80,0.01296,0.01,nc,nc75123711,2025-01-27T03:11:01.996Z,"8 km NNW of The Geysers, CA",earthquake,0.53,2.19000006,0.1,9,automatic,nc,nc
2025-01-27T03:07:43.400Z,17.906,-66.852666666667,12.27,2.59,md,9,231,0.06769,0.1,pr,pr71471608,2025-01-27T03:18:26.100Z,"8 km SSE of Maria Antonia, Puerto Rico",earthquake,0.68,0.42,0.044751009137194,3,reviewed,pr,pr
2025-01-27T03:07:01.210Z,33.4911667,-116.4875,13.64,0.48,ml,26,62,0.09591,0.13,ci,ci40852303,2025-01-27T14:32:44.765Z,"19 km ESE of Anza, CA",earthquake,0.2,0.51,0.095,10,reviewed,ci,ci
2025-01-27T03:06:19.209Z,-50.0592,120.0284,10,4.9,mb,20,101,20.933,0.56,us,us6000pmi4,2025-01-27T03:21:28.040Z,"western Indian-Antarctic Ridge",earthquake,13.99,1.791,0.132,18,reviewed,us,us
2025-01-27T02:52:02.318Z,62.2176,-151.1324,68.3,1.8,ml,,,,0.54,ak,ak02518p0dyq,2025-01-27T02:54:43.570Z,"28 km NNE of Skwentna, Alaska",earthquake,,0.8,,,automatic,ak,ak
2025-01-27T02:45:54.270Z,44.872166666667,-111.51116666667,11.2,0.18,ml,8,138,0.0711,0.09,mb,mb90071763,2025-01-28T17:27:01.240Z,"27 km WNW of Hebgen Lake Estates, Montana",earthquake,0.5,0.38,0.37518094681657,6,reviewed,mb,mb
2025-01-27T02:45:21.490Z,63.0593,-150.4877,92.2,2.2,ml,,,,0.32,ak,ak02518oyxf9,2025-01-27T02:47:36.200Z,"64 km NNE of Petersville, Alaska",earthquake,,1.1,,,automatic,ak,ak
2025-01-27T02:45:16.400Z,33.9113333,-116.2065,7.82,1.24,ml,38,67,0.03092,0.17,ci,ci40852287,2025-01-27T14:33:51.130Z,"20 km ENE of Thousand Palms, CA",earthquake,0.23,0.5,0.173,17,reviewed,ci,ci
2025-01-27T02:44:16.110Z,38.787333333333,-122.76033333333,2.23,0.22,md,12,96,0.01328,0.02,nc,nc75123706,2025-01-27T10:07:26.972Z,"1 km  of The Geysers, CA",earthquake,0.27,0.65,0.305,9,reviewed,nc,nc
2025-01-27T02:43:50.090Z,33.9118333,-116.2105,7.68,2.91,ml,99,37,0.03371,0.16,ci,ci40852279,2025-01-29T18:29:58.069Z,"20 km ENE of Thousand Palms, CA",earthquake,0.1,0.36,0.142,25,reviewed,ci,ci
2025-01-27T02:42:07.800Z,38.806331634521,-122.81950378418,2.9700000286102,0.76,md,11,66,0.007972,0.03,nc,nc75123696,2025-01-27T02:43:41.627Z,"6 km NW of The Geysers, CA",earthquake,0.41,0.910000026,0.29,11,automatic,nc,nc
2025-01-27T02:39:23.083Z,31.5,-104.005,6.3562,1.4,ml,35,58,0.1,0.1,tx,tx2025bvsi,2025-01-28T18:31:09.279Z,"28 km NW of Toyah, Texas",earthquake,0.54553591308422,0.65948765925691,0.2,18,reviewed,tx,tx
2025-01-27T02:35:42.710Z,38.807334899902,-122.8184967041,2.7699999809265,1.06,md,23,57,0.008485,0.03,nc,nc75123691,2025-01-27T02:37:17.341Z,"6 km NW of The Geysers, CA",earthquake,0.24,0.479999989,0.1,25,automatic,nc,nc
2025-01-27T02:31:30.991Z,59.9895,-141.7402,11.1,1.9,ml,,,,0.99,ak,ak02518ovy4r,2025-01-27T02:32:51.821Z,"123 km WNW of Yakutat, Alaska",earthquake,,0.3,,,automatic,ak,ak
2025-01-27T02:24:47.510Z,33.9331667,-118.2883333,16.61,0.92,ml,17,93,0.04233,0.21,ci,ci40852271,2025-01-28T23:07:02.386Z,"4 km WNW of Willowbrook, CA",earthquake,0.47,0.9,0.109,17,reviewed,ci,ci
2025-01-27T02:24:33.330Z,33.9335,-118.3078333,19.53,0.94,ml,15,159,0.02816,0.21,ci,ci37694588,2025-01-28T23:16:32.230Z,"4 km E of Lennox, CA",earthquake,0.76,0.92,0.091,10,reviewed,ci,ci
2025-01-27T02:24:23.960Z,38.835666666667,-122.81833333333,1.8,0.5,md,16,66,0.01371,0.01,nc,nc75123681,2025-01-29T10:25:13.571Z,"8 km WNW of Cobb, CA",earthquake,0.26,0.58,0.166,15,reviewed,nc,nc
2025-01-27T02:20:59.490Z,17.991666666667,-66.7585,12.58,2.38,md,8,192,0.1161,0.14,pr,pr71471598,2025-01-27T02:30:51.350Z,"3 km SSE of Magas Arriba, Puerto Rico",earthquake,0.5,0.67,0.076176166060551,6,reviewed,pr,pr
2025-01-27T02:11:08.940Z,38.833499908447,-122.82099914551,2.0199999809265,0.23,md,7,100,0.0124,0.01,nc,nc75123676,2025-01-27T02:12:46.250Z,"8 km NNW of The Geysers, CA",earthquake,0.45,1.62,0.13,7,automatic,nc,nc
2025-01-27T02:02:13.742Z,31.874,-101.911,7.0274,0.8,ml,9,100,0,0.4,tx,tx2025bvrc,2025-01-27T02:15:39.332Z,"20 km SE of Midland, Texas",earthquake,0,3.0018451213837,0.2,5,automatic,tx,tx
2025-01-27T02:00:29.291Z,58.8639,-154.4293,127.3,2.8,ml,,,,0.55,ak,ak02518opauc,2025-01-27T02:14:00.094Z,"67 km SSE of Kokhanok, Alaska",earthquake,,0.6,,,automatic,ak,ak
2025-01-27T01:58:42.948Z,23.2124,120.4951,13.444,4.2,mwr,51,72,0.152,0.72,us,us6000pmhx,2025-01-27T03:06:42.040Z,"10 km NNE of Yujing, Taiwan",earthquake,3.18,4.799,0.08,15,reviewed,us,us
2025-01-27T01:57:13.360Z,33.467,-116.489,9.86,0.95,ml,47,57,0.13,0.17,ci,ci40852183,2025-01-27T14:33:54.530Z,"20 km ESE of Anza, CA",earthquake,0.16,0.36,0.205,27,reviewed,ci,ci
2025-01-27T01:56:30.173Z,-9.0954,160.3017,86.122,4.6,mb,39,133,0.488,0.66,us,us6000pmhw,2025-01-27T03:43:41.545Z,"16 km E of Tulagi, Solomon Islands",earthquake,14.29,7.182,0.081,45,reviewed,us,us
2025-01-27T01:54:29.915Z,66.139,-148.5639,2.9,1.8,ml,,,,0.89,ak,ak02518offwv,2025-01-27T01:56:53.628Z,"28 km ENE of Stevens Village, Alaska",earthquake,,0.3,,,automatic,ak,ak
2025-01-27T01:48:52.867Z,21.8222,120.3429,10,4.7,mb,61,70,1.203,0.79,us,us6000pmht,2025-01-27T02:07:00.040Z,"46 km WSW of Hengchun, Taiwan",earthquake,6.88,1.896,0.078,50,reviewed,us,us
2025-01-27T01:39:49.325Z,63.412,-147.5285,0,1.9,ml,,,,0.72,ak,ak02518oc9o4,2025-01-27T01:41:43.276Z,"71 km E of Cantwell, Alaska",earthquake,,0.3,,,automatic,ak,ak
2025-01-27T01:25:54.634Z,22.802,121.1021,8.931,4.4,mb,31,86,0.026,0.69,us,us6000pmhr,2025-01-27T01:38:09.040Z,"74 km ESE of Yujing, Taiwan",earthquake,6.35,2.502,0.126,18,reviewed,us,us
2025-01-27T01:23:18.510Z,46.868166666667,-112.5275,10.31,0.64,ml,9,124,0.0492,0.11,mb,mb90071753,2025-01-28T17:22:49.970Z,"15 km SE of Lincoln, Montana",earthquake,0.59,0.65,0.15521512916339,5,reviewed,mb,mb
2025-01-27T01:21:00.900Z,38.80683517456,-122.78932952881,2.6300001144409,0.36,md,8,76,0.004802,0.01,nc,nc75123671,2025-01-27T01:22:35.827Z,"4 km NNW of The Geysers, CA",earthquake,0.52,1.58000004,0.12,11,automatic,nc,nc
2025-01-27T01:12:58.330Z,38.8095,-122.81016666667,-0.25,-0.2,md,17,66,0.01171,0.04,nc,nc75123666,2025-01-27T23:39:32.381Z,"6 km NW of The Geysers, CA",earthquake,0.2,0.79,0.233,16,reviewed,nc,nc
2025-01-27T01:12:26.890Z,38.808166503906,-122.81133270264,0.27000001072884,1.05,md,18,54,0.01253,0.03,nc,nc75123661,2025-01-27T01:14:02.222Z,"6 km NW of The Geysers, CA",earthquake,0.18,0.629999995,0.23,18,automatic,nc,nc
2025-01-27T01:11:37.992Z,41.455,142.1857,66.766,4.4,mb,25,136,0.917,0.83,us,us6000pmhq,2025-01-27T17:44:14.342Z,"83 km ENE of Mutsu, Japan",earthquake,7.31,8.75,0.13,17,reviewed,us,us
2025-01-27T01:10:51.200Z,33.5148333,-116.4508333,8.91,0.35,ml,12,136,0.09688,0.09,ci,ci40852175,2025-01-27T14:33:33.440Z,"21 km SW of La Quinta, CA",earthquake,0.27,0.78,0.108,7,reviewed,ci,ci
2025-01-27T01:02:30.527Z,34.4787,45.4863,14.36,4.8,mb,62,75,0.211,1.17,us,us6000pmhp,2025-01-27T11:04:55.208Z,"34 km W of Sarpol-e Z̄ahāb, Iran",earthquake,5.01,4.933,0.068,67,reviewed,us,us
2025-01-27T00:53:06.691Z,-22.5258,172.2221,35,4.8,mb,22,129,4.415,0.79,us,us6000pmhn,2025-01-27T01:45:12.040Z,"southeast of the Loyalty Islands",earthquake,9.53,1.98,0.143,15,reviewed,us,us
2025-01-27T00:52:44.160Z,33.481,-116.5806667,5.92,0.4,ml,21,55,0.0226,0.13,ci,ci40852167,2025-01-27T16:24:23.328Z,"12 km SE of Anza, CA",earthquake,0.19,0.37,0.13,8,reviewed,ci,ci
2025-01-27T00:45:54.100Z,33.4898333,-116.745,10.53,0.48,ml,21,35,0.05464,0.17,ci,ci40852159,2025-01-27T14:33:50.429Z,"10 km SW of Anza, CA",earthquake,0.26,0.57,0.158,7,reviewed,ci,ci
2025-01-27T00:42:31.480Z,38.78783416748,-122.76816558838,3.2699999809265,1.04,md,16,80,0.01438,0.02,nc,nc75123646,2025-01-27T00:44:07.204Z,"2 km NNW of The Geysers, CA",earthquake,0.37,0.730000019,0.29,15,automatic,nc,nc
2025-01-27T00:36:23.230Z,38.831001281738,-122.80982971191,1.6699999570847,0.71,md,10,96,0.01692,0.01,nc,nc75123641,2025-01-27T00:38:01.771Z,"8 km NNW of The Geysers, CA",earthquake,0.41,1.10000002,0.24,12,automatic,nc,nc
2025-01-27T00:31:02.536Z,15.0791,52.183,10,4.5,mb,34,171,9.747,0.65,us,us6000pmhk,2025-01-28T01:15:45.040Z,"124 km S of Al Ghayz̧ah, Yemen",earthquake,6.45,1.955,0.095,32,reviewed,us,us
2025-01-27T00:30:21.960Z,38.748332977295,-122.73233032227,1.6499999761581,1.21,md,10,116,0.0105,0.06,nc,nc75123636,2025-01-27T00:31:55.662Z,"4 km SSE of The Geysers, CA",earthquake,0.39,0.730000019,0.17,8,automatic,nc,nc
2025-01-27T00:29:44.358Z,-7.6118,107.0804,49.887,4.6,mb,28,95,0.584,0.81,us,us6000pmhl,2025-01-28T00:49:51.040Z,"60 km SW of Banjar, Indonesia",earthquake,5.05,6.748,0.125,20,reviewed,us,us
2025-01-27T00:28:06.464Z,36.7063,-116.1582,2.4,-0.5,ml,12,170.04,0.019,0.0569,nn,nn00892557,2025-01-27T15:31:55.481Z,"46 km WNW of Indian Springs, Nevada",earthquake,,1.7,0.07,4,reviewed,nn,nn
2025-01-27T00:26:38.320Z,40.7485,-112.05016666667,8.72,1.54,ml,32,45,0.02411,0.16,uu,uu80100111,2025-01-27T21:15:36.700Z,"6 km NE of Magna, Utah",earthquake,0.28,0.61,0.19122241905439,5,reviewed,uu,uu
2025-01-27T00:20:14.430Z,35.034,-117.6776667,-0.82,1.5,ml,33,69,0.1005,0.15,ci,ci40852143,2025-01-28T22:43:56.043Z,"5 km NNW of Boron, CA",quarry blast,0.34,31.61,0.105,34,reviewed,ci,ci
2025-01-27T00:18:49.228Z,22.6832,121.1171,10,5,mb,74,88,0.138,0.64,us,us6000pmhf,2025-01-28T00:37:44.379Z,"72 km ENE of Donggang, Taiwan",earthquake,4.91,1.812,0.065,76,reviewed,us,us
2025-01-27T00:16:23.570Z,38.737833333333,-122.7145,1.73,0.75,md,8,144,0.003694,0.03,nc,nc75123631,2025-01-27T09:42:50.423Z,"5 km SW of Anderson Springs, CA",earthquake,0.33,0.32,0.271,5,reviewed,nc,nc
2025-01-27T00:05:00.810Z,40.268,-124.96016666667,1.28,2.63,md,70,278,0.4729,0.26,nc,nc75123626,2025-01-27T08:07:16.587Z,"58 km W of Petrolia, CA",earthquake,0.81,1.28,0.206,46,reviewed,nc,nc
2025-01-27T00:01:09.020Z,38.834167480469,-122.81549835205,1.1900000572205,0.59,md,10,90,0.01156,0.01,nc,nc75123621,2025-01-27T00:02:45.553Z,"8 km WNW of Cobb, CA",earthquake,0.34,0.910000026,0.4,10,automatic,nc,nc
2025-01-26T23:57:16.080Z,38.823333740234,-122.80950164795,3.2599999904633,0.64,md,7,142,0.0004512,0.01,nc,nc75123616,2025-01-26T23:58:50.509Z,"7 km NNW of The Geysers, CA",earthquake,0.62,2.13000011,0.43,8,automatic,nc,nc
2025-01-26T23:49:15.210Z,37.104166666667,-121.78966666667,8.42,0.89,md,17,52,0.06662,0.13,nc,nc75123611,2025-01-30T11:55:55.210Z,"10 km NE of Day Valley, CA",earthquake,0.42,1.02,0.233,15,reviewed,nc,nc
2025-01-26T23:47:41.325Z,31.274,-103.345,7.5775,1.8,ml,8,163,0,0.6,tx,tx2025bvms,2025-01-26T23:56:09.371Z,"21 km ESE of Lindsay, Texas",earthquake,0,4.0846266746521,0.2,6,automatic,tx,tx
2025-01-26T23:39:26.020Z,39.699833333333,-110.84283333333,-3.34,1.27,ml,11,153,0.0832,0.15,uu,uu80100106,2025-01-27T20:09:36.360Z,"2 km NNE of Helper, Utah",earthquake,0.66,1.34,0.1112682937418,3,reviewed,uu,uu
2025-01-26T23:36:57.955Z,61.296,-152.2287,0.2,2,ml,,,,0.77,ak,ak02517dvu03,2025-01-28T17:32:19.930Z,"63 km WNW of Beluga, Alaska",earthquake,,0.2,,,automatic,ak,ak
2025-01-26T23:32:48.323Z,32.123,-101.105,7.9834,2.1,ml,24,65,0.2,0.1,tx,tx2025bvmf,2025-01-27T14:55:13.434Z,"24 km E of Forsan, Texas",earthquake,0.65165076210522,1.6510047784005,0.2,37,reviewed,tx,tx
2025-01-26T23:29:54.301Z,60.4424,-152.1592,83.4,2.1,ml,,,,0.53,ak,ak02517dubpi,2025-01-26T23:32:12.019Z,"47 km W of Cohoe, Alaska",earthquake,,0.8,,,automatic,ak,ak
2025-01-26T23:26:37.165Z,2.9697,-84.3268,10,4.1,mb,17,259,5.723,0.92,us,us6000pmh3,2025-01-27T23:46:38.040Z,"off the coast of Central America",earthquake,14.21,2.018,0.233,5,reviewed,us,us
2025-01-26T23:21:42.190Z,37.285666666667,-121.654,5.94,0.91,md,20,76,0.03069,0.06,nc,nc75123606,2025-01-26T23:36:56.202Z,"16 km ESE of Seven Trees, CA",earthquake,0.25,0.35,0.146,15,reviewed,nc,nc
2025-01-26T23:07:24.160Z,38.779666900635,-122.75650024414,1.3400000333786,1.33,md,10,102,0.01149,0.03,nc,nc75123601,2025-01-26T23:09:01.257Z,"0 km N of The Geysers, CA",earthquake,0.4,0.629999995,0.22,9,automatic,nc,nc
2025-01-26T23:05:40.657Z,39.1635,-119.0394,6.3,1.5,ml,19,58.39,0.006,0.1389,nn,nn00892537,2025-01-28T22:51:40.398Z,"22 km NNE of Yerington, Nevada",earthquake,,0.6,0.26,12,reviewed,nn,nn
2025-01-26T23:03:44.560Z,40.300333333333,-124.47216666667,7.5,1.62,md,37,260,0.09982,0.14,nc,nc75123596,2025-01-30T12:37:07.234Z,"16 km W of Petrolia, CA",earthquake,0.35,0.44,0.093,15,reviewed,nc,nc
2025-01-26T22:59:10.050Z,41.562166666667,-109.8665,-2.95,2.98,ml,17,157,0.1118,0.23,uu,uu80100101,2025-01-27T14:47:42.270Z,"2 km NNW of Little America, Wyoming",earthquake,0.82,1.04,0.21541912722821,17,reviewed,uu,uu
2025-01-26T22:44:41.600Z,38.794498443604,-122.78533172607,3.6400001049042,1.01,md,11,71,0.002413,0.01,nc,nc75123591,2025-01-26T22:46:15.847Z,"3 km NW of The Geysers, CA",earthquake,0.39,0.860000014,0.39,12,automatic,nc,nc
2025-01-26T22:39:13.242Z,53.1631,-167.1982,59,5.6,mww,102,62,0.495,0.85,us,us6000pmgt,2025-01-29T22:49:20.132Z,"90 km SSW of Unalaska, Alaska",earthquake,4.44,1.857,0.048,41,reviewed,us,us
2025-01-26T22:29:28.290Z,40.273833333333,-124.62983333333,14.54,1.74,md,36,274,0.2202,0.21,nc,nc75123581,2025-01-30T12:09:59.796Z,"30 km W of Petrolia, CA",earthquake,0.49,0.85,0.142,13,reviewed,nc,nc
2025-01-26T22:28:12.550Z,17.958,-66.749666666667,15.03,2.37,md,6,219,0.1245,0.07,pr,pr71471588,2025-01-26T22:36:30.330Z,"5 km SW of Tallaboa, Puerto Rico",earthquake,0.55,1.05,0.095425365437589,6,reviewed,pr,pr
2025-01-26T22:20:46.330Z,31.736,-104.115,8.2019,2.2,ml,15,60,0,0.2,tx,tx2025bvjw,2025-01-27T11:17:27.155Z,"48 km W of Mentone, Texas",earthquake,0.65363414236624,0.81220239230395,0.1,19,reviewed,tx,tx
2025-01-26T22:20:29.620Z,38.834499359131,-122.81050109863,2.0099999904633,1.49,md,27,38,0.01109,0.03,nc,nc75123576,2025-01-26T22:23:33.210Z,"8 km WNW of Cobb, CA",earthquake,0.19,0.360000014,0.16,28,automatic,nc,nc
2025-01-26T22:17:24.300Z,33.8841667,-116.9918333,15.84,1.21,ml,53,36,0.03829,0.17,ci,ci40852111,2025-01-28T22:38:35.661Z,"5 km SSW of Beaumont, CA",earthquake,0.16,0.42,0.161,31,reviewed,ci,ci
2025-01-26T22:08:45.240Z,38.791332244873,-122.7748336792,0.050000000745058,0.71,md,8,109,0.01039,0.02,nc,nc75123571,2025-01-26T22:10:22.578Z,"2 km NW of The Geysers, CA",earthquake,0.24,0.889999986,0.04,9,automatic,nc,nc
2025-01-26T22:08:09.860Z,38.791999816895,-122.77249908447,-0.33000001311302,1.23,md,13,104,0.01211,0.04,nc,nc75123566,2025-01-26T22:09:46.429Z,"2 km NNW of The Geysers, CA",earthquake,0.24,0.730000019,0.17,14,automatic,nc,nc
2025-01-26T22:00:12.710Z,61.272833333333,-152.26483333333,1.4,0.43,ml,4,201,0.05358,0.09,av,av93473136,2025-01-28T17:27:18.320Z,"64 km WNW of Tyonek, Alaska",earthquake,0.67,1.56,0.13280798388465,4,reviewed,av,av
2025-01-26T21:59:35.160Z,18.3393,-68.646,106,3.6,md,14,200,1.5401,0.24,pr,pr2025026006,2025-01-27T22:34:52.040Z,"5 km SW of Boca de Yuma, Dominican Republic",earthquake,2.84,1.59,0.07,11,reviewed,pr,pr
2025-01-26T21:46:04.920Z,61.271,-152.2635,1.36,0.56,ml,6,127,0.05272,0.15,av,av93473126,2025-01-28T17:23:17.020Z,"64 km WNW of Tyonek, Alaska",earthquake,0.72,2.53,0.25198677665089,13,reviewed,av,av
2025-01-26T21:44:19.870Z,38.836833953857,-122.81083679199,2.0299999713898,0.71,md,10,79,0.01343,0.02,nc,nc75123556,2025-01-26T21:45:56.617Z,"8 km WNW of Cobb, CA",earthquake,0.36,1.02999997,0.07,11,automatic,nc,nc
2025-01-26T21:42:29.280Z,35.236,-119.8216667,2.25,0.78,ml,11,75,0.02467,0.17,ci,ci40852015,2025-01-27T15:14:02.280Z,"21 km SE of Simmler, CA",earthquake,0.79,0.95,0.266,5,reviewed,ci,ci
2025-01-26T21:42:09.070Z,35.2243333,-119.8218333,1.29,0.2,ml,8,87,0.03631,0.15,ci,ci37694548,2025-01-27T15:17:23.943Z,"22 km SE of Simmler, CA",earthquake,1.12,1.7,0.127,6,reviewed,ci,ci
2025-01-26T21:41:58.080Z,35.25,-119.8225,3.84,0.47,ml,9,83,0.01084,0.19,ci,ci37694556,2025-01-27T15:20:27.961Z,"20 km SE of Simmler, CA",earthquake,0.54,0.75,0.186,6,reviewed,ci,ci
2025-01-26T21:35:50.840Z,38.820499420166,-122.82283020019,2.5199999809265,0.75,md,12,54,0.009882,0.01,nc,nc75123551,2025-01-26T21:37:26.479Z,"7 km NW of The Geysers, CA",earthquake,0.32,0.910000026,0.18,14,automatic,nc,nc
2025-01-26T21:27:48.073Z,63.2652,-151.2364,0,1.8,ml,,,,0.55,ak,ak02517cn0l3,2025-01-26T21:30:28.016Z,"39 km SE of Denali National Park, Alaska",earthquake,,0.7,,,automatic,ak,ak
2025-01-26T21:23:37.890Z,33.4846667,-116.473,14.65,0.92,ml,32,65,0.1347,0.16,ci,ci40852007,2025-01-27T14:34:09.328Z,"20 km ESE of Anza, CA",earthquake,0.23,0.39,0.161,28,reviewed,ci,ci
2025-01-26T21:22:39.176Z,-7.3754,156.0364,35,5,mb,61,49,4.379,0.6,us,us6000pmgl,2025-01-27T06:23:47.883Z,"119 km NW of Gizo, Solomon Islands",earthquake,9.42,1.833,0.074,59,reviewed,us,us
2025-01-26T21:19:16.077Z,42.4571,-126.7534,10,2.6,ml,29,264,1.787,0.93,us,us6000pmgk,2025-01-27T06:15:27.040Z,"187 km W of Port Orford, Oregon",earthquake,8.58,2.023,0.05,52,reviewed,us,us
2025-01-26T21:14:39.910Z,51.738833333333,-177.44066666667,1.08,1.71,ml,8,195,0.1297,0.08,av,av93473121,2025-01-28T17:20:21.100Z,"57 km WSW of Adak, Alaska",earthquake,0.95,1.25,0.22008948868467,9,reviewed,av,av
2025-01-26T21:03:51.795Z,61.7515,-149.7574,43.1,1.8,ml,,,,0.71,ak,ak02517chvor,2025-01-26T21:05:53.078Z,"13 km NNE of Houston, Alaska",earthquake,,1,,,automatic,ak,ak
2025-01-26T21:03:50.860Z,47.980666666667,-122.1155,23.87,2.31,ml,32,50,0.05833,0.2,uw,uw62072411,2025-01-26T21:17:34.590Z,"1 km SW of West Lake Stevens, Washington",earthquake,0.3,0.73,0.14303301568381,87,reviewed,uw,uw
2025-01-26T20:54:31.661Z,-30.6928,-71.7368,34.189,4.2,mwr,38,147,0.09,0.71,us,us6000pmgi,2025-01-27T04:06:24.570Z,"52 km W of Ovalle, Chile",earthquake,4.24,4.989,0.046,46,reviewed,us,us
2025-01-26T20:48:14.930Z,38.788166046143,-122.76816558838,2.1400001049042,0.77,md,16,82,0.01409,0.03,nc,nc75123526,2025-01-26T20:49:51.257Z,"2 km NNW of The Geysers, CA",earthquake,0.29,0.600000024,0.07,15,automatic,nc,nc
2025-01-26T20:44:49.480Z,38.830333709717,-122.81966400147,1.4800000190735,0.74,md,12,63,0.014,0.02,nc,nc75123521,2025-01-26T20:46:26.264Z,"8 km NNW of The Geysers, CA",earthquake,0.28,0.920000017,0.12,12,automatic,nc,nc
2025-01-26T20:38:32.600Z,36.644833333333,-121.26316666667,2.03,0.95,md,16,133,0.05353,0.07,nc,nc75123516,2025-01-30T11:39:20.221Z,"17 km NNW of Pinnacles, CA",earthquake,0.34,0.84,0.281,13,reviewed,nc,nc
2025-01-26T20:34:09.940Z,38.814334869385,-122.79516601562,1.1900000572205,1.1,md,9,82,0.006358,0.03,nc,nc75123511,2025-01-26T20:35:46.068Z,"5 km NNW of The Geysers, CA",earthquake,0.36,0.660000026,0.25,12,automatic,nc,nc
2025-01-26T20:33:59.400Z,38.833667755127,-122.79766845703,1.75,0.59,md,9,110,0.007425,0.01,nc,nc75123506,2025-01-26T20:35:36.065Z,"7 km WNW of Cobb, CA",earthquake,0.45,1.13999999,0.39,9,automatic,nc,nc
2025-01-26T20:30:32.582Z,39.1237,-119.0482,5.9,1,ml,11,86.95,0.017,0.1303,nn,nn00892532,2025-01-28T22:27:08.148Z,"18 km NNE of Yerington, Nevada",earthquake,,1.8,0.19,4,reviewed,nn,nn
2025-01-26T20:29:20.100Z,40.286333333333,-124.3735,14.4,1.81,md,40,227,0.02374,0.12,nc,nc75123501,2025-01-30T10:50:05.228Z,"9 km WSW of Petrolia, CA",earthquake,0.36,0.22,0.206,20,reviewed,nc,nc
2025-01-26T20:09:02.120Z,37.517,-118.7595,3.94,1.55,md,27,95,0.05275,0.07,nc,nc75123491,2025-01-28T00:05:10.975Z,"9 km WSW of Toms Place, CA",earthquake,0.22,0.69,0.13,16,reviewed,nc,nc
2025-01-26T20:06:28.260Z,38.78783416748,-122.76699829102,2.0599999427795,0.44,md,7,144,0.01398,0.01,nc,nc75123486,2025-01-26T20:08:05.680Z,"1 km NNW of The Geysers, CA",earthquake,0.49,1.01999998,0.22,7,automatic,nc,nc
2025-01-26T20:01:31.760Z,38.247666666667,-122.14633333333,11.2,1.42,md,19,126,0.06003,0.13,nc,nc75123476,2025-01-26T23:39:26.984Z,"2 km SE of Green Valley, CA",earthquake,0.32,0.42,0.154,18,reviewed,nc,nc
2025-01-26T19:57:30.620Z,47.865166666667,-124.7345,-0.32,1.57,ml,11,231,0.14,0.33,uw,uw62072401,2025-01-28T23:11:05.660Z,"27 km WSW of Forks, Washington",earthquake,1.8,2.36,0.078339410294179,4,reviewed,uw,uw
2025-01-26T19:38:52.260Z,36.0171667,-117.8146667,0.6,1.11,ml,23,72,0.04085,0.17,ci,ci40851975,2025-01-27T14:34:41.348Z,"12 km NE of Little Lake, CA",earthquake,0.17,0.28,0.185,22,reviewed,ci,ci
2025-01-26T19:22:44.260Z,26.933,60.1675,33.226,4.4,mb,60,167,4.08,0.68,us,us6000pmgf,2025-01-27T04:11:49.174Z,"59 km WSW of Iranshahr, Iran",earthquake,11.69,7.334,0.073,55,reviewed,us,us
2025-01-26T19:22:30.281Z,-2.5271,141.2412,25.569,4.8,mb,39,56,0.538,0.63,us,us6000pmgh,2025-01-26T19:53:29.040Z,"18 km NNW of Vanimo, Papua New Guinea",earthquake,7.99,5.505,0.098,32,reviewed,us,us
2025-01-26T19:16:27.960Z,38.834999084473,-122.81099700928,2.0099999904633,1.25,md,20,53,0.01161,0.01,nc,nc75123456,2025-01-26T19:18:06.627Z,"8 km WNW of Cobb, CA",earthquake,0.2,0.5,0.08,22,automatic,nc,nc
2025-01-26T19:10:17.380Z,38.8005,-122.80666666667,3.16,0.35,md,17,58,0.01159,0.02,nc,nc75123451,2025-01-26T22:56:14.322Z,"5 km NW of The Geysers, CA",earthquake,0.34,0.75,0.377,17,reviewed,nc,nc
2025-01-26T19:08:08.040Z,35.9453333,-117.7386667,3.81,0.99,ml,20,55,0.06425,0.14,ci,ci40851967,2025-01-27T14:34:58.281Z,"15 km E of Little Lake, CA",earthquake,0.18,0.46,0.134,18,reviewed,ci,ci
2025-01-26T18:54:20.720Z,38.823165893555,-122.84383392334,2.1600000858307,1.08,md,16,89,0.006877,0.01,nc,nc75123446,2025-01-26T18:55:56.309Z,"9 km NW of The Geysers, CA",earthquake,0.28,0.430000007,0.2,17,automatic,nc,nc
2025-01-26T18:51:05.030Z,40.229,-124.10183333333,14.71,1.25,md,29,60,0.02225,0.09,nc,nc75123441,2025-01-30T08:59:00.637Z,"19 km SE of Petrolia, CA",earthquake,0.23,0.32,0.166,13,reviewed,nc,nc
2025-01-26T18:45:58.423Z,5.7169,127.0011,135.362,4.7,mb,83,115,1.95,0.45,us,us6000pmgd,2025-01-26T19:03:22.040Z,"115 km SE of Pondaguitan, Philippines",earthquake,8.36,5.884,0.054,105,reviewed,us,us
2025-01-26T18:28:08.321Z,31.643,-104.468,6.4075,1.9,ml,37,73,0,0.1,tx,tx2025bvcd,2025-01-27T15:07:22.640Z,"59 km S of Whites City, New Mexico",earthquake,0.69817964203417,0.61888940470356,0.1,35,reviewed,tx,tx
2025-01-26T18:25:20.540Z,36.2145,-89.603333333333,8.82,1.8,md,27,56,0.08537,0.07,nm,nm60597286,2025-01-27T14:57:14.220Z,"5 km ENE of Caruthersville, Missouri",earthquake,0.13,0.47,0.072658335530912,22,reviewed,nm,nm
2025-01-26T18:09:43.219Z,61.552,-146.6093,29,1.6,ml,,,,0.77,ak,ak02517aqui9,2025-01-26T18:11:32.377Z,"48 km NNW of Valdez, Alaska",earthquake,,0.3,,,automatic,ak,ak
2025-01-26T18:06:12.970Z,23.2335,120.4153,10,4.2,mwr,33,79,0.208,0.69,us,us6000pmgb,2025-01-26T18:54:46.466Z,"12 km NNW of Yujing, Taiwan",earthquake,4.2,1.883,0.075,17,reviewed,us,us
2025-01-26T17:48:44.220Z,41.0405,-121.64683333333,12.46,1.74,md,25,57,0.1804,0.09,nc,nc75123436,2025-01-30T08:55:59.315Z,"18 km NNE of Burney, CA",earthquake,0.26,0.89,0.259,23,reviewed,nc,nc
2025-01-26T17:35:00.020Z,61.267666666667,-152.25166666667,1.87,-0.4,ml,4,190,0.04676,0.13,av,av93472971,2025-01-28T07:12:22.060Z,"63 km WNW of Tyonek, Alaska",earthquake,0.65,2.27,0.1641189331252,4,reviewed,av,av
2025-01-26T17:34:26.790Z,38.793167114258,-122.77549743652,2.329999923706,1.1,md,16,77,0.009706,0.03,nc,nc75123431,2025-01-26T17:36:04.829Z,"2 km NNW of The Geysers, CA",earthquake,0.29,0.560000002,0.1,16,automatic,nc,nc
2025-01-26T17:33:57.050Z,38.263166666667,-122.14283333333,11.07,1.36,md,15,115,0.05037,0.12,nc,nc75123426,2025-01-26T22:53:12.876Z,"2 km ENE of Green Valley, CA",earthquake,0.65,0.85,0.162,11,reviewed,nc,nc
2025-01-26T17:27:58.560Z,40.226166666667,-124.10766666667,15.21,1.61,md,28,75,0.02239,0.08,nc,nc75123421,2025-01-30T08:45:56.188Z,"19 km SE of Petrolia, CA",earthquake,0.19,0.3,0.145,16,reviewed,nc,nc
2025-01-26T17:13:49.240Z,62.9923,-144.0579,0,1.7,ml,,,,0.73,ak,ak02517a6a75,2025-01-26T17:17:02.015Z,"16 km WNW of Mentasta Lake, Alaska",earthquake,,0.5,,,automatic,ak,ak
2025-01-26T17:10:47.150Z,46.852333333333,-121.76416666667,2.28,-0.47,md,11,132,0.01981,0.05,uw,uw61503698,2025-01-27T19:53:54.240Z,"22 km ENE of Ashford, Washington",earthquake,0.4,0.54,0.28978223187115,11,reviewed,uw,uw
2025-01-26T17:10:38.570Z,46.851666666667,-121.76783333333,1.47,0.18,ml,18,85,0.01726,0.08,uw,uw62072391,2025-01-27T19:50:11.050Z,"22 km ENE of Ashford, Washington",earthquake,0.24,0.51,0.10418175711702,8,reviewed,uw,uw
2025-01-26T17:07:06.153Z,31.265,-103.365,6.9971,3,ml,21,69,0,0.1,tx,tx2025buzn,2025-01-26T22:35:07.692Z,"20 km SE of Lindsay, Texas",earthquake,0.63270510037273,2.469470296646,0.2,48,reviewed,tx,tx
2025-01-26T17:06:04.395Z,31.783,-102.004,8.7646,1.1,ml,12,85,0.1,0.1,tx,tx2025buzm,2025-01-28T16:47:22.443Z,"24 km SSE of Midland, Texas",earthquake,0.54605868449324,1.4408082989124,0.1,13,reviewed,tx,tx
2025-01-26T17:00:12.880Z,61.275166666667,-152.25533333333,2.48,-0.75,ml,4,206,0.04944,0.07,av,av93472946,2025-01-28T07:07:51.650Z,"64 km WNW of Tyonek, Alaska",earthquake,0.64,1.11,0.10862228734062,3,reviewed,av,av
2025-01-26T16:53:46.690Z,19.265,-155.84983333333,4.01,2.61,ml,48,255,0.1381,0.28,hv,hv74601837,2025-01-27T20:11:22.304Z,"21 km S of Honaunau-Napoopoo, Hawaii",earthquake,0.56,0.46,0.254775420088,26,reviewed,hv,hv
2025-01-26T16:44:42.320Z,36.2145,-120.776,9.29,1.41,md,17,145,0.162,0.07,nc,nc75123411,2025-01-26T20:08:51.608Z,"24 km ENE of San Lucas, CA",earthquake,0.28,0.73,0.326,18,reviewed,nc,nc
2025-01-26T16:41:21.360Z,46.856666666667,-121.7775,2.01,-0.56,md,12,183,0.0121,0.08,uw,uw61503693,2025-01-27T19:47:20.250Z,"22 km ENE of Ashford, Washington",earthquake,0.49,0.6,0.13137078055336,10,reviewed,uw,uw
2025-01-26T16:40:49.870Z,46.850166666667,-121.76433333333,1.31,0.92,ml,24,81,0.01965,0.07,uw,uw62072386,2025-01-27T19:42:15.090Z,"22 km ENE of Ashford, Washington",earthquake,0.22,0.66,0.26247775461656,16,reviewed,uw,uw
2025-01-26T16:31:48.708Z,25.0043,125.4011,45.108,4.7,mb,70,113,1.23,1.55,us,us6000pmg4,2025-01-27T13:56:44.764Z,"24 km NNE of Hirara, Japan",earthquake,6.61,7.149,0.064,79,reviewed,us,us
2025-01-26T16:30:50.390Z,38.8345,-122.784,2.46,0.39,md,10,75,0.006307,0.02,nc,nc75123406,2025-01-26T22:49:41.322Z,"5 km WNW of Cobb, CA",earthquake,0.45,0.62,0.243,10,reviewed,nc,nc
2025-01-26T16:30:08.630Z,32.3795,-115.239,10.27,2.75,ml,24,79,0.06862,0.35,ci,ci40851855,2025-01-27T20:20:31.713Z,"5 km WNW of Delta, B.C., MX",earthquake,0.58,1.4,0.124,20,reviewed,ci,ci
2025-01-26T16:28:29.420Z,38.830501556396,-122.81700134277,2.0899999141693,1.26,md,22,63,0.008924,0.02,nc,nc75123401,2025-01-26T16:30:04.425Z,"8 km NNW of The Geysers, CA",earthquake,0.2,0.469999999,0.21,22,automatic,nc,nc
2025-01-26T16:25:33.800Z,34.044,-117.1291667,6.45,1.14,ml,44,44,0.01631,0.19,ci,ci40851847,2025-01-28T22:21:09.553Z,"3 km S of Mentone, CA",earthquake,0.19,0.5,0.142,31,reviewed,ci,ci
2025-01-26T16:24:18.450Z,38.8325,-122.7835,1.69,0.14,md,7,101,0.007962,0.02,nc,nc75123396,2025-01-27T20:44:05.652Z,"5 km WNW of Cobb, CA",earthquake,0.53,0.93,0.274,7,reviewed,nc,nc
2025-01-26T16:15:30.621Z,39.1671,-119.0361,4.4,0.8,ml,11,77.23,0.003,0.128,nn,nn00892531,2025-01-29T01:04:01.766Z,"22 km NNE of Yerington, Nevada",earthquake,,1.1,0.13,3,reviewed,nn,nn
2025-01-26T16:04:19.470Z,33.9675,-116.984,4.36,0.84,ml,40,51,0.04608,0.17,ci,ci40851839,2025-01-26T16:23:08.772Z,"4 km N of Beaumont, CA",earthquake,0.16,0.46,0.139,29,reviewed,ci,ci
2025-01-26T15:37:35.790Z,32.7625,-116.0321667,9.23,1.11,ml,24,67,0.01843,0.15,ci,ci40851831,2025-01-28T22:08:17.282Z,"5 km NW of Ocotillo, CA",earthquake,0.23,0.49,0.186,17,reviewed,ci,ci
2025-01-26T15:37:21.450Z,41.394833333333,-112.571,4.54,0.86,md,7,122,0.1258,0.04,uu,uu80100086,2025-01-27T19:33:37.620Z,"40 km SW of Thatcher, Utah",earthquake,0.72,1.96,0.1289518204387,5,reviewed,uu,uu
2025-01-26T15:35:49.120Z,38.811332702637,-122.82816314697,1.1699999570847,1.7,md,15,59,0.002586,0.02,nc,nc75123386,2025-01-26T15:37:23.945Z,"7 km NW of The Geysers, CA",earthquake,0.23,0.50999999,0.24,15,automatic,nc,nc
2025-01-26T15:35:35.371Z,31.265,-103.376,1.947,2.1,ml,19,82,0.1,0.1,tx,tx2025buwl,2025-01-27T15:44:39.973Z,"19 km SE of Lindsay, Texas",earthquake,0.88522669214975,1.7038764433237,0.2,24,reviewed,tx,tx
2025-01-26T15:33:17.530Z,38.833999633789,-122.81466674805,1.3999999761581,0.21,md,7,82,0.01118,0.01,nc,nc75123381,2025-01-26T15:34:53.914Z,"8 km WNW of Cobb, CA",earthquake,0.44,1.82000005,0.13,8,automatic,nc,nc
2025-01-26T15:32:31.024Z,6.6405,-73.1153,163.125,4.5,mb,44,82,0.744,0.56,us,us6000pmg0,2025-01-26T16:26:31.040Z,"6 km NW of Curití, Colombia",earthquake,9.41,7.19,0.045,146,reviewed,us,us
2025-01-26T15:26:15.580Z,38.8365,-122.81933333333,2.22,0.4,md,11,71,0.01279,0.04,nc,nc75123376,2025-01-27T20:42:04.973Z,"8 km WNW of Cobb, CA",earthquake,0.33,0.62,0.194,11,reviewed,nc,nc
2025-01-26T15:25:21.550Z,34.5171667,-119.07,1.68,2.74,ml,95,22,0.09756,0.24,ci,ci40851823,2025-01-28T22:02:10.343Z,"18 km ENE of Ojai, CA",earthquake,0.15,0.38,0.186,25,reviewed,ci,ci
2025-01-26T15:18:34.215Z,63.1007,-150.5754,100.3,2,ml,,,,1.37,ak,ak0251790gfx,2025-01-26T15:21:03.874Z,"68 km N of Petersville, Alaska",earthquake,,0.9,,,automatic,ak,ak
2025-01-26T15:09:49.157Z,37.025,-117.8892,9.7,1,ml,8,173.32,0.274,0.1508,nn,nn00892528,2025-01-29T00:54:48.817Z,"37 km NE of Independence, California",earthquake,,4.5,0.44,4,reviewed,nn,nn
2025-01-26T15:09:36.134Z,31.268,-103.335,2.3572,2.2,ml,15,44,0,0.2,tx,tx2025buvp,2025-01-27T15:52:14.928Z,"22 km SSE of Barstow, Texas",earthquake,0.95217089336119,1.0068992651826,0.2,16,reviewed,tx,tx
2025-01-26T14:56:32.350Z,36.644,-121.26816666667,4.27,3.02,ml,68,48,0.04993,0.18,nc,nc75123366,2025-01-27T14:41:12.998Z,"17 km NNW of Pinnacles, CA",earthquake,0.19,0.68,0.128,62,reviewed,nc,nc
2025-01-26T14:56:20.900Z,61.338166666667,-152.2905,0.84,-0.27,ml,5,291,0.08861,0.03,av,av93472866,2025-01-29T09:02:02.620Z,"68 km WNW of Beluga, Alaska",earthquake,0.51,3.58,0.34308775327891,5,reviewed,av,av
2025-01-26T14:51:39.819Z,31.278,-103.337,1.178,1.6,ml,23,72,0,0.2,tx,tx2025buva,2025-01-27T21:58:06.354Z,"21 km SSE of Barstow, Texas",earthquake,1.072149194415,1.2381258131209,0.2,12,reviewed,tx,tx
2025-01-26T14:48:38.460Z,38.799835205078,-122.81416320801,3.3199999332428,0.63,md,12,78,0.0144,0.02,nc,nc75123361,2025-01-26T14:50:14.504Z,"6 km NW of The Geysers, CA",earthquake,0.48,1.16999996,0.19,12,automatic,nc,nc
2025-01-26T14:48:04.430Z,38.799499511719,-122.81433105469,3.4000000953674,0.68,md,11,79,0.01421,0.02,nc,nc75123356,2025-01-26T14:49:39.553Z,"6 km NW of The Geysers, CA",earthquake,0.47,1.25999999,0.25,12,automatic,nc,nc
2025-01-26T14:47:59.267Z,17.101,147.2578,41.707,4.9,mb,51,116,2.327,0.75,us,us6000pmft,2025-01-26T15:03:41.040Z,"263 km NE of Saipan, Northern Mariana Islands",earthquake,11.7,7.247,0.084,44,reviewed,us,us
2025-01-26T14:39:08.480Z,17.8185,-65.353833333333,18.03,2.71,md,12,247,0.3357,0.24,pr,pr71471568,2025-01-26T15:01:55.280Z,"33 km SSE of Esperanza, Puerto Rico",earthquake,0.96,0.93,0.20731343964528,7,reviewed,pr,pr
2025-01-26T14:24:50.570Z,38.829166666667,-122.8205,1.97,0.25,md,5,119,0.009977,0.01,nc,nc75123346,2025-01-26T22:45:40.057Z,"8 km NNW of The Geysers, CA",earthquake,0.83,1.87,0.388,5,reviewed,nc,nc
2025-01-26T14:22:35.280Z,35.2333333,-119.8305,0.92,1.31,ml,19,62,0.02858,0.21,ci,ci40851807,2025-01-27T20:14:10.667Z,"20 km SE of Simmler, CA",earthquake,0.39,0.66,0.151,12,reviewed,ci,ci
2025-01-26T14:20:15.850Z,34.9813333,-116.44,1.57,1.49,ml,17,85,0.1668,0.15,ci,ci40851799,2025-01-26T16:23:39.069Z,"38 km SE of Fort Irwin, CA",earthquake,0.22,0.41,0.176,18,reviewed,ci,ci
2025-01-26T14:19:03.670Z,38.815334320068,-122.81783294678,1.3200000524521,1.07,md,19,50,0.01097,0.03,nc,nc75123331,2025-01-26T14:20:39.207Z,"7 km NW of The Geysers, CA",earthquake,0.2,0.519999981,0.11,19,automatic,nc,nc
2025-01-26T14:17:17.770Z,38.816333333333,-122.819,2.29,0.31,md,11,73,0.009917,0.02,nc,nc75123326,2025-01-27T20:40:04.188Z,"7 km NW of The Geysers, CA",earthquake,0.36,0.96,0.501,11,reviewed,nc,nc
2025-01-26T14:14:15.925Z,65.7278,-155.6481,6.6,2.4,ml,,,,1.16,ak,ak025178e4k8,2025-01-26T14:17:17.800Z,"34 km E of Huslia, Alaska",earthquake,,0.8,,,automatic,ak,ak
2025-01-26T14:08:32.450Z,46.741166666667,-121.9085,-0.95,0.61,ml,30,91,0.005772,0.2,uw,uw62072381,2025-01-27T19:33:49.120Z,"9 km ESE of Ashford, Washington",earthquake,0.28,0.48,0.12779810226621,18,reviewed,uw,uw
2025-01-26T14:06:52.570Z,34.0531667,-116.5331667,9.7,0.82,ml,35,66,0.09642,0.17,ci,ci40851791,2025-01-26T16:24:30.300Z,"4 km E of Morongo Valley, CA",earthquake,0.22,0.54,0.144,19,reviewed,ci,ci
2025-01-26T14:03:01.190Z,40.334833333333,-124.94283333333,7.04,4.13,mw,177,231,0.4613,0.3,nc,nc75123321,2025-01-27T14:07:45.640Z,"56 km WNW of Petrolia, CA",earthquake,0.7,1.03,,7,reviewed,nc,nc
2025-01-26T14:01:44.129Z,39.0691,-119.0253,2.7,1,ml,10,105.21,0.074,0.168,nn,nn00892522,2025-01-29T00:45:36.237Z,"15 km NE of Yerington, Nevada",earthquake,,4,0.32,4,reviewed,nn,nn
2025-01-26T13:55:43.330Z,34.0446667,-117.132,6.55,1.33,ml,81,24,0.01868,0.21,ci,ci40851711,2025-01-26T16:24:34.300Z,"3 km S of Mentone, CA",earthquake,0.14,0.35,0.188,24,reviewed,ci,ci
2025-01-26T13:55:34.232Z,39.0629,-119.0217,1.7,1,ml,11,107.49,0.081,0.1812,nn,nn00892521,2025-01-29T00:33:20.054Z,"14 km NE of Yerington, Nevada",earthquake,,11.3,0.29,4,reviewed,nn,nn
2025-01-26T13:54:05.530Z,46.878333333333,-121.93816666667,9.14,0.09,ml,9,140,0.0251,0.07,uw,uw62072366,2025-01-27T22:36:26.300Z,"15 km NNE of Ashford, Washington",earthquake,0.56,0.69,0.060832315282204,3,reviewed,uw,uw
2025-01-26T13:47:24.005Z,31.686,-104.425,5.1129,1.7,ml,20,78,0,0.1,tx,tx2025busx,2025-01-27T16:22:03.132Z,"54 km S of Whites City, New Mexico",earthquake,0.6241750599453,0.62678432138399,0.2,31,reviewed,tx,tx
2025-01-26T13:46:36.160Z,47.605,-121.81066666667,17.52,1.58,ml,14,124,0.1014,0.09,uw,uw62072361,2025-01-27T22:29:12.220Z,"7 km NE of Fall City, Washington",earthquake,0.36,0.37,0.15620842729309,11,reviewed,uw,uw
2025-01-26T13:42:41.090Z,34.0415,-117.1335,5.99,0.91,ml,53,43,0.01852,0.2,ci,ci40851695,2025-01-29T18:30:37.989Z,"3 km S of Mentone, CA",earthquake,0.18,0.46,0.126,34,reviewed,ci,ci
2025-01-26T13:42:36.700Z,38.813999176025,-122.78700256348,1.4400000572205,0.82,md,13,58,0.004991,0.02,nc,nc75123311,2025-01-26T13:44:14.687Z,"5 km NNW of The Geysers, CA",earthquake,0.28,0.569999993,0.15,15,automatic,nc,nc
2025-01-26T13:38:02.030Z,34.043,-117.1343333,5.78,0.82,ml,46,34,0.01969,0.18,ci,ci40851687,2025-01-26T16:24:05.810Z,"3 km S of Mentone, CA",earthquake,0.16,0.36,0.194,27,reviewed,ci,ci
2025-01-26T13:37:33.048Z,53.174,159.9854,69.822,5.3,mb,59,119,0.819,1.01,us,us6000pmfn,2025-01-26T13:57:01.040Z,"91 km E of Petropavlovsk-Kamchatsky, Russia",earthquake,9.9,7.214,0.022,703,reviewed,us,us
2025-01-26T13:34:10.482Z,65.525,-144.4634,7.9,1.6,ml,,,,0.87,ak,ak025177wyuw,2025-01-26T13:36:01.198Z,"16 km ESE of Central, Alaska",earthquake,,0.3,,,automatic,ak,ak
2025-01-26T13:22:16.530Z,33.2325,-116.734,10.61,0.56,ml,27,33,0.02104,0.18,ci,ci40851679,2025-01-26T16:24:28.812Z,"3 km ESE of Lake Henshaw, CA",earthquake,0.23,0.54,0.154,8,reviewed,ci,ci
2025-01-26T13:18:24.380Z,33.6545,-116.9183333,13.04,0.63,ml,22,98,0.06371,0.15,ci,ci40851671,2025-01-27T15:08:27.236Z,"11 km SSW of Valle Vista, CA",earthquake,0.26,0.48,0.036,9,reviewed,ci,ci
2025-01-26T13:14:31.070Z,34.0426667,-117.135,6.15,0.69,ml,31,67,0.02009,0.17,ci,ci40851663,2025-01-29T17:58:06.199Z,"3 km S of Mentone, CA",earthquake,0.21,0.53,0.107,8,reviewed,ci,ci
2025-01-26T13:10:36.210Z,38.782333333333,-122.73233333333,1.76,0.61,md,13,124,0.003549,0.03,nc,nc75123306,2025-01-26T22:44:09.357Z,"2 km E of The Geysers, CA",earthquake,0.28,0.46,0.299,10,reviewed,nc,nc
2025-01-26T13:09:55.390Z,36.9719,-116.0051,7,0.4,ml,18,108.15,0.04,0.0942,nn,nn00892520,2025-01-26T14:53:21.896Z,"53 km NW of Indian Springs, Nevada",earthquake,,1.1,0.34,6,reviewed,nn,nn
2025-01-26T13:06:41.320Z,34.0448333,-117.1283333,6.83,1.41,ml,80,18,0.01619,0.17,ci,ci40851655,2025-01-29T17:31:16.030Z,"3 km SSE of Mentone, CA",earthquake,0.13,0.34,0.128,62,reviewed,ci,ci
2025-01-26T13:06:39.500Z,34.0448333,-117.1315,6.1,0.9,ml,49,42,0.0184,0.19,ci,ci37694596,2025-01-29T17:48:30.736Z,"3 km S of Mentone, CA",earthquake,0.2,0.51,0.115,15,reviewed,ci,ci
2025-01-26T13:04:29.503Z,60.4805,-148.614,4.5,2,ml,,,,0.58,ak,ak025177qkue,2025-01-26T13:07:56.703Z,"33 km S of Whittier, Alaska",earthquake,,0.3,,,automatic,ak,ak
2025-01-26T12:51:57.570Z,61.3325,-152.23833333333,3.55,0.76,ml,7,287,0.07836,0.14,av,av93472726,2025-01-28T05:20:14.280Z,"65 km WNW of Beluga, Alaska",earthquake,0.85,1.61,0.28801901533986,7,reviewed,av,av
2025-01-26T12:35:47.708Z,37.296,-117.5901,7.6,1.8,ml,16,68.59,0.077,0.1635,nn,nn00892518,2025-01-29T00:21:03.761Z,"51 km S of Silver Peak, Nevada",earthquake,,1.7,0.55,5,reviewed,nn,nn
2025-01-26T12:31:37.240Z,38.79666519165,-122.80266571045,1.789999961853,1.07,md,12,70,0.008333,0.02,nc,nc75123296,2025-01-26T12:33:13.580Z,"5 km NW of The Geysers, CA",earthquake,0.31,0.639999986,0.27,12,automatic,nc,nc
2025-01-26T12:28:08.310Z,46.763833333333,-121.87066666667,9.46,0.19,ml,24,164,0.019,0.09,uw,uw62072356,2025-01-27T22:21:18.790Z,"12 km E of Ashford, Washington",earthquake,0.26,0.23,0.16288431948179,7,reviewed,uw,uw
2025-01-26T12:27:39.190Z,44.342333333333,-114.82133333333,8.54,1.67,ml,14,47,0.2368,0.15,mb,mb90071648,2025-01-28T17:14:36.830Z,"16 km NE of Stanley, Idaho",earthquake,0.39,0.86,0.19984949500363,20,reviewed,mb,mb
2025-01-26T12:26:27.585Z,37.294,-117.5934,7.1,1,ml,11,164.62,0.074,0.1664,nn,nn00892515,2025-01-29T00:08:40.620Z,"51 km S of Silver Peak, Nevada",earthquake,,2.6,0.65,6,reviewed,nn,nn
2025-01-26T12:24:34.560Z,38.80033493042,-122.8065032959,1.4800000190735,1.13,md,15,58,0.01161,0.03,nc,nc75123291,2025-01-26T12:26:13.338Z,"5 km NW of The Geysers, CA",earthquake,0.26,0.50999999,0.33,16,automatic,nc,nc
2025-01-26T12:15:32.060Z,32.9063333,-116.276,10.65,0.75,ml,35,74,0.05336,0.23,ci,ci40851647,2025-01-29T17:14:14.549Z,"26 km ENE of Pine Valley, CA",earthquake,0.34,0.53,0.214,7,reviewed,ci,ci
2025-01-26T12:13:47.180Z,38.799835205078,-122.80766296387,3.960000038147,0.74,md,6,104,0.01204,0.01,nc,nc75123281,2025-01-26T12:15:23.321Z,"5 km NW of The Geysers, CA",earthquake,0.84,2.04999995,0.27,8,automatic,nc,nc
2025-01-26T12:07:14.660Z,38.79999923706,-122.80599975586,3.5899999141693,1.08,md,17,70,0.01154,0.02,nc,nc75123276,2025-01-26T12:08:53.262Z,"5 km NW of The Geysers, CA",earthquake,0.32,0.670000017,0.28,17,automatic,nc,nc
2025-01-26T12:03:43.800Z,38.792331695557,-122.77783203125,1.5700000524521,1.28,md,13,91,0.007927,0.02,nc,nc75123271,2025-01-26T12:05:18.043Z,"2 km NW of The Geysers, CA",earthquake,0.28,0.569999993,0.33,15,automatic,nc,nc
2025-01-26T12:02:56.690Z,39.499333333333,-122.96933333333,7.52,1.69,md,33,40,0.02678,0.15,nc,nc75123266,2025-01-26T23:28:23.728Z,"10 km N of Lake Pillsbury, CA",earthquake,0.23,0.5,0.194,21,reviewed,nc,nc
2025-01-26T12:01:41.560Z,38.807834625244,-122.77383422852,1.8799999952316,1.28,md,14,77,0.007615,0.02,nc,nc75123261,2025-01-26T12:03:18.442Z,"4 km NNW of The Geysers, CA",earthquake,0.32,0.540000021,0.16,15,automatic,nc,nc
2025-01-26T11:59:59.643Z,44.9415,-74.4611,2.396,1.4,ml,13,130,0.333,0.65,us,us7000p9sb,2025-01-29T06:05:26.040Z,"4 km SE of Fort Covington Hamlet, New York",earthquake,1.81,6.341,0.148,6,reviewed,us,us
2025-01-26T11:48:23.849Z,63.8906,-149.8786,7.4,1.4,ml,,,,0.63,ak,ak025176t4pc,2025-01-26T11:52:07.811Z,"39 km WSW of Ferry, Alaska",earthquake,,0.5,,,automatic,ak,ak
2025-01-26T11:47:12.660Z,38.800666666667,-122.80466666667,3.56,0.5,md,19,58,0.01033,0.03,nc,nc75123256,2025-01-27T20:37:32.946Z,"5 km NW of The Geysers, CA",earthquake,0.23,0.34,0.196,16,reviewed,nc,nc
2025-01-26T11:45:42.860Z,38.800498962402,-122.8048324585,3.5999999046326,2.46,md,71,22,0.01054,0.09,nc,nc75123251,2025-01-26T12:58:46.746Z,"5 km NW of The Geysers, CA",earthquake,0.15,0.219999999,0.17,80,automatic,nc,nc
2025-01-26T11:43:01.495Z,31.967,-102.095,7.3242,1,ml,20,59,0.1,0.1,tx,tx2025buox,2025-01-27T19:38:53.500Z,"3 km SSW of Midland, Texas",earthquake,0.73561169161474,1.1872981447163,0.1,8,reviewed,tx,tx
2025-01-26T11:39:46.231Z,51.6453,-115.8196,5.95,4.2,mb,107,83,1.618,0.66,us,us6000pmf8,2025-01-29T19:35:15.185Z,"55 km NNW of Banff, Canada",earthquake,5.79,6.212,0.113,22,reviewed,us,us
2025-01-26T11:38:04.500Z,33.6761667,-116.7656667,14.83,0.75,ml,40,40,0.05866,0.16,ci,ci40851639,2025-01-26T16:24:42.264Z,"8 km SSW of Idyllwild, CA",earthquake,0.2,0.31,0.206,17,reviewed,ci,ci
2025-01-26T11:33:00.420Z,44.349333333333,-110.68133333333,2.3,0.19,md,4,148,0.0882,0.16,uu,uu80002603,2025-01-27T19:20:25.260Z,"48 km SE of West Yellowstone, Montana",earthquake,0.86,11.41,0.16330241635617,3,reviewed,uu,uu
2025-01-26T11:32:48.750Z,38.835166931152,-122.81483459473,1.8200000524521,0.41,md,11,59,0.01233,0.02,nc,nc75123246,2025-01-26T11:34:26.763Z,"8 km WNW of Cobb, CA",earthquake,0.33,1.21000004,0.27,13,automatic,nc,nc
2025-01-26T11:32:34.270Z,44.757333333333,-111.151,7.93,0.91,ml,13,56,0.03286,0.14,uu,uu80100076,2025-01-27T19:14:05.240Z,"3 km ESE of Hebgen Lake Estates, Montana",earthquake,0.35,0.52,0.33431273029672,2,reviewed,uu,uu
2025-01-26T11:29:13.040Z,35.9043333,-117.6943333,3.31,0.92,ml,22,49,0.05624,0.15,ci,ci40851631,2025-01-26T16:25:01.982Z,"20 km E of Little Lake, CA",earthquake,0.18,0.57,0.147,15,reviewed,ci,ci
2025-01-26T11:28:36.817Z,31.684,-104.429,5.946,1.8,ml,21,71,0,0.1,tx,tx2025buoh,2025-01-27T16:29:26.215Z,"54 km S of Whites City, New Mexico",earthquake,0.63196577302229,0.61636926926618,0.2,33,reviewed,tx,tx
2025-01-26T11:28:03.953Z,31.582,-104.522,3.5933,1.9,ml,5,161,0.1,0.1,tx,tx2025buoi,2025-01-26T11:54:25.192Z,"66 km NNE of Van Horn, Texas",earthquake,0,2.7969801425934,0.5,5,automatic,tx,tx
2025-01-26T11:24:03.017Z,-59.5687,-26.4695,115.248,5.1,mb,63,81,19.351,0.54,us,us6000pmf5,2025-01-26T11:43:14.040Z,"South Sandwich Islands region",earthquake,13.45,7.648,0.064,79,reviewed,us,us
2025-01-26T11:06:21.950Z,38.809666666667,-122.82166666667,2.54,0.34,md,7,106,0.005922,0.01,nc,nc75123241,2025-01-27T09:39:19.101Z,"7 km NW of The Geysers, CA",earthquake,0.6,1.58,0.276,7,reviewed,nc,nc
2025-01-26T10:56:15.702Z,60.4096,-151.0065,55.3,1.9,ml,,,,0.15,ak,ak0251769e76,2025-01-26T10:58:35.436Z,"9 km SSE of Soldotna, Alaska",earthquake,,0.8,,,automatic,ak,ak
2025-01-26T10:53:54.910Z,38.798667907715,-122.81600189209,3.0199999809265,0.46,md,10,116,0.01445,0.02,nc,nc75123236,2025-01-26T10:55:32.923Z,"6 km NW of The Geysers, CA",earthquake,0.56,1.50999999,0.2,10,automatic,nc,nc
2025-01-26T10:49:05.400Z,19.1626,-64.1468,29,4.05,md,22,327,1.1454,0.32,pr,pr2025026005,2025-01-26T11:34:11.703Z,"114 km NE of Cruz Bay, U.S. Virgin Islands",earthquake,2.76,21.96,0.14,16,reviewed,pr,pr
2025-01-26T10:47:42.199Z,63.1238,-150.7487,112.2,2,ml,,,,0.43,ak,ak0251767isr,2025-01-26T10:50:26.146Z,"67 km SE of Denali National Park, Alaska",earthquake,,1.7,,,automatic,ak,ak
2025-01-26T10:37:32.610Z,36.568,-121.19516666667,5.68,1.35,md,29,37,0.008686,0.25,nc,nc75123231,2025-01-30T08:36:53.215Z,"6 km NW of Pinnacles, CA",earthquake,0.43,0.9,0.216,21,reviewed,nc,nc
2025-01-26T10:21:54.620Z,40.3615,-124.71683333333,20.89,2.91,md,102,228,0.2953,0.2,nc,nc75123226,2025-01-27T00:27:17.556Z,"37 km WNW of Petrolia, CA",earthquake,0.65,0.34,0.115,59,reviewed,nc,nc
2025-01-26T10:11:21.580Z,38.831001281738,-122.81800079346,1.8400000333786,1.29,md,22,51,0.009799,0.01,nc,nc75123221,2025-01-26T10:12:56.295Z,"8 km NNW of The Geysers, CA",earthquake,0.2,0.389999986,0.11,24,automatic,nc,nc
2025-01-26T10:01:56.230Z,51.772333333333,-178.84066666667,9.51,0.55,ml,5,194,0.0112,0.08,av,av93472576,2025-01-27T19:52:34.340Z,"152 km W of Adak, Alaska",earthquake,0.8,0.51,0.094644801567841,5,reviewed,av,av
2025-01-26T10:00:55.020Z,38.834167480469,-122.81533050537,1.5299999713898,1.08,md,17,57,0.01151,0.04,nc,nc75123216,2025-01-26T10:02:31.516Z,"8 km WNW of Cobb, CA",earthquake,0.23,0.75999999,0.14,19,automatic,nc,nc
2025-01-26T09:59:58.892Z,-30.6437,-69.2234,121.547,4.3,mb,16,137,1.004,0.8,us,us6000pmew,2025-01-26T10:12:03.040Z,"63 km SW of San José de Jáchal, Argentina",earthquake,5.53,8.06,0.202,7,reviewed,us,us
2025-01-26T09:57:08.450Z,38.792331695557,-122.77749633789,1.7000000476837,0.75,md,8,97,0.008188,0.01,nc,nc75123211,2025-01-26T09:58:45.258Z,"2 km NW of The Geysers, CA",earthquake,0.36,0.649999976,0.06,8,automatic,nc,nc
2025-01-26T09:53:02.140Z,61.267166666667,-152.28383333333,-2.07,-0.76,ml,4,191,0.04347,0.05,av,av93472566,2025-01-28T05:13:17.360Z,"65 km WNW of Tyonek, Alaska",earthquake,0.42,2.46,0.10044971108448,4,reviewed,av,av
2025-01-26T09:46:02.340Z,38.817165374756,-122.79900360107,2.6600000858307,0.43,md,8,133,0.009628,0.01,nc,nc75123206,2025-01-26T09:47:41.326Z,"6 km NNW of The Geysers, CA",earthquake,0.74,0.970000029,0.3,8,automatic,nc,nc
2025-01-26T09:37:42.223Z,37.2852,-117.6996,2.3,0.9,ml,9,150.26,0.068,0.1694,nn,nn00892512,2025-01-28T23:03:57.284Z,"52 km S of Silver Peak, Nevada",earthquake,,2.7,0.06,2,reviewed,nn,nn
2025-01-26T09:34:02.680Z,-20.1531,-69.0898,115.371,4.1,mb,13,104,0.061,0.62,us,us6000pmeu,2025-01-26T10:08:55.040Z,"62 km ENE of La Tirana, Chile",earthquake,7.09,5.61,0.165,10,reviewed,us,us
2025-01-26T09:28:14.700Z,19.1593,-64.4776,18,3.84,md,25,236,0.9383,0.39,pr,pr2025026003,2025-01-26T10:31:32.193Z,"97 km NNE of Cruz Bay, U.S. Virgin Islands",earthquake,2.8,4.87,0.13,20,reviewed,pr,pr
2025-01-26T09:22:11.350Z,18.9658,-64.8348,30,3.5,md,16,322,0.6254,0.45,pr,pr2025026004,2025-01-26T10:33:02.353Z,"69 km N of Charlotte Amalie, U.S. Virgin Islands",earthquake,3.81,21.65,0.08,7,reviewed,pr,pr
2025-01-26T09:21:03.320Z,33.4816667,-116.484,13.56,1.57,ml,69,33,0.09963,0.21,ci,ci40851535,2025-01-26T16:25:39.910Z,"19 km ESE of Anza, CA",earthquake,0.15,0.37,0.201,27,reviewed,ci,ci
2025-01-26T09:20:57.310Z,17.88,-66.8635,12.58,2.5,md,9,242,0.092,0.24,pr,pr71471528,2025-01-26T09:47:01.930Z,"11 km SSE of Guánica, Puerto Rico",earthquake,1.25,0.75,0.062084253775219,4,reviewed,pr,pr
2025-01-26T09:13:10.192Z,36.7389,-116.052,5.1,-0.1,ml,8,214.42,0.024,0.0295,nn,nn00892526,2025-01-26T14:47:09.888Z,"38 km WNW of Indian Springs, Nevada",earthquake,,3.9,0,1,reviewed,nn,nn
2025-01-26T09:03:42.120Z,35.7423333,-117.568,2.3,1.35,ml,25,59,0.1204,0.13,ci,ci40851527,2025-01-27T20:05:45.716Z,"15 km W of Searles Valley, CA",earthquake,0.16,0.36,0.169,8,reviewed,ci,ci
2025-01-26T08:57:46.900Z,19.1101,-64.5681,24,3.77,md,20,300,0.8514,0.33,pr,pr2025026002,2025-01-26T09:37:22.579Z,"89 km NNE of Cruz Bay, U.S. Virgin Islands",earthquake,1.87,25.98,0.1,19,reviewed,pr,pr
2025-01-26T08:55:34.030Z,34.0456667,-117.1326667,8.04,1.29,ml,74,25,0.01966,0.19,ci,ci40851519,2025-01-26T16:25:44.100Z,"3 km S of Mentone, CA",earthquake,0.15,0.36,0.115,29,reviewed,ci,ci
2025-01-26T08:46:31.297Z,36.6925,-116.1354,9.9,-0.5,ml,14,107.04,0.015,0.0439,nn,nn00892511,2025-01-26T14:56:28.628Z,"43 km WNW of Indian Springs, Nevada",earthquake,,1.1,0.05,3,reviewed,nn,nn
2025-01-26T08:40:49.070Z,34.0493333,-117.024,14.21,1.03,ml,41,50,0.0747,0.15,ci,ci40851511,2025-01-28T21:44:34.705Z,"2 km NE of Yucaipa, CA",earthquake,0.18,0.44,0.154,24,reviewed,ci,ci
2025-01-26T08:40:34.150Z,34.0473333,-117.026,12.92,1,ml,48,67,0.07272,0.19,ci,ci40851503,2025-01-28T21:12:03.897Z,"2 km NE of Yucaipa, CA",earthquake,0.2,0.5,0.127,24,reviewed,ci,ci
2025-01-26T08:32:47.960Z,38.830833435059,-122.81300354004,1.4199999570847,0.71,md,9,66,0.01885,0.03,nc,nc75123201,2025-01-26T08:34:25.781Z,"8 km NNW of The Geysers, CA",earthquake,0.33,1.01999998,0.07,8,automatic,nc,nc
2025-01-26T08:28:04.640Z,34.1476667,-117.567,8.66,1.35,ml,66,39,0.03346,0.17,ci,ci40851495,2025-01-26T16:26:47.360Z,"3 km NNE of Rancho Cucamonga, CA",earthquake,0.15,0.28,0.155,29,reviewed,ci,ci
2025-01-26T08:20:16.500Z,33.4886667,-116.4771667,13.61,1.28,ml,33,41,0.1047,0.18,ci,ci37694580,2025-01-28T19:55:23.082Z,"20 km ESE of Anza, CA",earthquake,0.28,0.54,0.145,50,reviewed,ci,ci
2025-01-26T08:20:15.210Z,33.4811667,-116.4756667,14.17,1.11,ml,48,39,0.1066,0.17,ci,ci40851487,2025-01-28T19:46:16.909Z,"20 km ESE of Anza, CA",earthquake,0.18,0.38,0.148,18,reviewed,ci,ci
2025-01-26T08:12:24.340Z,33.9065,-117.8633333,8.77,1.25,ml,51,37,0.05441,0.24,ci,ci40851479,2025-01-28T19:05:53.786Z,"4 km ESE of Brea, CA",earthquake,0.24,0.55,0.185,49,reviewed,ci,ci
2025-01-26T08:08:54.640Z,33.6873333,-116.7768333,18.31,0.89,ml,36,58,0.06036,0.16,ci,ci40851471,2025-01-26T16:26:51.810Z,"8 km SW of Idyllwild, CA",earthquake,0.26,0.37,0.141,30,reviewed,ci,ci
2025-01-26T08:04:36.320Z,31.605,-104.537,8.3813,2.1,ml,35,72,0.1,0.2,tx,tx2025buho,2025-01-27T10:54:50.985Z,"65 km SSW of Whites City, New Mexico",earthquake,1.4007537780288,1.3199850949899,0.1,21,reviewed,tx,tx
2025-01-26T07:57:02.550Z,17.959333333333,-66.908,10.77,2.8,md,14,202,0.01282,0.18,pr,pr71471508,2025-01-26T08:10:48.000Z,"1 km S of Guánica, Puerto Rico",earthquake,0.58,0.38,0.20892100277645,5,reviewed,pr,pr
2025-01-26T07:32:36.420Z,38.798332214355,-122.81483459473,3.9300000667572,0.44,md,7,116,0.01358,0.01,nc,nc75123186,2025-01-26T07:34:15.252Z,"6 km NW of The Geysers, CA",earthquake,1.11,1.82000005,0.19,8,automatic,nc,nc
2025-01-26T07:30:56.750Z,38.798833333333,-122.81683333333,2.96,0.28,md,10,84,0.01391,0.01,nc,nc75123181,2025-01-27T20:33:31.495Z,"6 km NW of The Geysers, CA",earthquake,0.45,1.56,0.376,10,reviewed,nc,nc
2025-01-26T07:29:33.590Z,38.797668457031,-122.81433105469,2.8099999427795,1.94,md,37,65,0.01282,0.04,nc,nc75123176,2025-01-26T07:32:57.240Z,"6 km NW of The Geysers, CA",earthquake,0.19,0.340000004,0.17,41,automatic,nc,nc
2025-01-26T07:26:07.120Z,38.832833333333,-122.8205,1.59,0.39,md,11,89,0.01246,0.01,nc,nc75123171,2025-01-26T22:41:37.947Z,"8 km NNW of The Geysers, CA",earthquake,0.35,0.71,0.185,11,reviewed,nc,nc
2025-01-26T07:15:46.110Z,34.0458333,-117.1358333,6.26,0.47,ml,18,105,0.02203,0.14,ci,ci40851463,2025-01-27T15:02:52.192Z,"3 km S of Mentone, CA",earthquake,0.22,0.47,0.066,4,reviewed,ci,ci
2025-01-26T07:12:45.380Z,33.3958333,-116.3728333,2.43,1.17,ml,61,28,0.06256,0.21,ci,ci40851455,2025-01-28T18:46:07.675Z,"16 km N of Borrego Springs, CA",earthquake,0.16,0.34,0.155,43,reviewed,ci,ci
2025-01-26T07:08:13.650Z,19.2023,-64.2386,29,3.89,md,17,323,1.1125,0.27,pr,pr2025026001,2025-01-26T09:25:29.040Z,"112 km NNE of Cruz Bay, U.S. Virgin Islands",earthquake,2.27,18.49,0.1,12,reviewed,pr,pr
2025-01-26T07:07:04.521Z,63.8687,-145.5401,16.3,1.4,ml,,,,0.67,ak,ak0251746kfo,2025-01-26T07:08:52.775Z,"8 km SSE of Fort Greely, Alaska",earthquake,,0.2,,,automatic,ak,ak
2025-01-26T06:59:01.220Z,34.0431667,-117.1388333,6.43,0.94,ml,40,51,0.02325,0.23,ci,ci40851447,2025-01-26T16:25:59.617Z,"3 km S of Mentone, CA",earthquake,0.22,0.61,0.12,23,reviewed,ci,ci
2025-01-26T06:44:41.446Z,32.394,-102.012,5.3955,1.2,ml,22,70,0.1,0.1,tx,tx2025buey,2025-01-27T18:13:52.996Z,"31 km WSW of Ackerly, Texas",earthquake,0.57951524374945,1.482584690396,0.2,7,reviewed,tx,tx
2025-01-26T06:40:50.900Z,61.336833333333,-152.245,4,-0.26,ml,6,253,0.08374,0.19,av,av93472386,2025-01-28T05:08:10.890Z,"66 km WNW of Beluga, Alaska",earthquake,1.29,1.05,0.12722347641722,6,reviewed,av,av
2025-01-26T06:39:39.750Z,38.81233215332,-122.82633209228,1.8899999856949,1.09,md,19,58,0.004112,0.02,nc,nc75123156,2025-01-26T06:41:16.091Z,"7 km NW of The Geysers, CA",earthquake,0.21,0.479999989,0.19,19,automatic,nc,nc
2025-01-26T06:37:58.310Z,46.078,-111.67616666667,4.99,0.69,ml,6,133,0.2783,0.15,mb,mb90071633,2025-01-27T22:04:32.360Z,"13 km SSW of Radersburg, Montana",earthquake,0.57,10.1,0.30567985699151,8,reviewed,mb,mb
2025-01-26T06:36:28.435Z,61.3718,-150.079,39.6,1.8,ml,,,,0.57,ak,ak025173refv,2025-01-26T06:38:22.351Z,"5 km WNW of Point MacKenzie, Alaska",earthquake,,2.4,,,automatic,ak,ak
2025-01-26T06:28:45.740Z,34.8468333,-118.9646667,12.81,1.24,ml,36,39,0.07159,0.22,ci,ci40851439,2025-01-26T16:26:55.240Z,"3 km NW of Frazier Park, CA",earthquake,0.28,0.53,0.28,28,reviewed,ci,ci
2025-01-26T06:28:32.970Z,38.820835113525,-122.76433563232,1.960000038147,1.33,md,23,118,0.01056,0.03,nc,nc75123151,2025-01-26T06:30:09.954Z,"4 km W of Cobb, CA",earthquake,0.27,0.419999987,0.13,22,automatic,nc,nc
2025-01-26T06:16:28.800Z,46.0335,-122.42316666667,15.71,1.12,ml,34,91,0.1011,0.18,uw,uw62072341,2025-01-27T18:40:37.950Z,"13 km N of Amboy, Washington",earthquake,0.29,0.64,0.10470029189563,16,reviewed,uw,uw
2025-01-26T06:13:37.104Z,-17.7298,168.1157,39.109,5.3,mww,59,123,2.433,0.67,us,us6000pme3,2025-01-27T12:09:50.269Z,"21 km W of Port-Vila, Vanuatu",earthquake,9.73,7.15,0.075,17,reviewed,us,us
2025-01-26T06:08:44.900Z,38.816165924072,-122.82583618164,3.5199999809265,0.62,md,8,96,0.007741,0.02,nc,nc75123146,2025-01-26T06:10:20.384Z,"7 km NW of The Geysers, CA",earthquake,0.58,1.32000005,0.4,9,automatic,nc,nc
2025-01-26T06:02:53.790Z,38.837166666667,-122.78383333333,1.75,0.37,md,13,76,0.005234,0.01,nc,nc75123141,2025-01-27T20:31:30.828Z,"6 km WNW of Cobb, CA",earthquake,0.44,1.21,0.085,11,reviewed,nc,nc
2025-01-26T06:02:02.500Z,19.2078,-64.1421,29,3.96,md,19,327,1.181,0.35,pr,pr2025026000,2025-01-26T09:32:02.040Z,"118 km NE of Cruz Bay, U.S. Virgin Islands",earthquake,2.62,23.97,0.15,14,reviewed,pr,pr
2025-01-26T05:57:24.901Z,-15.6487,-174.5081,174.394,4.5,mb,33,54,3.153,0.75,us,us6000pme2,2025-01-26T06:18:36.040Z,"83 km WNW of Hihifo, Tonga",earthquake,11.66,7.742,0.108,25,reviewed,us,us
2025-01-26T05:55:24.560Z,34.3098333,-116.455,7.14,1.26,ml,40,50,0.0627,0.13,ci,ci40851431,2025-01-26T16:27:01.460Z,"22 km N of Yucca Valley, CA",earthquake,0.14,0.45,0.177,27,reviewed,ci,ci
2025-01-26T05:54:28.650Z,34.3118333,-116.457,6.56,1.44,ml,45,49,0.06488,0.15,ci,ci40851423,2025-01-26T16:26:58.380Z,"22 km N of Yucca Valley, CA",earthquake,0.15,0.41,0.189,27,reviewed,ci,ci
2025-01-26T05:51:38.069Z,61.5691,-141.0222,6.6,1.8,ml,,,,0.4,ak,ak02517397bi,2025-01-26T05:53:34.848Z,"102 km E of McCarthy, Alaska",earthquake,,0.5,,,automatic,ak,ak
2025-01-26T05:46:58.490Z,17.9795,-66.84,17.57,2.03,md,8,182,0.02786,0.12,pr,pr71471483,2025-01-26T06:02:30.390Z,"2 km SW of Indios, Puerto Rico",earthquake,0.58,0.63,0.096313302463902,6,reviewed,pr,pr
2025-01-26T05:39:15.415Z,42.4214,-126.7723,10,2.7,ml,23,302,1.799,0.89,us,us6000pmdr,2025-01-26T13:08:23.040Z,"190 km WSW of Port Orford, Oregon",earthquake,11.47,2.012,0.052,48,reviewed,us,us
2025-01-26T05:35:43.180Z,47.89,-122.0125,15.68,0.81,ml,11,179,0.04545,0.22,uw,uw62072331,2025-01-27T18:58:14.190Z,"0 km S of Roosevelt, Washington",earthquake,1.08,0.63,0.10481256617583,3,reviewed,uw,uw
2025-01-26T05:32:39.516Z,31.662,-104.291,7.9968,1.7,ml,21,67,0,0.1,tx,tx2025buco,2025-01-27T16:35:52.276Z,"57 km S of Whites City, New Mexico",earthquake,0.6746662706861,1.0436223413141,0.2,32,reviewed,tx,tx
2025-01-26T05:15:35.790Z,34.0231667,-116.7135,16.23,1.52,ml,72,22,0.05655,0.17,ci,ci40851415,2025-01-26T16:28:04.770Z,"12 km WSW of Morongo Valley, CA",earthquake,0.14,0.38,0.147,27,reviewed,ci,ci
2025-01-26T05:15:30.010Z,38.797332763672,-122.76599884033,1.3899999856949,1.21,md,18,67,0.005911,0.02,nc,nc75123136,2025-01-26T05:17:05.494Z,"2 km  of The Geysers, CA",earthquake,0.22,0.400000006,0.17,17,automatic,nc,nc
2025-01-26T05:03:09.000Z,39.698333333333,-110.8465,-3.33,1.36,md,9,112,0.08638,0.25,uu,uu80100071,2025-01-27T19:24:46.070Z,"1 km NNE of Helper, Utah",earthquake,1.22,1.24,0.18019145122114,8,reviewed,uu,uu
2025-01-26T04:47:31.630Z,35.2451667,-118.573,7.98,1.1,ml,23,60,0.09581,0.13,ci,ci40851407,2025-01-27T17:51:59.606Z,"17 km NW of Tehachapi, CA",earthquake,0.21,0.58,0.181,11,reviewed,ci,ci
2025-01-26T04:40:08.473Z,31.665,-104.282,8.4711,1.8,ml,17,66,0,0.1,tx,tx2025buav,2025-01-27T16:39:12.294Z,"57 km S of Whites City, New Mexico",earthquake,0.57909799091598,0.58948722549949,0.1,16,reviewed,tx,tx
2025-01-26T04:32:08.117Z,63.1333,-151.5183,6.7,1.6,ml,,,,0.63,ak,ak025172jmsr,2025-01-26T04:33:44.156Z,"46 km SSE of Denali National Park, Alaska",earthquake,,0.5,,,automatic,ak,ak
2025-01-26T04:30:30.850Z,38.819831848145,-122.82183074951,2.25,1.08,md,19,61,0.009849,0.02,nc,nc75123131,2025-01-26T04:32:05.036Z,"7 km NW of The Geysers, CA",earthquake,0.24,0.419999987,0.21,21,automatic,nc,nc
2025-01-26T04:26:58.050Z,38.8205,-122.82516666667,2.59,0.45,md,13,79,0.008136,0.01,nc,nc75123126,2025-01-27T20:29:29.711Z,"8 km NW of The Geysers, CA",earthquake,0.54,1.11,0.171,13,reviewed,nc,nc
2025-01-26T04:22:21.640Z,31.315,-103.361,0.9729,2.5,ml,20,51,0,0.3,tx,tx2025buaf,2025-01-29T02:25:35.040Z,"16 km S of Barstow, Texas",earthquake,1.5315767652586,1.0464824884555,0.1,10,reviewed,tx,tx
2025-01-26T04:20:06.767Z,31.675,-104.305,6.8689,2.8,ml,16,84,0,0.1,tx,tx2025buae,2025-01-26T04:34:31.376Z,"55 km S of Whites City, New Mexico",earthquake,0.70202507357822,0.64192009953135,0.2,43,reviewed,tx,tx
2025-01-26T04:18:02.330Z,34.3483333,-118.8105,17.85,2.68,ml,95,22,0.09481,0.23,ci,ci40851383,2025-01-30T02:12:11.596Z,"8 km SSW of Piru, CA",earthquake,0.16,0.43,0.13,201,reviewed,ci,ci
2025-01-26T04:14:54.710Z,37.441666666667,-118.82566666667,5.78,0.61,md,23,98,0.1402,0.05,nc,nc75123116,2025-01-26T09:03:23.527Z,"19 km SW of Toms Place, CA",earthquake,0.34,1.05,0.136,11,reviewed,nc,nc
2025-01-26T04:09:25.830Z,38.819831848145,-122.84266662598,2.039999961853,1.08,md,18,71,0.006807,0.02,nc,nc75123111,2025-01-26T04:11:00.254Z,"9 km NW of The Geysers, CA",earthquake,0.22,0.409999996,0.17,19,automatic,nc,nc
2025-01-26T04:05:07.010Z,49.147,-113.35133333333,53.63,2.31,ml,17,109,0.3782,0.15,mb,mb90071628,2025-01-28T17:01:08.080Z,"6 km SSW of Cardston, Canada",earthquake,0.48,1.26,0.29258557238199,14,reviewed,mb,mb
2025-01-26T04:02:12.420Z,63.1519,-143.0369,1.8,2.1,ml,,,,0.94,ak,ak025172d7ne,2025-01-26T04:04:04.519Z,"20 km S of Tok, Alaska",earthquake,,0.6,,,automatic,ak,ak
2025-01-26T04:01:52.590Z,37.682,-118.817,6.45,-0.01,md,14,236,0.003803,0.04,nc,nc75123106,2025-01-26T08:49:19.140Z,"15 km E of Mammoth Lakes, CA",earthquake,1.32,1.58,0.301,12,reviewed,nc,nc
2025-01-26T03:59:49.530Z,52.069833333333,-176.1255,-1.77,0.35,ml,5,112,0.01834,0.3,av,av93472226,2025-01-27T17:05:06.190Z,"41 km ENE of Adak, Alaska",earthquake,0.9,1.85,0.097526349112569,5,reviewed,av,av
2025-01-26T03:47:10.710Z,33.6541667,-116.719,15.45,0.85,ml,30,75,0.06007,0.15,ci,ci40851367,2025-01-26T16:28:07.890Z,"10 km S of Idyllwild, CA",earthquake,0.25,0.36,0.236,17,reviewed,ci,ci
2025-01-26T03:44:31.260Z,38.826332092285,-122.81366729736,1.8899999856949,0.76,md,10,76,0.004059,0.01,nc,nc75123101,2025-01-26T03:46:09.497Z,"7 km NNW of The Geysers, CA",earthquake,0.33,0.709999979,0.27,10,automatic,nc,nc
2025-01-26T03:44:17.650Z,38.792667388916,-122.75267028809,1.039999961853,1.04,md,8,224,0.009665,0.03,nc,nc75123096,2025-01-26T03:45:54.572Z,"2 km NNE of The Geysers, CA",earthquake,0.59,0.74000001,0.08,9,automatic,nc,nc
2025-01-26T03:37:37.778Z,61.047,-152.4842,109.5,1.7,ml,,,,0.37,ak,ak025171zbnq,2025-01-26T03:41:07.237Z,"72 km W of Tyonek, Alaska",earthquake,,0.8,,,automatic,ak,ak
2025-01-26T03:25:58.590Z,38.839832305908,-122.87683105469,2.6199998855591,1.06,md,15,133,0.005415,0.02,nc,nc75123091,2025-01-26T03:27:35.541Z,"13 km NW of The Geysers, CA",earthquake,0.39,0.589999974,0.23,16,automatic,nc,nc
2025-01-26T03:13:08.320Z,61.324166666667,-152.25766666667,-3.18,-0.42,ml,5,245,0.07696,0.09,av,av93472181,2025-01-27T16:57:01.670Z,"66 km WNW of Beluga, Alaska",earthquake,0.78,1.94,0.10032161014131,5,reviewed,av,av
2025-01-26T03:02:37.060Z,33.684,-116.8006667,16.44,1.41,ml,68,23,0.06668,0.2,ci,ci40851359,2025-01-26T16:28:11.020Z,"10 km SW of Idyllwild, CA",earthquake,0.16,0.34,0.207,26,reviewed,ci,ci
2025-01-26T02:56:37.470Z,38.821998596191,-122.85216522217,2.3599998950958,0.8,md,11,129,0.006648,0.01,nc,nc75123081,2025-01-26T02:58:15.638Z,"10 km NW of The Geysers, CA",earthquake,0.34,0.660000026,0.25,13,automatic,nc,nc
2025-01-26T02:44:45.610Z,38.822833333333,-122.763,2.3,0.74,md,22,153,0.009345,0.01,nc,nc75123076,2025-01-26T22:39:07.264Z,"3 km WNW of Cobb, CA",earthquake,0.39,0.42,0.178,20,reviewed,nc,nc
2025-01-26T02:39:44.770Z,38.84049987793,-122.84033203125,1.4700000286102,0.45,md,6,128,0.004238,0.01,nc,nc75123071,2025-01-26T02:41:20.110Z,"10 km NW of The Geysers, CA",earthquake,0.7,0.860000014,0.19,8,automatic,nc,nc
2025-01-26T02:39:38.460Z,55.7272,-157.6254,89.9,3.4,ml,,,,3.35,ak,ak025171ec24,2025-01-26T08:43:59.256Z,"79 km SE of Chignik, Alaska",earthquake,,1.4,,,reviewed,ak,ak
2025-01-26T02:20:33.701Z,60.9911,-152.2809,88,1.2,ml,,,,0.07,ak,ak025171a8yy,2025-01-26T02:21:47.489Z,"62 km W of Tyonek, Alaska",earthquake,,3,,,automatic,ak,ak
2025-01-26T02:14:03.610Z,38.810501098633,-122.82366943359,3.3399999141693,0.8,md,8,76,0.004602,0.01,nc,nc75123066,2025-01-26T02:15:40.069Z,"7 km NW of The Geysers, CA",earthquake,0.67,2.1400001,0.12,9,automatic,nc,nc
2025-01-26T02:06:55.800Z,47.6045,-122.75083333333,16.83,1.01,ml,13,148,0.03759,0.21,uw,uw62072321,2025-01-27T19:30:31.080Z,"3 km WSW of Chico, Washington",earthquake,0.7,0.93,0.12532275132627,6,reviewed,uw,uw
2025-01-26T01:58:42.010Z,35.3238333,-118.5753333,5.31,1.12,ml,26,84,0.1305,0.17,ci,ci40851351,2025-01-28T17:56:17.718Z,"24 km NNW of Tehachapi, CA",earthquake,0.21,0.56,0.192,12,reviewed,ci,ci
2025-01-26T01:51:15.345Z,61.0794,-150.0737,41.1,1.7,ml,,,,0.75,ak,ak025170vf5a,2025-01-26T01:53:12.587Z,"18 km SSW of Anchorage, Alaska",earthquake,,0.6,,,automatic,ak,ak
2025-01-26T01:35:14.552Z,32.191,-100.964,3.5889,1.7,ml,18,49,0.3,0.2,tx,tx2025btus,2025-01-28T18:48:47.399Z,"18 km SSE of Westbrook, Texas",earthquake,0.93846361617912,2.6134898278912,0.1,7,reviewed,tx,tx
2025-01-26T01:32:03.970Z,34.3091667,-116.4563333,7.02,1.4,ml,40,49,0.06357,0.15,ci,ci40851343,2025-01-26T16:28:14.150Z,"22 km N of Yucca Valley, CA",earthquake,0.15,0.53,0.141,26,reviewed,ci,ci
2025-01-26T01:26:58.150Z,45.697333333333,-112.16616666667,2.3,0.82,ml,11,63,0.2358,0.12,mb,mb90071748,2025-01-28T16:57:26.980Z,"20 km SSW of Whitehall, Montana",earthquake,0.31,1.25,0.16798708796213,11,reviewed,mb,mb
2025-01-26T01:24:58.450Z,38.839168548584,-122.80950164795,2.0099999904633,0.81,md,10,84,0.01498,0.01,nc,nc75123056,2025-01-26T01:26:35.656Z,"8 km WNW of Cobb, CA",earthquake,0.35,1.01999998,0.31,12,automatic,nc,nc
2025-01-26T01:21:59.860Z,38.838165283203,-122.80950164795,1.9800000190735,1.25,md,25,53,0.01476,0.02,nc,nc75123051,2025-01-26T01:23:35.612Z,"8 km WNW of Cobb, CA",earthquake,0.19,0.449999988,0.14,26,automatic,nc,nc
2025-01-26T01:17:55.717Z,-5.4768,147.3494,207.235,4.4,mb,25,94,3.411,0.45,us,us6000pmd2,2025-01-26T01:36:20.040Z,"131 km NNW of Finschhafen, Papua New Guinea",earthquake,9.98,8.506,0.155,16,reviewed,us,us
2025-01-26T01:08:44.360Z,39.584833333333,-123.37683333333,7.7,1.91,md,38,63,0.06562,0.13,nc,nc75123046,2025-01-30T11:34:47.740Z,"15 km SSE of Laytonville, CA",earthquake,0.2,0.41,0.189,31,reviewed,nc,nc
2025-01-26T00:36:40.360Z,41.429833333333,-112.86216666667,9.51,1.33,ml,14,175,0.3336,0.1,uu,uu80100066,2025-01-27T17:50:21.360Z,"53 km SW of Howell, Utah",earthquake,0.47,0.89,0.0053443791462912,2,reviewed,uu,uu
2025-01-26T00:23:46.640Z,38.839500427246,-122.82466888428,2,0.32,md,10,98,0.008497,0.02,nc,nc75123041,2025-01-26T00:25:25.473Z,"9 km WNW of Cobb, CA",earthquake,0.55,1.50999999,0.22,11,automatic,nc,nc
2025-01-26T00:23:20.620Z,33.4608333,-116.5696667,10.95,0.55,ml,18,46,0.04336,0.16,ci,ci40851335,2025-01-27T17:41:36.363Z,"14 km SE of Anza, CA",earthquake,0.27,0.52,0.083,9,reviewed,ci,ci
2025-01-26T00:15:30.370Z,33.4486667,-116.3921667,13.25,0.75,ml,23,94,0.1104,0.11,ci,ci40851327,2025-01-26T16:27:25.822Z,"22 km N of Borrego Springs, CA",earthquake,0.18,0.51,0.249,16,reviewed,ci,ci
2025-01-26T00:13:30.746Z,27.4136,54.2752,10,4,mb,53,101,3.008,0.9,us,us6000pmcx,2025-01-26T02:01:12.040Z,"31 km SSE of Gerāsh, Iran",earthquake,9.93,1.945,0.088,39,reviewed,us,us
2025-01-26T00:03:39.220Z,38.820167541504,-122.76266479492,1.2000000476837,0.46,md,8,198,0.01174,0.04,nc,nc75123031,2025-01-26T00:05:15.301Z,"3 km W of Cobb, CA",earthquake,0.93,1.02999997,0.23,8,automatic,nc,nc
2025-01-25T23:54:45.660Z,32.4465,-115.1543333,14.9,1.94,ml,22,61,0.03836,0.29,ci,ci40851319,2025-01-27T19:24:44.377Z,"11 km NNE of Delta, B.C., MX",earthquake,0.44,0.74,0.232,19,reviewed,ci,ci
2025-01-25T23:38:52.817Z,23.1043,120.4278,10,5.2,mww,96,33,0.269,0.95,us,us6000pmct,2025-01-30T02:50:22.817Z,"4 km WSW of Yujing, Taiwan",earthquake,5.44,1.848,0.075,17,reviewed,us,us
2025-01-25T23:38:29.845Z,63.2167,-150.2861,85.5,1.4,ml,,,,0.49,ak,ak02515qcurs,2025-01-25T23:40:34.291Z,"69 km WSW of Cantwell, Alaska",earthquake,,1,,,automatic,ak,ak
2025-01-25T23:33:55.980Z,38.81266784668,-122.82316589356,2.1500000953674,1.08,md,13,64,0.006038,0.02,nc,nc75123016,2025-01-25T23:35:31.051Z,"7 km NW of The Geysers, CA",earthquake,0.32,0.579999983,0.32,13,automatic,nc,nc
2025-01-25T23:33:16.110Z,44.763166666667,-111.1565,10.08,1.97,ml,19,59,0.03087,0.13,uu,uu80100061,2025-01-27T17:27:30.730Z,"2 km ESE of Hebgen Lake Estates, Montana",earthquake,0.3,0.51,0.3040450817714,5,reviewed,uu,uu
2025-01-25T23:25:22.993Z,62.477,-151.2617,16.5,1.4,ml,,,,0.55,ak,ak02515qa1xn,2025-01-25T23:27:36.366Z,"25 km W of Petersville, Alaska",earthquake,,0.3,,,automatic,ak,ak
2025-01-25T23:23:15.840Z,38.829166666667,-122.8055,1.93,0.33,md,8,109,0.006781,0.03,nc,nc75123011,2025-01-27T09:32:46.772Z,"7 km NNW of The Geysers, CA",earthquake,0.63,0.79,0.231,8,reviewed,nc,nc
2025-01-25T23:21:51.070Z,52.0425,-176.367,16.84,0.91,ml,6,238,0.1277,0.06,av,av93471956,2025-01-27T03:51:41.300Z,"26 km NE of Adak, Alaska",earthquake,0.65,0.86,0.28900409330441,6,reviewed,av,av
2025-01-25T23:20:24.656Z,31.654,-104.414,6.5613,1.9,ml,31,71,0,0.1,tx,tx2025btqh,2025-01-27T16:47:05.418Z,"57 km S of Whites City, New Mexico",earthquake,0.88141722323308,0.94908450786169,0.1,31,reviewed,tx,tx
2025-01-25T23:19:39.149Z,-2.9784,141.6444,35,4.6,mb,37,77,1.047,0.88,us,us6000pmcm,2025-01-26T00:46:10.040Z,"50 km SE of Vanimo, Papua New Guinea",earthquake,7.65,1.927,0.086,40,reviewed,us,us
2025-01-25T23:09:14.121Z,60.1295,-152.1667,41.9,1.4,ml,,,,0.85,ak,ak02515q6lsk,2025-01-25T23:11:49.264Z,"29 km WNW of Ninilchik, Alaska",earthquake,,2.1,,,automatic,ak,ak
2025-01-25T22:57:21.342Z,57.6764,-156.0324,106.8,2.5,ml,,,,0.32,ak,ak02515pvh46,2025-01-25T23:07:04.040Z,"83 km ENE of Ugashik, Alaska",earthquake,,0.6,,,automatic,ak,ak
2025-01-25T22:43:15.560Z,63.1854,-148.9972,75.6,2.1,ml,,,,0.33,ak,ak02515psgn8,2025-01-25T22:45:11.661Z,"23 km S of Cantwell, Alaska",earthquake,,0.5,,,automatic,ak,ak
2025-01-25T22:41:51.810Z,38.830665588379,-122.81400299072,0.93000000715256,0.57,md,6,83,0.007882,0.03,nc,nc75123001,2025-01-25T22:43:29.735Z,"8 km NNW of The Geysers, CA",earthquake,0.39,2.36999989,0.34,7,automatic,nc,nc
2025-01-25T22:38:07.493Z,31.718,-101.683,6.9336,1.1,ml,15,61,0.1,0.1,tx,tx2025btox,2025-01-27T23:28:54.285Z,"25 km SW of Garden City, Texas",earthquake,1.0884241699671,2.1383994144643,0.1,7,reviewed,tx,tx
2025-01-25T22:37:38.449Z,64.4431,-146.2732,0,1.5,ml,,,,0.69,ak,ak02515pr844,2025-01-25T22:39:24.117Z,"17 km ENE of Harding-Birch Lakes, Alaska",earthquake,,0.5,,,automatic,ak,ak
2025-01-25T22:33:06.890Z,37.291,-121.66666666667,1.83,0.98,md,19,68,0.03237,0.06,nc,nc75122996,2025-01-30T08:21:19.050Z,"15 km E of Seven Trees, CA",earthquake,0.24,0.45,0.108,16,reviewed,nc,nc
2025-01-25T22:29:33.430Z,60.0365,-153.08516666667,-1.03,-0.83,ml,5,137,0.02355,0.02,av,av93471886,2025-01-27T03:44:00.120Z,"63 km ENE of Pedro Bay, Alaska",earthquake,0.19,1.46,0.2365805992473,5,reviewed,av,av
2025-01-25T22:24:32.700Z,37.9215,-118.56816666667,4.49,1.5,md,20,191,0.2044,0.06,nc,nc75002233,2025-01-27T06:32:16.917Z,"41 km NNE of Toms Place, CA",earthquake,0.5,31.61,0.146,14,reviewed,nc,nc
2025-01-25T22:24:25.184Z,66.5137,-150.9309,6.2,1.4,ml,,,,0.99,ak,ak02515poes3,2025-01-25T22:27:17.557Z,"51 km SSE of Bettles, Alaska",earthquake,,0.6,,,automatic,ak,ak
2025-01-25T22:23:53.570Z,37.631,-122.4805,7.98,1.33,md,20,142,0.04769,0.06,nc,nc75122991,2025-01-30T07:31:00.028Z,"2 km NNE of Pacifica, CA",earthquake,0.25,0.33,0.257,12,reviewed,nc,nc
2025-01-25T22:18:26.340Z,35.6321678,-117.4733353,3.55,1.37,ml,17,74,0.0521,0.11,ci,ci40851279,2025-01-26T16:27:46.728Z,"16 km SSW of Searles Valley, CA",earthquake,0.36,1.01,0.342,5,reviewed,ci,ci
2025-01-25T22:14:43.190Z,61.208333333333,-152.24666666667,10.54,0.01,ml,6,142,0.02007,0.19,av,av93030829,2025-01-25T23:44:24.820Z,"61 km WNW of Tyonek, Alaska",earthquake,1.31,1.04,0.13200690566116,3,reviewed,av,av
2025-01-25T22:07:38.080Z,33.975,-116.8615,16.13,1.81,ml,80,17,0.07477,0.16,ci,ci40851271,2025-01-26T16:28:18.380Z,"6 km NNE of Banning, CA",earthquake,0.11,0.33,0.199,28,reviewed,ci,ci
2025-01-25T22:04:24.473Z,32.002,-103.815,7.7789,2.6,ml,21,60,0,0.1,tx,tx2025btnt,2025-01-25T22:51:48.785Z,"34 km SE of Malaga, New Mexico",earthquake,0.3723870815221,0.4058764590584,0.2,35,reviewed,tx,tx
2025-01-25T22:04:13.270Z,61.328166666667,-152.27416666667,3.71,0.6,ml,5,272,0.08524,0.09,av,av93471826,2025-01-27T03:31:20.430Z,"67 km WNW of Beluga, Alaska",earthquake,1.35,0.58,0.092847701531287,4,reviewed,av,av
2025-01-25T21:59:18.080Z,33.1505,-116.3701667,11.4,1.06,ml,36,39,0.09268,0.17,ci,ci40851263,2025-01-28T01:16:52.434Z,"12 km S of Borrego Springs, CA",earthquake,0.22,0.38,0.133,26,reviewed,ci,ci
2025-01-25T21:42:05.820Z,37.385833333333,-119.9835,16.41,2.02,md,23,86,0.188,0.24,nc,nc75122971,2025-01-26T23:43:28.372Z,"11 km SSW of Mariposa, CA",earthquake,0.4,0.51,0.214,14,reviewed,nc,nc
2025-01-25T21:38:02.700Z,61.347166666667,-152.27816666667,3.1,-0.06,ml,6,282,0.1012,0.11,av,av93471801,2025-01-27T03:28:35.530Z,"68 km WNW of Beluga, Alaska",earthquake,0.83,0.46,0.10930231870877,5,reviewed,av,av
2025-01-25T21:32:09.770Z,38.792331695557,-122.77799987793,1.8099999427795,0.74,md,6,104,0.007797,0.02,nc,nc75122966,2025-01-25T21:33:44.222Z,"3 km NW of The Geysers, CA",earthquake,0.54,1.05999994,0.13,6,automatic,nc,nc
2025-01-25T21:31:51.570Z,38.791500091553,-122.77666473389,1.3500000238419,1.66,md,36,78,0.008952,0.04,nc,nc75122961,2025-01-25T21:35:08.660Z,"2 km NW of The Geysers, CA",earthquake,0.18,0.270000011,0.15,37,automatic,nc,nc
2025-01-25T21:31:09.820Z,36.1466667,-117.8598333,8.31,1.46,ml,23,59,0.0293,0.16,ci,ci40851255,2025-01-26T16:28:01.841Z,"14 km NE of Coso Junction, CA",earthquake,0.23,0.42,0.191,24,reviewed,ci,ci
2025-01-25T21:27:19.970Z,38.820667266846,-122.82316589356,2.3399999141693,0.71,md,12,49,0.009585,0.01,nc,nc75122951,2025-01-25T21:28:54.214Z,"8 km NW of The Geysers, CA",earthquake,0.3,0.819999993,0.48,13,automatic,nc,nc
2025-01-25T21:27:03.670Z,38.797666666667,-122.76666666667,1.91,0.21,md,7,171,0.0172,0.02,nc,nc75122946,2025-01-26T22:28:33.629Z,"2 km  of The Geysers, CA",earthquake,0.47,0.63,0.138,5,reviewed,nc,nc
2025-01-25T21:20:56.160Z,-42.0847,174.2646,36.799,4.4,mb,33,66,0.632,0.89,us,us6000pmc8,2025-01-26T06:33:21.988Z,"67 km SSE of Witherlea, New Zealand",earthquake,2.7,10.626,0.161,11,reviewed,us,us
2025-01-25T20:43:56.430Z,38.796001434326,-122.76550292969,2.9300000667572,1.51,md,26,79,0.01774,0.02,nc,nc75122941,2025-01-25T20:45:34.741Z,"2 km  of The Geysers, CA",earthquake,0.22,0.5,0.21,26,automatic,nc,nc
2025-01-25T20:36:38.580Z,33.0611667,-116.3743333,14.39,0.76,ml,23,79,0.09419,0.21,ci,ci40851223,2025-01-26T16:28:08.577Z,"21 km E of Julian, CA",earthquake,0.29,0.71,0.23,15,reviewed,ci,ci
2025-01-25T20:29:25.330Z,60.054333333333,-153.08233333333,0.58,-0.45,ml,4,151,0.009873,0.05,av,av93471706,2025-01-27T03:05:21.890Z,"64 km ENE of Pedro Bay, Alaska",earthquake,0.72,0.42,0.14314176443316,4,reviewed,av,av
2025-01-25T20:21:24.660Z,38.831665039062,-122.81733703613,1.960000038147,1.06,md,7,135,0.01002,0.01,nc,nc75122931,2025-01-25T20:22:59.576Z,"8 km NNW of The Geysers, CA",earthquake,0.64,1.44000006,0.3,10,automatic,nc,nc
2025-01-25T20:17:52.810Z,38.830501556396,-122.81916809082,1.6599999666214,1.06,md,10,77,0.01442,0,nc,nc75122926,2025-01-25T20:19:29.714Z,"8 km NNW of The Geysers, CA",earthquake,0.39,1.13,0.13,10,automatic,nc,nc
2025-01-25T20:08:56.750Z,61.324166666667,-152.262,2.32,0.63,ml,6,268,0.07833,0.05,av,av93030809,2025-01-25T23:16:17.130Z,"66 km WNW of Beluga, Alaska",earthquake,0.44,1.35,0.1035801849327,7,reviewed,av,av
2025-01-25T20:05:29.720Z,38.814334869385,-122.76132965088,1.8400000333786,1.14,md,11,170,0.01375,0.02,nc,nc75122921,2025-01-25T20:07:04.565Z,"3 km W of Cobb, CA",earthquake,0.6,0.660000026,0.11,12,automatic,nc,nc
2025-01-25T19:58:57.000Z,61.345666666667,-152.264,3.24,-0.24,ml,4,262,0.09613,0.06,av,av93471661,2025-01-27T02:22:14.670Z,"67 km WNW of Beluga, Alaska",earthquake,0.91,0.41,0.23203144810576,4,reviewed,av,av
2025-01-25T19:56:36.457Z,61.2944,-152.1342,11.8,1.1,ml,,,,0.89,ak,ak02515o2s52,2025-01-25T22:34:16.098Z,"59 km WNW of Beluga, Alaska",earthquake,,0.2,,,reviewed,ak,ak
2025-01-25T19:54:36.570Z,61.329166666667,-152.27266666667,2.58,-0.19,ml,5,273,0.08549,0.06,av,av93471641,2025-01-27T02:16:13.870Z,"67 km WNW of Beluga, Alaska",earthquake,0.61,2.62,0.087530358485577,3,reviewed,av,av
2025-01-25T19:45:13.105Z,61.2962,-152.2177,0.4,1.6,ml,,,,0.75,ak,ak02515o0l2m,2025-01-25T23:17:08.490Z,"63 km WNW of Beluga, Alaska",earthquake,,0.4,,,automatic,ak,ak
2025-01-25T19:40:37.870Z,38.792835235596,-122.75949859619,0.93000000715256,1.04,md,12,71,0.00778,0.03,nc,nc75122916,2025-01-25T19:42:14.387Z,"2 km N of The Geysers, CA",earthquake,0.25,0.479999989,0.09,13,automatic,nc,nc
2025-01-25T19:32:31.962Z,63.2327,-150.5341,113.9,1.3,ml,,,,0.23,ak,ak02515nxu7w,2025-01-25T19:34:20.350Z,"68 km ESE of Denali National Park, Alaska",earthquake,,2.1,,,automatic,ak,ak
2025-01-25T19:11:20.154Z,62.1872,-151.2197,72.5,1.6,ml,,,,0.54,ak,ak02515ntb9r,2025-01-25T19:14:10.039Z,"23 km NNE of Skwentna, Alaska",earthquake,,0.6,,,automatic,ak,ak
2025-01-25T19:07:42.880Z,40.281666666667,-124.46033333333,12.66,1.7,md,37,255,0.09032,0.22,nc,nc75122911,2025-01-30T08:12:46.087Z,"16 km W of Petrolia, CA",earthquake,0.58,0.4,0.123,14,reviewed,nc,nc
2025-01-25T19:01:17.740Z,61.315,-152.23733333333,1.96,-0.22,ml,4,298,0.06363,0.09,av,av93471601,2025-01-27T01:49:49.470Z,"64 km WNW of Beluga, Alaska",earthquake,0.67,1.54,0.1939112553107,4,reviewed,av,av
2025-01-25T18:53:49.430Z,19.367,-155.43766666667,9.49,2.91,ml,55,39,0.01914,0.12,hv,hv74600872,2025-01-28T17:56:13.040Z,"18 km NNE of Pāhala, Hawaii",earthquake,0.23,0.31,0.23375998185373,41,reviewed,hv,hv
2025-01-25T18:29:45.570Z,38.790000915527,-122.76782989502,1.6299999952316,0.53,md,6,145,0.01236,0.01,nc,nc75122901,2025-01-25T18:31:23.465Z,"2 km NNW of The Geysers, CA",earthquake,0.48,1.22000003,0.24,8,automatic,nc,nc
2025-01-25T18:28:00.570Z,58.176833333333,-155.11766666667,5.1,-0.06,ml,5,126,0.04962,0.26,av,av93471596,2025-01-27T01:40:41.800Z,"78 km NNW of Karluk, Alaska",earthquake,0.69,2.01,0.21707173876068,5,reviewed,av,av
2025-01-25T18:19:51.230Z,57.0275,-135.64583333333,6.8,0.49,ml,5,191,0.03831,0.18,av,av93471586,2025-01-27T01:32:39.400Z,"19 km W of Sitka, Alaska",earthquake,1.48,1.33,0.30928782357148,5,reviewed,av,av
2025-01-25T18:17:43.670Z,38.827167510986,-122.80166625977,1.6200000047684,0.29,md,7,89,0.007571,0.01,nc,nc75122896,2025-01-25T18:19:19.432Z,"7 km NNW of The Geysers, CA",earthquake,0.41,1.15999997,0.21,8,automatic,nc,nc
2025-01-25T18:16:35.050Z,19.139333724976,-155.49282836914,11.579999923706,1.73000002,md,45,160,0.03315,0.219999999,hv,hv74600852,2025-01-25T18:19:35.900Z,"7 km SSW of Pāhala, Hawaii",earthquake,0.39,0.330000013,0.0199999996,3,automatic,hv,hv
2025-01-25T18:15:51.620Z,38.81583404541,-122.82133483887,2.2599999904633,1.31,md,26,54,0.00927,0.02,nc,nc75122891,2025-01-25T18:17:29.768Z,"7 km NW of The Geysers, CA",earthquake,0.22,0.330000013,0.16,27,automatic,nc,nc
2025-01-25T18:11:29.165Z,-31.6163,117.3268,9.368,3.9,mb,15,152,1.31,0.65,us,us6000pmdu,2025-01-27T15:26:14.123Z,"60 km ENE of York, Australia",earthquake,8.8,3.701,0.172,9,reviewed,us,us
2025-01-25T17:33:41.709Z,38.5743,-119.4945,6.5,1.3,ml,10,102.73,0.229,0.1132,nn,nn00892510,2025-01-27T22:46:07.492Z,"1 km NE of Coleville, California",earthquake,,2.6,0.1,4,reviewed,nn,nn
2025-01-25T17:31:00.400Z,38.817501068115,-122.82216644287,2.460000038147,0.92,md,16,58,0.01021,0.02,nc,nc75122886,2025-01-25T17:32:39.108Z,"7 km NW of The Geysers, CA",earthquake,0.3,0.629999995,0.23,17,automatic,nc,nc
2025-01-25T17:22:20.020Z,32.8556667,-116.262,13.15,0.81,ml,23,81,0.1046,0.2,ci,ci40851175,2025-01-26T16:28:12.469Z,"25 km E of Pine Valley, CA",earthquake,0.3,0.86,0.182,14,reviewed,ci,ci
2025-01-25T17:20:24.350Z,33.245,-116.295,9.56,1.09,ml,48,34,0.06248,0.19,ci,ci40851167,2025-01-28T00:59:38.336Z,"8 km E of Borrego Springs, CA",earthquake,0.19,0.44,0.19,37,reviewed,ci,ci
2025-01-25T17:18:00.520Z,32.9751667,-116.3071667,9.57,1.04,ml,44,39,0.02076,0.16,ci,ci40851143,2025-01-26T16:29:26.500Z,"25 km SW of Ocotillo Wells, CA",earthquake,0.16,0.36,0.23,25,reviewed,ci,ci
2025-01-25T17:11:24.830Z,46.269,-112.09433333333,4.94,1.21,ml,19,65,0.01871,0.11,mb,mb90071613,2025-01-26T19:15:43.650Z,"4 km NNE of Boulder, Montana",earthquake,0.25,0.54,0.19727722761206,15,reviewed,mb,mb
2025-01-25T17:11:00.865Z,41.9185,-119.5405,0.7,1.7,ml,3,319.28,0.568,0.1175,nn,nn00892603,2025-01-27T22:36:54.069Z,"51 km E of Fort Bidwell, California",earthquake,,5.2,0.14,2,reviewed,nn,nn
2025-01-25T17:06:15.510Z,38.823501586914,-122.84466552734,2.3699998855591,0.76,md,15,112,0.007536,0.02,nc,nc75122881,2025-01-25T17:07:54.226Z,"9 km NW of The Geysers, CA",earthquake,0.3,0.620000005,0.14,16,automatic,nc,nc
2025-01-25T17:00:30.850Z,37.9175,-118.55783333333,5.73,1.19,md,20,188,0.1977,0.23,nc,nc75122876,2025-01-26T08:42:17.756Z,"41 km NNE of Toms Place, CA",earthquake,1.26,6.91,0.184,14,reviewed,nc,nc
2025-01-25T16:52:48.429Z,39.1492,-119.0693,6.4,1.3,ml,17,78.52,0.017,0.1184,nn,nn00892508,2025-01-27T22:33:49.001Z,"19 km NNE of Yerington, Nevada",earthquake,,0.7,0.31,11,reviewed,nn,nn
2025-01-25T16:47:10.510Z,38.789001464844,-122.77016448975,1.6900000572205,0.56,md,9,83,0.01419,0.01,nc,nc75122866,2025-01-25T16:48:49.981Z,"2 km NNW of The Geysers, CA",earthquake,0.35,0.75999999,0.21,8,automatic,nc,nc
2025-01-25T16:40:07.800Z,35.9211667,-117.6836667,2.37,0.39,ml,11,90,0.03797,0.13,ci,ci40851127,2025-01-27T17:36:32.736Z,"20 km E of Little Lake, CA",earthquake,0.3,0.37,0.104,7,reviewed,ci,ci
2025-01-25T16:38:49.577Z,31.663,-104.424,4.3054,1.9,ml,17,70,0,0.1,tx,tx2025btda,2025-01-27T16:59:14.282Z,"57 km S of Whites City, New Mexico",earthquake,1.0091814953957,0.77691085102535,0.1,29,reviewed,tx,tx
2025-01-25T16:37:38.980Z,37.919,-118.55783333333,4.48,1.78,md,22,188,0.1972,0.06,nc,nc75002218,2025-01-27T22:18:26.441Z,"41 km NNE of Toms Place, CA",earthquake,0.66,31.61,0.104,16,reviewed,nc,nc
2025-01-25T16:37:13.180Z,37.917166666667,-118.557,6.43,1.5,md,21,113,0.1972,0.08,nc,nc75122861,2025-01-27T21:53:44.004Z,"41 km NNE of Toms Place, CA",earthquake,0.47,2.2,0.069,14,reviewed,nc,nc
2025-01-25T16:31:58.909Z,62.1511,-152.076,108.6,1.6,ml,,,,0.34,ak,ak02515m5drm,2025-01-25T16:33:46.981Z,"39 km WNW of Skwentna, Alaska",earthquake,,1,,,automatic,ak,ak
2025-01-25T16:30:54.920Z,34.0433333,-116.6415,11.71,2.27,ml,100,20,0.007193,0.16,ci,ci40851119,2025-01-28T00:45:34.510Z,"6 km W of Morongo Valley, CA",earthquake,0.1,0.28,0.202,26,reviewed,ci,ci
2025-01-25T16:22:38.120Z,38.351833333333,-112.24633333333,7.91,1.65,ml,10,111,0.3017,0.09,uu,uu80100056,2025-01-27T16:27:05.490Z,"10 km S of Marysvale, Utah",earthquake,0.55,1.78,0.17404016063925,6,reviewed,uu,uu
2025-01-25T16:20:49.395Z,31.795,-103.72,8.0994,1.8,ml,12,69,0.1,0.1,tx,tx2025btcj,2025-01-27T17:57:39.877Z,"15 km NW of Mentone, Texas",earthquake,0.63648300833358,1.0716402267474,0.2,15,reviewed,tx,tx
2025-01-25T16:20:44.969Z,35.0505,-97.72766667,7.18,1.47,ml,81,47,0.148470865,0.35,ok,ok2025btcl,2025-01-27T13:33:05.579Z,"9 km WNW of Dibble, Oklahoma",earthquake,,0.6,0.22,37,reviewed,ok,ok
2025-01-25T16:20:38.710Z,38.827833333333,-122.817,1.9,0.41,md,19,63,0.006994,0.07,nc,nc75122846,2025-01-27T20:26:28.657Z,"8 km NNW of The Geysers, CA",earthquake,0.26,0.74,0.104,18,reviewed,nc,nc
2025-01-25T16:16:58.500Z,38.7775,-122.728,1.24,0.3,md,4,161,0.008906,0.04,nc,nc75122841,2025-01-26T23:07:47.890Z,"2 km E of The Geysers, CA",earthquake,0.61,1.04,0.038,3,reviewed,nc,nc
2025-01-25T16:10:50.281Z,22.7148,120.6742,16.833,4.7,mwr,125,40,0.388,0.78,us,us6000pmbc,2025-01-28T17:45:04.091Z,"36 km NE of Donggang, Taiwan",earthquake,4.99,3.79,0.061,26,reviewed,us,us
2025-01-25T16:10:13.340Z,38.824001312256,-122.85199737549,2.1300001144409,0.57,md,8,160,0.005199,0.01,nc,nc75122836,2025-01-25T16:11:49.848Z,"10 km NW of The Geysers, CA",earthquake,0.65,1.19000006,0.29,9,automatic,nc,nc
2025-01-25T16:08:49.876Z,-20.0756,-177.6135,431.183,4.3,mb,21,89,4.584,1.02,us,us6000pmbd,2025-01-25T17:26:25.040Z,"269 km WNW of Houma, Tonga",earthquake,11.9,8.128,0.133,16,reviewed,us,us
2025-01-25T16:07:38.520Z,46.888166666667,-121.76283333333,0.71,0.18,ml,12,181,0.02719,0.1,uw,uw62072276,2025-01-26T07:21:36.670Z,"25 km NE of Ashford, Washington",earthquake,0.37,1.05,0.10164946350799,6,reviewed,uw,uw
2025-01-25T15:54:41.480Z,38.816166666667,-122.76033333333,1.91,0.44,md,15,150,0.01553,0.02,nc,nc75122831,2025-01-26T22:08:58.121Z,"3 km W of Cobb, CA",earthquake,0.44,0.41,0.197,14,reviewed,nc,nc
2025-01-25T15:49:13.670Z,33.2336667,-116.7436667,9.41,1.45,ml,65,21,0.01286,0.2,ci,ci40851055,2025-01-26T16:29:29.600Z,"2 km ESE of Lake Henshaw, CA",earthquake,0.16,0.41,0.276,27,reviewed,ci,ci
2025-01-25T15:48:05.280Z,58.288166666667,-154.97516666667,2.78,-0.06,ml,7,138,0.0472,0.13,av,av93030854,2025-01-27T00:51:04.000Z,"85 km NNW of Karluk, Alaska",earthquake,0.36,0.45,0.17225927227709,7,reviewed,av,av
2025-01-25T15:44:09.395Z,31.675,-104.305,6.8689,3,ml,17,66,0,0.1,tx,tx2025btbf,2025-01-25T15:56:57.511Z,"55 km S of Whites City, New Mexico",earthquake,0.71946794494406,0.61749233018372,0.2,30,reviewed,tx,tx
2025-01-25T15:38:17.340Z,38.817001342773,-122.76516723633,1.8200000524521,1.14,md,24,107,0.01269,0.02,nc,nc75122821,2025-01-25T15:39:54.604Z,"4 km W of Cobb, CA",earthquake,0.24,0.379999995,0.19,24,automatic,nc,nc
2025-01-25T15:27:21.260Z,38.817333221435,-122.76516723633,1.6000000238419,1.08,md,17,107,0.01279,0.05,nc,nc75122816,2025-01-25T15:28:59.495Z,"4 km W of Cobb, CA",earthquake,0.27,0.409999996,0.16,19,automatic,nc,nc
2025-01-25T15:22:33.920Z,33.4428333,-116.4116667,11.31,1.59,ml,67,25,0.1172,0.26,ci,ci40851031,2025-01-26T16:29:32.730Z,"21 km N of Borrego Springs, CA",earthquake,0.18,0.72,0.09,27,reviewed,ci,ci
2025-01-25T15:22:20.920Z,33.4498333,-116.3926667,14.15,0.77,ml,14,93,0.1115,0.11,ci,ci40851023,2025-01-26T16:29:11.214Z,"22 km N of Borrego Springs, CA",earthquake,0.32,0.81,0.143,23,reviewed,ci,ci
2025-01-25T15:21:58.770Z,33.4485,-116.3948333,12.66,0.39,ml,14,92,0.1116,0.11,ci,ci40851015,2025-01-28T00:10:29.483Z,"22 km N of Borrego Springs, CA",earthquake,0.24,0.76,0.107,12,reviewed,ci,ci
2025-01-25T15:19:15.301Z,61.9284,-149.2918,37.8,1.6,ml,,,,0.6,ak,ak02515lha7e,2025-01-25T15:21:48.830Z,"20 km N of Fishhook, Alaska",earthquake,,0.6,,,automatic,ak,ak
2025-01-25T15:12:50.980Z,17.992666666667,-67.085166666667,17.46,2.48,md,18,174,0.02697,0.06,pr,pr71471468,2025-01-25T15:34:18.120Z,"4 km WNW of La Parguera, Puerto Rico",earthquake,0.38,0.27,0.12544282930082,10,reviewed,pr,pr
2025-01-25T15:12:34.390Z,38.825668334961,-122.85083007812,1.5299999713898,0.36,md,7,163,0.0126,0.02,nc,nc75122806,2025-01-25T15:14:09.329Z,"10 km NW of The Geysers, CA",earthquake,0.44,1.47000003,0.25,8,automatic,nc,nc
2025-01-25T15:06:03.900Z,38.791667938232,-122.73400115967,1.2599999904633,1.12,md,10,93,0.03587,0.02,nc,nc75122801,2025-01-25T15:07:42.214Z,"3 km ENE of The Geysers, CA",earthquake,0.35,0.930000007,0.24,11,automatic,nc,nc
2025-01-25T15:06:00.620Z,38.792331695557,-122.72966766357,1.9800000190735,1.49,md,8,211,0.01063,0.02,nc,nc75122796,2025-01-25T15:07:39.442Z,"3 km ENE of The Geysers, CA",earthquake,0.66,0.819999993,0.06,7,automatic,nc,nc
2025-01-25T15:04:11.110Z,33.9508333,-116.3778333,8.06,1.08,ml,49,39,0.02763,0.14,ci,ci40850999,2025-01-25T15:47:53.716Z,"12 km E of Desert Hot Springs, CA",earthquake,0.14,0.33,0.169,26,reviewed,ci,ci
2025-01-25T15:01:59.460Z,33.9515,-116.3786667,8.29,2.81,ml,110,17,0.02725,0.14,ci,ci40850991,2025-01-30T09:52:04.717Z,"11 km E of Desert Hot Springs, CA",earthquake,0.09,0.28,0.153,25,reviewed,ci,ci
2025-01-25T14:56:07.252Z,31.303,-103.36,0.9729,2.1,ml,16,66,0,0.3,tx,tx2025bszr,2025-01-28T19:41:41.740Z,"17 km S of Barstow, Texas",earthquake,2.1118050272045,0.93641537007479,0.2,6,reviewed,tx,tx
2025-01-25T14:54:57.430Z,38.82483291626,-122.85649871826,1.960000038147,0.77,md,15,98,0.002724,0.02,nc,nc75122786,2025-01-25T14:56:34.253Z,"10 km NW of The Geysers, CA",earthquake,0.34,0.5,0.17,15,automatic,nc,nc
2025-01-25T14:43:35.270Z,38.833332061768,-122.81517028809,1.5800000429153,1.08,md,21,55,0.01069,0.02,nc,nc75122776,2025-01-25T14:45:15.014Z,"8 km NNW of The Geysers, CA",earthquake,0.18,0.479999989,0.12,22,automatic,nc,nc
2025-01-25T14:32:35.190Z,64.3461,-147.4786,5.2,1.3,ml,,,,0.45,ak,ak02515kyofz,2025-01-25T14:33:59.870Z,"34 km SW of Salcha, Alaska",earthquake,,3.5,,,automatic,ak,ak
2025-01-25T14:30:02.730Z,60.056333333333,-153.0715,1.78,-0.37,ml,4,159,0.004092,0.11,av,av93471396,2025-01-26T23:54:33.580Z,"65 km ENE of Pedro Bay, Alaska",earthquake,0.95,0.87,0.23773003504897,4,reviewed,av,av
2025-01-25T14:22:56.108Z,32.011,-101.731,8.8135,1.6,ml,25,49,0.1,0.1,tx,tx2025bsyo,2025-01-27T16:35:13.270Z,"14 km SSE of Stanton, Texas",earthquake,0.62823920379052,1.2468011814408,0.2,13,reviewed,tx,tx
2025-01-25T14:19:48.370Z,61.267,-152.23933333333,4.28,-0.64,ml,5,221,0.04078,0.1,av,av93030844,2025-01-27T00:41:25.300Z,"63 km WNW of Tyonek, Alaska",earthquake,0.54,0.63,0.17690487703724,5,reviewed,av,av
2025-01-25T14:17:35.426Z,29.1903,103.2771,10,4.1,mb,25,145,5.514,0.9,us,us6000pmay,2025-01-25T15:28:58.040Z,"62 km SW of Leshan, China",earthquake,12.89,1.937,0.165,15,reviewed,us,us
2025-01-25T14:16:48.430Z,35.9203333,-117.7438333,4.12,1.24,ml,25,51,0.06658,0.12,ci,ci40850855,2025-01-25T15:47:30.009Z,"15 km E of Little Lake, CA",earthquake,0.15,0.33,0.143,23,reviewed,ci,ci
2025-01-25T14:14:40.970Z,61.267166666667,-152.23133333333,4.22,0.49,ml,6,219,0.03692,0.06,av,av93471371,2025-01-28T01:08:29.510Z,"62 km WNW of Tyonek, Alaska",earthquake,0.46,0.5,0.22307626266765,6,reviewed,av,av
2025-01-25T14:13:16.551Z,63.4783,-151.0765,0,1.5,ml,,,,0.45,ak,ak02515kukef,2025-01-25T14:15:37.822Z,"32 km ESE of Denali National Park, Alaska",earthquake,,0.4,,,automatic,ak,ak
2025-01-25T14:13:09.810Z,33.1586667,-115.6265,3.39,1.33,ml,21,73,0.02085,0.19,ci,ci37694572,2025-01-27T23:14:25.732Z,"11 km WNW of Calipatria, CA",earthquake,0.34,0.39,0.19,6,reviewed,ci,ci
2025-01-25T14:12:38.530Z,33.1593333,-115.6275,5.67,1.45,ml,39,47,0.02064,0.22,ci,ci40850847,2025-01-27T22:21:45.404Z,"11 km WNW of Calipatria, CA",earthquake,0.28,0.4,0.224,27,reviewed,ci,ci
2025-01-25T14:10:46.500Z,38.808166666667,-122.81716666667,1.91,0.33,md,16,61,0.00941,0.02,nc,nc75122766,2025-01-27T09:35:47.836Z,"6 km NW of The Geysers, CA",earthquake,0.26,0.36,0.307,15,reviewed,nc,nc
2025-01-25T14:07:31.750Z,35.9006667,-117.69,2.57,0.83,ml,16,61,0.05706,0.11,ci,ci40850839,2025-01-25T15:48:14.129Z,"20 km ESE of Little Lake, CA",earthquake,0.21,0.35,0.115,12,reviewed,ci,ci
2025-01-25T13:58:52.617Z,32.01,-101.727,7.9834,2.5,ml,48,74,0.1,0.1,tx,tx2025bsxu,2025-01-25T16:27:12.137Z,"14 km SSE of Stanton, Texas",earthquake,0.28471266272765,0.88610384041787,0.1,40,reviewed,tx,tx
2025-01-25T13:55:45.900Z,61.335166666667,-152.316,2.99,-0.47,ml,5,282,0.1045,0.16,av,av93471361,2025-01-26T23:44:14.580Z,"69 km WNW of Beluga, Alaska",earthquake,1.08,0.72,0.25552768675575,5,reviewed,av,av
2025-01-25T13:49:57.920Z,33.9888333,-118.3926667,9.4,2.33,ml,84,38,0.01677,0.22,ci,ci40850775,2025-01-27T19:52:26.904Z,"2 km SW of Baldwin Hills, CA",earthquake,0.18,0.32,0.15,282,reviewed,ci,ci
2025-01-25T13:48:13.640Z,48.48,-122.79116666667,14.57,1.28,ml,17,81,0.0772,0.09,uw,uw62072266,2025-01-26T07:06:57.220Z,"13 km WSW of Anacortes, Washington",earthquake,0.3,0.52,0.17587310294401,8,reviewed,uw,uw
2025-01-25T13:32:25.170Z,48.123,-114.18783333333,9.04,1.02,ml,12,87,0.2856,0.16,mb,mb90071608,2025-01-25T15:47:13.820Z,"5 km E of Forest Hill Village, Montana",earthquake,0.48,1.55,0.33659717209812,10,reviewed,mb,mb
2025-01-25T13:24:53.820Z,61.5236,-149.9098,31.5,2.2,ml,,,,0.71,ak,ak02515kbkjq,2025-01-25T13:27:36.941Z,"2 km E of Big Lake, Alaska",earthquake,,0.2,,,automatic,ak,ak
2025-01-25T13:17:44.230Z,38.822498321533,-122.764503479,1.9299999475479,0.77,md,10,121,0.009013,0.02,nc,nc75122756,2025-01-25T13:19:19.670Z,"4 km WNW of Cobb, CA",earthquake,0.45,0.75999999,0.14,10,automatic,nc,nc
2025-01-25T13:13:10.146Z,-21.304,-68.6766,140.703,4.3,mb,25,70,0.719,1.05,us,us6000pmap,2025-01-25T14:20:52.040Z,"44 km W of Ollagüe, Chile",earthquake,7.33,10.227,0.154,12,reviewed,us,us
2025-01-25T13:00:31.173Z,23.2642,120.4426,10,4.5,mb,48,122,0.176,1.06,us,us6000pmam,2025-01-25T13:20:41.040Z,"15 km N of Yujing, Taiwan",earthquake,3.13,1.819,0.103,28,reviewed,us,us
2025-01-25T12:55:46.610Z,34.822833333333,-120.89366666667,-0.29,2,md,34,212,0.3613,0.28,nc,nc75122751,2025-01-29T11:08:26.233Z,"34 km WSW of Guadalupe, CA",earthquake,0.99,2.22,0.153,26,reviewed,nc,nc
2025-01-25T12:54:32.790Z,38.7955,-122.76416666667,1.65,0.31,md,9,81,0.006189,0.01,nc,nc75122746,2025-01-26T22:04:56.590Z,"2 km  of The Geysers, CA",earthquake,0.41,1.09,0.142,6,reviewed,nc,nc
2025-01-25T12:52:06.368Z,32.357,-102.097,6.5918,1.4,ml,25,41,0,0.1,tx,tx2025bsvo,2025-01-27T16:52:39.472Z,"38 km NW of Stanton, Texas",earthquake,0.55730687418299,0.80684933274005,0.1,14,reviewed,tx,tx
2025-01-25T12:38:18.150Z,33.4505,-116.5893333,8.8,0.51,ml,35,43,0.04538,0.15,ci,ci40850751,2025-01-25T15:49:55.800Z,"14 km SE of Anza, CA",earthquake,0.17,0.41,0.168,13,reviewed,ci,ci
2025-01-25T12:33:25.750Z,67.3414,-156.366,10.6,2.9,ml,,,,0.7,ak,ak02515js07z,2025-01-25T13:21:39.040Z,"53 km NNE of Kobuk, Alaska",earthquake,,0.8,,,automatic,ak,ak
2025-01-25T12:33:01.211Z,32.187,-100.97,4.4678,1.6,ml,16,49,0.3,0.2,tx,tx2025bsux,2025-01-28T19:03:21.494Z,"19 km SSE of Westbrook, Texas",earthquake,1.4985923978715,2.13302120618,0.2,6,reviewed,tx,tx
2025-01-25T12:23:45.230Z,36.064,-117.848,1.44,1.28,ml,24,93,0.05376,0.15,ci,ci40850743,2025-01-25T16:03:08.121Z,"9 km ENE of Coso Junction, CA",earthquake,0.18,0.22,0.164,22,reviewed,ci,ci
2025-01-25T12:20:44.243Z,67.3173,-156.3398,6.5,2.8,ml,,,,0.54,ak,ak02515jp99r,2025-01-25T13:17:25.040Z,"51 km NNE of Kobuk, Alaska",earthquake,,0.7,,,automatic,ak,ak
2025-01-25T12:06:39.780Z,34.0198333,-117.2351667,15.52,0.79,ml,40,91,0.08894,0.17,ci,ci40850727,2025-01-25T16:03:25.109Z,"4 km SE of Loma Linda, CA",earthquake,0.21,0.43,0.154,22,reviewed,ci,ci
2025-01-25T12:06:08.990Z,32.8331667,-115.6081667,11.53,1,ml,25,85,0.06854,0.2,ci,ci40850719,2025-01-27T18:44:50.828Z,"4 km WSW of Imperial, CA",earthquake,0.33,0.52,0.16,19,reviewed,ci,ci
2025-01-25T11:59:43.690Z,61.295333333333,-152.25366666667,2.03,-0.43,ml,5,248,0.05628,0.05,av,av93471186,2025-01-26T21:58:35.880Z,"65 km WNW of Tyonek, Alaska",earthquake,0.41,0.97,0.15630385952159,4,reviewed,av,av
2025-01-25T11:57:22.360Z,61.297666666667,-152.25033333333,2.33,-0.49,ml,5,250,0.05623,0.03,av,av93471181,2025-01-26T21:19:15.810Z,"65 km WNW of Beluga, Alaska",earthquake,0.57,0.94,0.14608290138481,4,reviewed,av,av
2025-01-25T11:55:24.260Z,35.7866667,-117.6276667,6.87,0.59,ml,15,87,0.1137,0.18,ci,ci40850711,2025-01-25T16:03:43.814Z,"19 km NNE of Ridgecrest, CA",earthquake,0.31,0.82,0.227,10,reviewed,ci,ci
2025-01-25T11:50:28.330Z,33.4691667,-116.4943333,10.05,1,ml,59,36,0.09368,0.19,ci,ci40850703,2025-01-25T16:05:07.490Z,"19 km ESE of Anza, CA",earthquake,0.15,0.35,0.198,25,reviewed,ci,ci
2025-01-25T11:49:17.147Z,23.2059,120.4598,10,5.1,mww,105,39,0.182,0.86,us,us6000pmaf,2025-01-25T23:58:31.707Z,"8 km N of Yujing, Taiwan",earthquake,4.89,1.813,0.089,12,reviewed,us,us
2025-01-25T11:43:04.670Z,61.205833333333,-152.24916666667,4.76,-0.47,ml,5,153,0.03626,0.09,av,av93471171,2025-01-26T21:16:13.860Z,"61 km WNW of Tyonek, Alaska",earthquake,0.61,0.79,0.19223492526977,5,reviewed,av,av
2025-01-25T11:41:45.280Z,40.275833333333,-124.53233333333,10.34,2.5,md,60,239,0.1457,0.23,nc,nc75122741,2025-01-27T08:22:22.701Z,"22 km W of Petrolia, CA",earthquake,0.4,0.59,0.161,33,reviewed,nc,nc
2025-01-25T11:36:26.785Z,31.739,-104.098,6.8817,1.6,ml,20,56,0,0.1,tx,tx2025bsta,2025-01-27T18:02:57.912Z,"47 km W of Mentone, Texas",earthquake,0.40396893898032,0.56684565105506,0.2,28,reviewed,tx,tx
2025-01-25T11:28:16.990Z,34.2985,-117.0236667,2.34,0.91,ml,28,55,0.04421,0.14,ci,ci40850695,2025-01-27T18:37:28.439Z,"12 km WNW of Big Bear Lake, CA",earthquake,0.19,0.4,0.184,17,reviewed,ci,ci
2025-01-25T11:17:57.280Z,18.011166666667,-66.750666666667,14.03,2.24,md,9,174,0.1184,0.12,pr,pr71471453,2025-01-25T11:39:25.110Z,"2 km ESE of Magas Arriba, Puerto Rico",earthquake,0.65,1.16,0.12589058181079,8,reviewed,pr,pr
2025-01-25T11:02:27.150Z,32.8416667,-115.6055,12.63,0.87,ml,20,81,0.07055,0.18,ci,ci40850687,2025-01-27T18:30:36.221Z,"3 km W of Imperial, CA",earthquake,0.33,0.63,0.219,17,reviewed,ci,ci
2025-01-25T10:46:15.370Z,-19.1156,169.523,265.851,4.5,mb,50,109,3.985,1.14,us,us6000pmab,2025-01-25T11:26:29.040Z,"53 km NNE of Isangel, Vanuatu",earthquake,11.47,8.825,0.083,42,reviewed,us,us
2025-01-25T10:42:25.110Z,34.4425,-117.9288333,9.86,0.31,ml,6,121,0.02288,0.07,ci,ci37694564,2025-01-27T18:22:30.010Z,"7 km SSW of Pearblossom, CA",earthquake,0.34,0.61,0.152,5,reviewed,ci,ci
2025-01-25T10:42:13.680Z,34.4396667,-117.9153333,11.06,0.66,ml,14,68,0.03439,0.1,ci,ci40850679,2025-01-27T18:10:16.299Z,"7 km S of Pearblossom, CA",earthquake,0.21,0.31,0.169,11,reviewed,ci,ci
2025-01-25T10:38:40.640Z,42.923166666667,-111.08466666667,3.16,2.21,ml,14,89,0.1581,0.28,mb,mb90071738,2025-01-28T16:43:38.160Z,"6 km W of Thayne, Wyoming",earthquake,1.87,14.43,0.22779699349548,16,reviewed,mb,mb
2025-01-25T10:37:19.030Z,33.1958333,-116.0358333,9.69,1.28,ml,60,74,0.05357,0.21,ci,ci40850671,2025-01-25T16:05:10.260Z,"11 km ENE of Ocotillo Wells, CA",earthquake,0.17,0.45,0.194,26,reviewed,ci,ci
2025-01-25T10:37:15.834Z,39.1166,-119.0496,6.6,1.2,ml,13,84.64,0.024,0.1739,nn,nn00892498,2025-01-27T21:07:20.685Z,"17 km NE of Yerington, Nevada",earthquake,,1.1,0.09,7,reviewed,nn,nn
2025-01-25T10:29:40.505Z,31.681,-104.419,6.0999,1.6,ml,20,65,0,0.1,tx,tx2025bsqv,2025-01-27T18:07:01.942Z,"54 km S of Whites City, New Mexico",earthquake,0.62386770576306,0.62780953549692,0.2,19,reviewed,tx,tx
2025-01-25T10:20:58.967Z,64.4236,-147.1603,0,1,ml,,,,0.53,ak,ak02515iif7p,2025-01-25T10:23:16.329Z,"16 km SW of Salcha, Alaska",earthquake,,0.4,,,automatic,ak,ak
2025-01-25T10:17:49.500Z,37.354333333333,-122.13583333333,4.71,1.88,md,81,34,0.04348,0.17,nc,nc75122731,2025-01-30T07:55:54.220Z,"3 km S of Los Altos Hills, CA",earthquake,0.14,0.25,0.207,55,reviewed,nc,nc
2025-01-25T10:15:35.710Z,19.192667007446,-155.50115966797,30.719999313354,2.41,ml,57,69,0.0523,0.140000001,hv,hv74600712,2025-01-25T10:18:45.760Z,"2 km WSW of Pāhala, Hawaii",earthquake,0.41,0.589999974,1.25,3,automatic,hv,hv
2025-01-25T10:06:57.132Z,-7.1034,129.305,166.088,4.5,mb,44,89,2.632,0.55,us,us6000pma3,2025-01-25T11:15:33.040Z,"298 km ENE of Lospalos, Timor Leste",earthquake,9.48,7.791,0.088,38,reviewed,us,us
2025-01-25T10:05:13.663Z,41.9206,-119.5914,2.2,1.8,ml,4,214.56,0.53,0.1354,nn,nn00892589,2025-01-27T20:06:00.724Z,"46 km E of Fort Bidwell, California",earthquake,,6.2,0.25,3,reviewed,nn,nn
2025-01-25T09:47:56.210Z,58.234166666667,-155.103,5.1,-0.23,ml,6,93,0.05571,0.18,av,av93471056,2025-01-26T21:12:57.850Z,"83 km NNW of Karluk, Alaska",earthquake,0.48,1.05,0.23450930419995,6,reviewed,av,av
2025-01-25T09:47:05.530Z,61.277166666667,-152.249,2.84,-0.36,ml,4,233,0.0469,0.05,av,av93471051,2025-01-26T21:09:16.660Z,"64 km WNW of Tyonek, Alaska",earthquake,0.53,0.79,0.044238465352925,4,reviewed,av,av
2025-01-25T09:46:30.370Z,38.817833333333,-122.7845,1.69,0.77,md,10,146,0.01297,0.02,nc,nc75122721,2025-01-27T20:21:57.304Z,"5 km NNW of The Geysers, CA",earthquake,0.42,1.37,0.255,9,reviewed,nc,nc
2025-01-25T09:38:00.840Z,32.418,-101.755,6.1279,1,ml,23,79,0,0.1,tx,tx2025bspd,2025-01-27T22:04:14.388Z,"12 km SSW of Ackerly, Texas",earthquake,0.54558056763995,0.8063720918303,0.1,12,reviewed,tx,tx
2025-01-25T09:26:02.080Z,41.721333333333,-112.37083333333,7.31,0.87,md,9,88,0.08076,0.1,uu,uu80100046,2025-01-27T16:20:20.150Z,"7 km WNW of Thatcher, Utah",earthquake,0.53,1.96,0.18020549781887,8,reviewed,uu,uu
2025-01-25T09:24:41.790Z,63.585,-150.6852,11.7,2.4,ml,,,,0.57,ak,ak02515hxt77,2025-01-25T10:45:29.040Z,"51 km E of Denali National Park, Alaska",earthquake,,0.2,,,automatic,ak,ak
2025-01-25T09:20:22.594Z,63.6405,-150.79,3,3.1,ml,,,,0.94,ak,ak02515hwwv1,2025-01-25T10:34:48.040Z,"47 km ENE of Denali National Park, Alaska",earthquake,,0.3,,,automatic,ak,ak
2025-01-25T09:11:49.410Z,34.439,-117.9191667,10.16,1.07,ml,37,60,0.03155,0.17,ci,ci40850519,2025-01-25T16:06:14.200Z,"8 km S of Pearblossom, CA",earthquake,0.19,0.33,0.226,32,reviewed,ci,ci
2025-01-25T09:11:21.090Z,34.4395,-117.9156667,10.37,0.9,ml,18,87,0.03417,0.1,ci,ci40850511,2025-01-25T16:05:10.988Z,"8 km S of Pearblossom, CA",earthquake,0.2,0.35,0.192,28,reviewed,ci,ci
2025-01-25T08:55:08.880Z,33.3701667,-116.6786667,11.74,-0.01,ml,21,66,0.09979,0.15,ci,ci40850351,2025-01-27T18:02:05.894Z,"11 km NNW of Warner Springs, CA",earthquake,0.28,0.79,0.129,7,reviewed,ci,ci
2025-01-25T08:52:39.870Z,58.416,-154.36266666667,2.18,1.04,ml,5,280,0.1242,0.16,av,av93470946,2025-01-26T20:19:12.650Z,"94 km WNW of Aleneva, Alaska",earthquake,1.48,2.69,0.31097913440432,4,reviewed,av,av
2025-01-25T08:50:47.110Z,32.9688333,-116.7583333,17.35,0.67,ml,14,200,0.107,0.1,ci,ci40850191,2025-01-25T16:05:30.117Z,"5 km SSE of San Diego Country Estates, CA",earthquake,0.46,0.5,0.129,14,reviewed,ci,ci
2025-01-25T08:42:46.520Z,60.310166666667,-152.73283333333,14.1,0.12,ml,11,175,0.1117,0.09,av,av93030834,2025-01-26T20:49:31.160Z,"65 km WNW of Ninilchik, Alaska",earthquake,0.75,0.75,0.14248886940176,11,reviewed,av,av
2025-01-25T08:37:25.800Z,38.766334533691,-122.69699859619,1.8500000238419,1.06,md,10,88,0.002562,0.03,nc,nc75122716,2025-01-25T08:39:04.593Z,"1 km SW of Anderson Springs, CA",earthquake,0.32,0.400000006,0.16,10,automatic,nc,nc
2025-01-25T08:34:29.867Z,60.538,-152.2663,85.9,1.5,ml,,,,0.3,ak,ak02515hehu2,2025-01-25T08:36:20.283Z,"52 km W of Salamatof, Alaska",earthquake,,0.6,,,automatic,ak,ak
2025-01-25T08:33:25.050Z,38.838165283203,-122.79716491699,2.2200000286102,1.09,md,15,88,0.005332,0.04,nc,nc75122711,2025-01-25T08:35:04.703Z,"7 km WNW of Cobb, CA",earthquake,0.32,0.550000012,0.12,15,automatic,nc,nc
2025-01-25T08:23:50.162Z,59.3581,-153.2656,68.4,2.2,ml,,,,0.55,ak,ak02515hc6iw,2025-01-26T05:48:59.040Z,"67 km SE of Pedro Bay, Alaska",earthquake,,0.8,,,automatic,ak,ak
2025-01-25T08:23:27.788Z,29.5797,104.0537,10,4.4,mb,45,104,4.773,0.51,us,us6000pm9x,2025-01-25T13:31:37.040Z,"21 km N of Luocheng, China",earthquake,11.14,1.937,0.088,37,reviewed,us,us
2025-01-25T08:20:41.920Z,38.837501525879,-122.80799865723,2.0099999904633,0.77,md,8,113,0.01382,0,nc,nc75122706,2025-01-25T08:22:19.152Z,"8 km WNW of Cobb, CA",earthquake,0.46,0.99000001,0.3,12,automatic,nc,nc
2025-01-25T08:17:06.430Z,38.838333333333,-122.781,1.87,0.3,md,17,77,0.005575,0.02,nc,nc75122701,2025-01-27T09:14:11.514Z,"5 km WNW of Cobb, CA",earthquake,0.27,0.38,0.159,16,reviewed,nc,nc
2025-01-25T08:12:34.193Z,39.1146,-119.049,4.9,0,ml,7,131.39,0.026,0.1424,nn,nn00892503,2025-01-27T20:36:43.404Z,"17 km NE of Yerington, Nevada",earthquake,,2,0,1,reviewed,nn,nn
2025-01-25T08:09:04.170Z,46.857333333333,-121.95083333333,11.14,0.1,ml,16,171,0.009679,0.08,uw,uw62072246,2025-01-26T05:55:16.630Z,"12 km NNE of Ashford, Washington",earthquake,0.48,0.39,0.090806142847847,4,reviewed,uw,uw
2025-01-25T08:04:57.870Z,18.566833333333,-66.776666666667,14.52,2.78,md,15,217,0.2201,0.24,pr,pr71471448,2025-01-25T08:24:05.080Z,"9 km N of Carrizales, Puerto Rico",earthquake,0.75,1.02,0.07621600198973,4,reviewed,pr,pr
2025-01-25T07:51:04.730Z,38.780334472656,-122.75749969482,0.66000002622604,0.29,md,9,88,0.01156,0.01,nc,nc75122691,2025-01-25T07:52:39.231Z,"0 km  of The Geysers, CA",earthquake,0.3,0.730000019,0.03,7,automatic,nc,nc
2025-01-25T07:50:44.020Z,60.011833333333,-153.058,-2.59,-0.21,ml,4,133,0.02034,0.04,av,av93470856,2025-01-26T20:14:11.120Z,"63 km ENE of Pedro Bay, Alaska",earthquake,0.38,1.51,0.14129168484784,4,reviewed,av,av
2025-01-25T07:49:49.287Z,63.1391,-149.9111,79.8,1.8,ml,,,,0.39,ak,ak02515gwbgw,2025-01-25T07:52:18.036Z,"55 km WSW of Cantwell, Alaska",earthquake,,0.7,,,automatic,ak,ak
2025-01-25T07:49:46.150Z,38.780334472656,-122.75716400147,0.94999998807907,1.18,md,18,80,0.01624,0.05,nc,nc75122686,2025-01-25T07:51:23.991Z,"0 km N of The Geysers, CA",earthquake,0.27,0.439999998,0.19,20,automatic,nc,nc
2025-01-25T07:47:13.082Z,63.2537,-151.8179,2.5,1.5,ml,,,,0.33,ak,ak02515gvt8s,2025-01-25T07:49:18.987Z,"32 km S of Denali National Park, Alaska",earthquake,,0.5,,,automatic,ak,ak
2025-01-25T07:46:06.750Z,44.828833333333,-111.56233333333,12.72,0.26,ml,8,149,0.1699,0.04,mb,mb90071733,2025-01-28T16:36:21.040Z,"30 km WNW of Hebgen Lake Estates, Montana",earthquake,0.47,1.41,0.20882137476544,5,reviewed,mb,mb
2025-01-25T07:31:20.319Z,60.3792,-147.7738,19.8,2.2,ml,,,,0.55,ak,ak02515gsecf,2025-01-25T07:33:52.748Z,"37 km NNE of Chenega, Alaska",earthquake,,0.7,,,automatic,ak,ak
2025-01-25T07:28:52.461Z,-13.7833,172.2814,603.732,4.3,mb,83,66,5.186,0.64,us,us6000pm9p,2025-01-26T06:32:55.024Z,"Vanuatu region",earthquake,10.44,5.921,0.06,78,reviewed,us,us
2025-01-25T07:27:35.240Z,35.6008333,-118.3403333,2.84,0.98,ml,25,44,0.09456,0.16,ci,ci40849871,2025-01-25T16:05:46.910Z,"12 km E of Lake Isabella, CA",earthquake,0.22,0.98,0.213,19,reviewed,ci,ci
2025-01-25T07:20:47.240Z,38.822498321533,-122.78700256348,1.3799999952316,1.04,md,17,40,0.01046,0.03,nc,nc75122681,2025-01-25T07:22:24.206Z,"6 km WNW of Cobb, CA",earthquake,0.21,0.400000006,0.22,17,automatic,nc,nc
2025-01-25T07:14:58.309Z,62.78,-149.6164,71,1.4,ml,,,,0.74,ak,ak02515gou3q,2025-01-25T07:17:20.173Z,"44 km NE of Chase, Alaska",earthquake,,1.8,,,automatic,ak,ak
2025-01-25T07:14:49.330Z,47.056333333333,-122.11166666667,14.42,0.5,ml,18,160,0.07276,0.09,uw,uw62072241,2025-01-26T05:44:46.650Z,"2 km SSW of Crocker, Washington",earthquake,0.43,0.45,0.080095966465837,6,reviewed,uw,uw
2025-01-25T07:11:37.827Z,36.6123,-116.3756,2.2,0.1,ml,24,261.28,0.045,0.1119,nn,nn00892497,2025-01-26T02:03:31.111Z,"46 km ENE of Furnace Creek, California",earthquake,,2.3,0.14,3,reviewed,nn,nn
2025-01-25T07:11:20.801Z,20.2853,94.8928,10,4.5,mb,30,187,0.916,1,us,us6000pm9m,2025-01-25T13:27:40.040Z,"11 km N of Minbu, Myanmar",earthquake,6.82,1.948,0.115,22,reviewed,us,us
2025-01-25T07:06:03.760Z,38.770168304443,-122.72633361816,1.3200000524521,1.53,md,19,71,0.00864,0.04,nc,nc75122676,2025-01-25T07:07:39.969Z,"3 km ESE of The Geysers, CA",earthquake,0.23,0.319999993,0.23,23,automatic,nc,nc
2025-01-25T07:00:35.290Z,38.840167999268,-122.87699890137,2.5199999809265,0.52,md,10,87,0.005402,0.02,nc,nc75122671,2025-01-25T07:02:13.521Z,"13 km NW of The Geysers, CA",earthquake,0.83,1.24000001,0.15,11,automatic,nc,nc
2025-01-25T07:00:21.980Z,38.842498779297,-122.87750244141,2.3499999046326,1.24,md,24,90,0.006311,0.02,nc,nc75122666,2025-01-25T07:01:59.915Z,"13 km NW of The Geysers, CA",earthquake,0.26,0.409999996,0.25,23,automatic,nc,nc
2025-01-25T06:43:50.030Z,41.8975,-119.61216666667,-0.88,1.52,ml,9,213,0.3466,0.49,uw,uw62072236,2025-01-26T06:24:03.900Z,"44 km E of Fort Bidwell, California",earthquake,2.63,3.8,0.042112500238308,3,reviewed,uw,uw
2025-01-25T06:43:31.810Z,38.8305,-122.76466666667,0.81,0.22,md,15,76,0.004098,0.02,nc,nc75122661,2025-01-27T20:19:56.507Z,"4 km WNW of Cobb, CA",earthquake,0.32,0.35,0.313,13,reviewed,nc,nc
2025-01-25T06:34:42.880Z,38.830333709717,-122.764503479,0.64999997615814,0.25,md,6,139,0.004227,0.02,nc,nc75122656,2025-01-25T06:36:19.671Z,"4 km WNW of Cobb, CA",earthquake,0.35,0.730000019,0.12,8,automatic,nc,nc
2025-01-25T06:30:58.860Z,18.2835,-68.8956,118,4.15,md,26,219,0.5635,0.52,pr,pr2025025000,2025-01-25T07:42:57.040Z,"17 km SSE of La Romana, Dominican Republic",earthquake,6.1,2.28,0.15,24,reviewed,pr,pr
2025-01-25T06:23:19.720Z,38.794834136963,-122.76183319092,0.36000001430512,1.19,md,19,61,0.006015,0.05,nc,nc75122651,2025-01-25T06:24:54.386Z,"2 km  of The Geysers, CA",earthquake,0.21,0.409999996,0.14,17,automatic,nc,nc
2025-01-25T06:23:08.890Z,38.821666717529,-122.85182952881,2.3599998950958,1.08,md,19,88,0.007069,0.01,nc,nc75122646,2025-01-25T06:24:44.365Z,"10 km NW of The Geysers, CA",earthquake,0.23,0.439999998,0.09,21,automatic,nc,nc
2025-01-25T06:18:28.637Z,39.1516,-119.0688,6.5,1.6,ml,17,78.03,0.018,0.1381,nn,nn00892495,2025-01-27T20:33:37.668Z,"20 km NNE of Yerington, Nevada",earthquake,,0.9,0.26,10,reviewed,nn,nn
2025-01-25T06:17:09.430Z,38.814666748047,-122.83966827393,0.73000001907349,0.78,md,7,147,0.009182,0.01,nc,nc75122641,2025-01-25T06:18:44.202Z,"8 km NW of The Geysers, CA",earthquake,0.4,0.680000007,0.3,8,automatic,nc,nc
2025-01-25T06:14:36.420Z,38.79999923706,-122.77616882324,3.25,0.72,md,9,77,0.0137,0.01,nc,nc75122636,2025-01-25T06:16:14.155Z,"3 km NNW of The Geysers, CA",earthquake,0.57,1.69000006,0.4,9,automatic,nc,nc
2025-01-25T06:14:01.200Z,38.79999923706,-122.80616760254,3.4000000953674,1.09,md,19,58,0.01164,0.02,nc,nc75122631,2025-01-25T06:15:39.521Z,"5 km NW of The Geysers, CA",earthquake,0.31,0.639999986,0.06,20,automatic,nc,nc
2025-01-25T06:13:58.820Z,61.31,-152.2395,0.87,0.07,ml,5,257,0.06049,0.05,av,av93470781,2025-01-26T19:59:40.920Z,"64 km WNW of Beluga, Alaska",earthquake,0.48,1.4,0.06870963637806,5,reviewed,av,av
2025-01-25T06:10:32.190Z,32.445,-102.074,6.665,1.1,ml,16,103,0,0.1,tx,tx2025bsih,2025-01-28T18:41:08.351Z,"33 km SSW of Los Ybanez, Texas",earthquake,0.88685184593754,1.5609321548362,0.2,6,reviewed,tx,tx
2025-01-25T06:09:20.270Z,34.0468333,-117.135,6.92,0.6,ml,25,69,0.02192,0.16,ci,ci40849711,2025-01-27T17:57:56.676Z,"3 km S of Mentone, CA",earthquake,0.25,0.47,0.113,17,reviewed,ci,ci
2025-01-25T06:03:12.850Z,38.783832550049,-122.75916290283,2.2000000476837,0.77,md,10,110,0.01407,0.02,nc,nc75122626,2025-01-25T06:04:48.306Z,"1 km  of The Geysers, CA",earthquake,0.47,0.870000005,0.06,12,automatic,nc,nc
2025-01-25T06:02:35.600Z,38.783164978027,-122.75833129883,2.3900001049042,0.75,md,9,74,0.01371,0.02,nc,nc75122621,2025-01-25T06:04:13.362Z,"1 km  of The Geysers, CA",earthquake,0.38,1.13,0.12,8,automatic,nc,nc
2025-01-25T05:58:18.380Z,38.836833953857,-122.79083251953,1.8600000143051,0.67,md,10,77,0.001618,0.01,nc,nc75122616,2025-01-25T05:59:54.481Z,"6 km WNW of Cobb, CA",earthquake,0.34,0.419999987,0.45,11,automatic,nc,nc
2025-01-25T05:36:41.019Z,43.2894,-126.8461,10,4.7,mb,188,184,1.604,0.71,us,us6000pm9b,2025-01-30T05:46:50.704Z,"199 km W of Bandon, Oregon",earthquake,7.17,1.94,0.046,147,reviewed,us,us
2025-01-25T05:36:35.230Z,60.054333333333,-153.0625,0.68,-0.52,ml,4,159,0.003077,0.07,av,av93470726,2025-01-26T19:54:00.170Z,"65 km ENE of Pedro Bay, Alaska",earthquake,0.82,0.36,0.27462833989627,4,reviewed,av,av
2025-01-25T05:23:57.789Z,35.11216667,-98.08266667,4.21,0.88,ml,39,78,0.2078592109,0.44,ok,ok2025bsgt,2025-01-27T14:09:08.031Z,"3 km N of Verden, Oklahoma",earthquake,,1.4,0.23,19,reviewed,ok,ok
2025-01-25T05:20:15.258Z,63.1105,-151.353,0,1.8,ml,,,,0.46,ak,ak02515fj5v9,2025-01-25T05:22:13.588Z,"51 km SSE of Denali National Park, Alaska",earthquake,,0.5,,,automatic,ak,ak
2025-01-25T05:16:54.620Z,38.8115,-122.828,1.28,0.84,md,29,58,0.002785,0.02,nc,nc75002228,2025-01-26T22:01:55.480Z,"7 km NW of The Geysers, CA",earthquake,0.12,0.22,0.127,31,reviewed,nc,nc
2025-01-25T05:16:52.440Z,38.816333333333,-122.7945,2.54,0.59,md,18,52,0.008377,0.02,nc,nc75122601,2025-01-26T21:55:23.579Z,"5 km NNW of The Geysers, CA",earthquake,0.3,0.45,0.381,6,reviewed,nc,nc
2025-01-25T05:10:19.280Z,38.831333333333,-122.85416666667,1.88,0.23,md,21,72,0.004333,0.02,nc,nc75122596,2025-01-27T20:17:27.248Z,"10 km NW of The Geysers, CA",earthquake,0.2,0.32,0.201,19,reviewed,nc,nc
2025-01-25T04:59:55.910Z,38.836666666667,-122.807,2.27,0.39,md,24,53,0.01312,0.01,nc,nc75122591,2025-01-27T20:13:24.716Z,"7 km WNW of Cobb, CA",earthquake,0.2,0.4,0.196,24,reviewed,nc,nc
2025-01-25T04:59:36.420Z,38.833168029785,-122.811668396,1.9299999475479,1.35,md,30,49,0.009838,0.02,nc,nc75122586,2025-01-25T05:01:15.601Z,"8 km WNW of Cobb, CA",earthquake,0.17,0.319999993,0.14,30,automatic,nc,nc
2025-01-25T04:57:56.150Z,-3.5872,131.3548,10,4.8,mb,36,78,1.112,0.63,us,us6000pm95,2025-01-25T05:20:11.040Z,"127 km SW of Fakfak, Indonesia",earthquake,5.8,1.909,0.097,35,reviewed,us,us
2025-01-25T04:56:19.960Z,38.76216506958,-122.73133087158,1.6200000047684,0.74,md,6,134,0.00509,0.03,nc,nc75122581,2025-01-25T04:57:53.599Z,"3 km SE of The Geysers, CA",earthquake,0.67,0.949999988,0.15,7,automatic,nc,nc
2025-01-25T04:55:39.770Z,38.81916809082,-122.82199859619,2.2799999713898,1.05,md,23,60,0.01023,0.04,nc,nc75122576,2025-01-25T04:57:13.749Z,"7 km NW of The Geysers, CA",earthquake,0.21,0.469999999,0.11,24,automatic,nc,nc
2025-01-25T04:52:30.700Z,63.2519,-149.8196,83.9,1.7,ml,,,,0.58,ak,ak02515f4mda,2025-01-25T04:59:01.876Z,"46 km WSW of Cantwell, Alaska",earthquake,,0.7,,,automatic,ak,ak
2025-01-25T04:48:23.400Z,60.0335,-153.04716666667,1.25,-0.69,ml,4,157,0.02247,0.04,av,av93470676,2025-01-26T19:52:23.580Z,"65 km ENE of Pedro Bay, Alaska",earthquake,0.78,0.37,0.21186539985665,4,reviewed,av,av
2025-01-25T04:47:49.880Z,38.832164764404,-122.81916809082,1.3600000143051,0.97,md,6,153,0.01128,0.01,nc,nc75122571,2025-01-25T04:49:23.963Z,"8 km NNW of The Geysers, CA",earthquake,0.57,1.35000002,0.24,8,automatic,nc,nc
2025-01-25T04:46:29.590Z,19.253666666667,-65.2315,35.84,3.36,md,21,276,0.9336,0.34,pr,pr71471423,2025-01-25T22:12:35.040Z,"105 km N of Culebra, Puerto Rico",earthquake,2.46,13.91,0.067911306801575,15,reviewed,pr,pr
2025-01-25T04:44:01.020Z,38.7945,-122.722,2.41,0.32,md,14,103,0.004895,0.02,nc,nc75122566,2025-01-27T20:08:21.978Z,"3 km S of Cobb, CA",earthquake,0.26,0.36,0.081,9,reviewed,nc,nc
2025-01-25T04:32:47.980Z,38.834331512451,-122.81733703613,1.539999961853,0.62,md,9,91,0.0148,0.02,nc,nc75122561,2025-01-25T04:34:24.385Z,"8 km NNW of The Geysers, CA",earthquake,0.33,0.939999998,0.18,9,automatic,nc,nc
2025-01-25T04:31:46.540Z,33.4678333,-116.4856667,10.52,0.67,ml,26,62,0.101,0.13,ci,ci40849431,2025-01-27T17:52:42.570Z,"20 km ESE of Anza, CA",earthquake,0.19,0.38,0.181,23,reviewed,ci,ci
2025-01-25T04:31:08.010Z,38.807998657227,-122.7825012207,3.1800000667572,0.75,md,13,62,0.005441,0.01,nc,nc75122556,2025-01-25T04:32:44.536Z,"4 km NNW of The Geysers, CA",earthquake,0.33,0.870000005,0.49,13,automatic,nc,nc
2025-01-25T04:28:41.480Z,44.362666666667,-110.56233333333,2.64,1.02,md,10,119,0.03392,0.14,uu,uu80100036,2025-01-27T16:17:30.190Z,"54 km SE of West Yellowstone, Montana",earthquake,0.39,1.14,0.28119544396037,8,reviewed,uu,uu
2025-01-25T04:23:03.800Z,60.0585,-152.98,4.08,-0.21,ml,4,294,0.04195,0.16,av,av93470641,2025-01-26T19:47:06.020Z,"69 km ENE of Pedro Bay, Alaska",earthquake,1.33,0.96,0.072062089993611,4,reviewed,av,av
2025-01-25T04:11:55.270Z,36.463666666667,-121.03116666667,9.04,1,md,15,113,0.02318,0.08,nc,nc75122546,2025-01-26T07:37:58.654Z,"13 km SE of Pinnacles, CA",earthquake,0.32,0.44,0.332,16,reviewed,nc,nc
2025-01-25T03:55:47.017Z,60.9404,-151.1978,46.7,2.1,ml,,,,0.6,ak,ak02515ejv65,2025-01-25T04:33:29.040Z,"14 km SSW of Tyonek, Alaska",earthquake,,1.5,,,automatic,ak,ak
2025-01-25T03:54:31.360Z,36.1468333,-117.853,10.08,0.56,ml,12,105,0.02923,0.08,ci,ci40849415,2025-01-27T17:19:06.077Z,"14 km NE of Coso Junction, CA",earthquake,0.33,0.37,0.168,6,reviewed,ci,ci
2025-01-25T03:47:15.670Z,38.820999145508,-122.82350158691,2.039999961853,0.73,md,10,84,0.00925,0.01,nc,nc75122541,2025-01-25T03:48:54.544Z,"8 km NW of The Geysers, CA",earthquake,0.34,1.19000006,0.27,12,automatic,nc,nc
2025-01-25T03:41:31.920Z,34.5026667,-118.6938333,20.12,1.04,ml,21,55,0.08264,0.22,ci,ci40849407,2025-01-27T17:14:31.267Z,"7 km WNW of Castaic, CA",earthquake,0.33,0.67,0.25,18,reviewed,ci,ci
2025-01-25T03:39:34.806Z,-27.5808,-72.2502,10,4.6,mb,34,144,1.212,1.02,us,us6000pm8t,2025-01-25T11:24:05.195Z,"183 km NW of Vallenar, Chile",earthquake,5.79,1.902,0.095,33,reviewed,us,us
2025-01-25T03:38:04.190Z,61.188833333333,-152.28616666667,2.25,0.22,ml,6,114,0.0269,0.15,av,av93470576,2025-01-26T19:33:20.120Z,"63 km WNW of Tyonek, Alaska",earthquake,0.54,1.01,0.20435701071825,6,reviewed,av,av
2025-01-25T03:32:38.130Z,35.5991667,-118.3438333,2.77,1.49,ml,29,54,0.09598,0.14,ci,ci40849399,2025-01-25T16:07:04.246Z,"12 km E of Lake Isabella, CA",earthquake,0.17,0.39,0.226,26,reviewed,ci,ci
2025-01-25T03:22:59.550Z,38.81600189209,-122.80149841309,1.4700000286102,1.52,md,27,34,0.009369,0.02,nc,nc75122531,2025-01-25T03:24:34.331Z,"6 km NNW of The Geysers, CA",earthquake,0.17,0.289999992,0.15,30,automatic,nc,nc
2025-01-25T03:22:42.970Z,38.8165,-122.80083333333,1.47,-0.19,md,24,42,0.009552,0.02,nc,nc75122526,2025-01-25T04:09:00.446Z,"6 km NNW of The Geysers, CA",earthquake,0.17,0.34,0.162,22,reviewed,nc,nc
2025-01-25T03:15:14.328Z,31.722,-104.254,6.7023,1.7,ml,25,56,0,0.1,tx,tx2025bscn,2025-01-27T18:12:22.990Z,"51 km SSE of Whites City, New Mexico",earthquake,0.37763533869781,0.46472944705945,0.2,27,reviewed,tx,tx
2025-01-25T03:14:42.540Z,60.7314,-152.2004,89.5,1.6,ml,,,,0.47,ak,ak02515eb2gu,2025-01-25T03:17:08.139Z,"49 km WNW of Salamatof, Alaska",earthquake,,0.7,,,automatic,ak,ak
2025-01-25T03:12:50.440Z,17.987166666667,-66.832166666667,15.75,2.25,md,10,172,0.03741,0.12,pr,pr71471413,2025-01-25T03:44:41.920Z,"1 km WSW of Indios, Puerto Rico",earthquake,0.5,0.67,0.10032783751982,8,reviewed,pr,pr
2025-01-25T03:12:01.700Z,35.5976667,-118.3415,3.17,0.75,ml,19,84,0.09761,0.12,ci,ci40849391,2025-01-25T16:07:22.192Z,"12 km E of Lake Isabella, CA",earthquake,0.2,0.82,0.125,11,reviewed,ci,ci
2025-01-25T03:08:22.807Z,22.0754,144.3988,43.46,4.9,mb,82,97,5.389,0.91,us,us6000pm8m,2025-01-25T03:32:24.040Z,"Volcano Islands, Japan region",earthquake,11.06,7.148,0.044,166,reviewed,us,us
2025-01-25T03:01:31.850Z,57.040166666667,-135.641,7.25,0.49,ml,5,178,0.03745,0.06,av,av93470511,2025-01-26T19:22:22.110Z,"18 km W of Sitka, Alaska",earthquake,0.98,0.57,0.23937770099002,5,reviewed,av,av
2025-01-25T03:00:08.290Z,34.0453333,-117.131,5.75,0.8,ml,48,24,0.01831,0.18,ci,ci40849271,2025-01-27T17:25:13.428Z,"3 km S of Mentone, CA",earthquake,0.16,0.48,0.173,15,reviewed,ci,ci
2025-01-25T02:59:56.500Z,37.926,-122.00766666667,10.35,1.24,md,18,102,0.05604,0.09,nc,nc75122521,2025-01-30T07:41:06.881Z,"5 km S of Concord, CA",earthquake,0.34,0.44,0.08,12,reviewed,nc,nc
2025-01-25T02:51:15.780Z,40.675166666667,-124.53066666667,21.07,2.43,md,56,220,0.1871,0.12,nc,nc75122516,2025-01-30T08:07:15.261Z,"25 km NW of Ferndale, CA",earthquake,0.45,0.26,0.356,28,reviewed,nc,nc
2025-01-25T02:44:20.883Z,61.1387,-151.8326,92.4,1.1,ml,,,,0.26,ak,ak02515dw0o8,2025-01-25T02:45:31.194Z,"38 km WNW of Tyonek, Alaska",earthquake,,1.1,,,automatic,ak,ak
2025-01-25T02:43:44.190Z,38.83716583252,-122.80766296387,2.210000038147,0.36,md,7,96,0.01388,0.01,nc,nc75122511,2025-01-25T02:45:23.826Z,"8 km WNW of Cobb, CA",earthquake,0.52,1.65999997,0.22,7,automatic,nc,nc
2025-01-25T02:28:26.430Z,38.825500488281,-122.84383392334,1.8300000429153,0.4,md,11,78,0.007277,0.01,nc,nc75122506,2025-01-25T02:30:02.635Z,"9 km NW of The Geysers, CA",earthquake,0.29,0.75,0.21,10,automatic,nc,nc
2025-01-25T02:24:49.340Z,17.881333333333,-66.962666666667,10.48,2.16,md,3,272,0.1171,0.02,pr,pr71471408,2025-01-25T02:59:52.380Z,"11 km SSW of Guánica, Puerto Rico",earthquake,1.49,2.05,0.056714080694255,3,reviewed,pr,pr
2025-01-25T02:16:07.470Z,57.042166666667,-135.6425,7.15,0.33,ml,5,176,0.03648,0.06,av,av93470401,2025-01-26T19:18:06.780Z,"18 km W of Sitka, Alaska",earthquake,0.93,0.58,0.21633396570159,5,reviewed,av,av
2025-01-25T02:15:09.980Z,37.2675,-121.27916666667,1.83,0.95,md,9,146,0.1031,0.17,nc,nc75122501,2025-01-25T04:24:05.969Z,"23 km W of Newman, CA",earthquake,0.93,4.38,0.088,9,reviewed,nc,nc
2025-01-25T02:08:15.320Z,64.4724,-146.9232,10.1,1,ml,,,,0.25,ak,ak02515doagk,2025-01-25T02:10:54.527Z,"5 km S of Salcha, Alaska",earthquake,,0.4,,,automatic,ak,ak
2025-01-25T02:01:35.575Z,32.357,-101.772,4.8096,1.1,ml,27,45,0,0.1,tx,tx2025bsaa,2025-01-27T23:14:12.203Z,"19 km SSW of Ackerly, Texas",earthquake,0.47920392425506,0.87098746355355,0.1,14,reviewed,tx,tx
2025-01-25T01:36:53.480Z,34.7211667,-118.5378333,2,0.89,ml,34,30,0.04894,0.19,ci,ci40849071,2025-01-27T17:20:22.367Z,"9 km SE of Neenach, CA",earthquake,0.21,0.29,0.091,16,reviewed,ci,ci
2025-01-25T01:23:53.074Z,31.652,-104.287,7.9968,1.7,ml,23,67,0,0.1,tx,tx2025bryv,2025-01-27T18:18:03.022Z,"58 km S of Whites City, New Mexico",earthquake,0.6182272877619,0.80753696803842,0.2,30,reviewed,tx,tx
2025-01-25T01:18:27.280Z,37.221,-121.6065,3.28,0.75,md,16,71,0.0596,0.07,nc,nc75122496,2025-01-25T04:21:34.978Z,"11 km NE of Morgan Hill, CA",earthquake,0.21,0.67,0.17,15,reviewed,nc,nc
2025-01-25T01:18:09.500Z,35.3306667,-118.6776667,4.62,1.66,ml,38,48,0.09979,0.17,ci,ci40848943,2025-01-25T16:20:00.392Z,"19 km NE of Arvin, CA",earthquake,0.19,0.59,0.215,28,reviewed,ci,ci
2025-01-25T01:18:05.093Z,31.679,-104.427,6.8176,2,ml,21,86,0,0.2,tx,tx2025bryq,2025-01-27T11:02:02.059Z,"55 km S of Whites City, New Mexico",earthquake,1.2150530350077,0.87201779173101,0.1,11,reviewed,tx,tx
2025-01-25T01:17:27.960Z,34.0298333,-117.5971667,6.12,1.06,ml,46,41,0.009061,0.15,ci,ci40848935,2025-01-27T17:13:30.621Z,"4 km SE of Ontario, CA",earthquake,0.16,0.36,0.156,28,reviewed,ci,ci
2025-01-25T01:11:59.940Z,35.906,-117.759,8.67,0.92,ml,23,56,0.06437,0.15,ci,ci40848927,2025-01-25T16:20:23.214Z,"14 km ESE of Little Lake, CA",earthquake,0.2,0.52,0.252,17,reviewed,ci,ci
2025-01-25T00:59:16.730Z,46.913166666667,-112.44966666667,10.28,1.7,ml,9,101,0.05422,0.14,mb,mb90071598,2025-01-25T15:12:39.610Z,"18 km ESE of Lincoln, Montana",earthquake,0.53,0.77,0.24950254905115,17,reviewed,mb,mb
2025-01-25T00:33:01.071Z,60.8582,-150.4513,40.1,2,ml,,,,0.55,ak,ak02515cmr23,2025-01-25T00:36:23.320Z,"14 km ESE of Point Possession, Alaska",earthquake,,0.9,,,automatic,ak,ak
2025-01-25T00:20:42.520Z,32.824,-115.6083333,13.14,1.23,ml,24,89,0.05951,0.22,ci,ci40848623,2025-01-25T01:05:39.511Z,"4 km SW of Imperial, CA",earthquake,0.35,0.63,0.222,18,reviewed,ci,ci
2025-01-25T00:16:08.060Z,33.7221667,-116.8393333,16.54,0.83,ml,34,62,0.07865,0.17,ci,ci40848615,2025-01-27T16:59:36.538Z,"6 km ESE of Valle Vista, CA",earthquake,0.24,0.44,0.13,15,reviewed,ci,ci
2025-01-25T00:14:26.996Z,64.9787,-147.3768,2.4,1.3,ml,,,,0.46,ak,ak02515ciqgb,2025-01-25T00:16:04.766Z,"11 km ENE of Fox, Alaska",earthquake,,0.4,,,automatic,ak,ak
2025-01-25T00:14:11.783Z,59.878,-151.0205,44.7,1.7,ml,,,,0.2,ak,ak02515cipa2,2025-01-25T00:15:51.883Z,"4 km WNW of Fox River, Alaska",earthquake,,1.6,,,automatic,ak,ak
2025-01-25T00:05:58.910Z,33.6655,-116.7661667,12.48,0.14,ml,13,119,0.06631,0.13,ci,ci40848607,2025-01-27T16:35:01.388Z,"9 km SSW of Idyllwild, CA",earthquake,0.36,0.65,0.158,10,reviewed,ci,ci
2025-01-25T00:03:06.090Z,45.869333333333,-111.43016666667,4.93,0.63,ml,6,180,0.3062,0.18,mb,mb90071728,2025-01-28T16:31:58.870Z,"1 km S of Logan, Montana",earthquake,0.75,11.29,0.13274478956041,4,reviewed,mb,mb
2025-01-25T00:01:18.280Z,34.693666666667,-85.353333333333,16.33,2.34,md,19,100,0.262,0.1,se,se60597246,2025-01-28T05:49:27.991Z,"6 km WSW of Linwood, Georgia",earthquake,0.34,1.6,0.050526985837231,19,reviewed,se,se
2025-01-24T23:58:30.070Z,18.296666666667,-67.0955,18.4,2.3,md,12,145,0.09194,0.22,pr,pr71471403,2025-01-25T00:20:27.820Z,"3 km NE of Espino, Puerto Rico",earthquake,0.79,0.72,0.24303564704338,10,reviewed,pr,pr
2025-01-24T23:55:57.610Z,46.8725,-121.76333333333,-2.59,0.19,ml,16,146,0.02135,0.13,uw,uw62072191,2025-01-27T19:18:39.040Z,"24 km ENE of Ashford, Washington",earthquake,0.25,0.47,0.12497793891414,8,reviewed,uw,uw
2025-01-24T23:41:23.590Z,33.346,-116.2033333,8.12,0.63,ml,28,69,0.09043,0.19,ci,ci41035896,2025-01-24T23:52:54.871Z,"16 km SW of Oasis, CA",earthquake,0.29,1.23,0.155,15,reviewed,ci,ci
2025-01-24T23:36:54.470Z,63.1659,-142.901,0.1,1.4,ml,,,,0.52,ak,ak025142t4qv,2025-01-24T23:39:13.495Z,"19 km W of Tetlin, Alaska",earthquake,,0.5,,,automatic,ak,ak
2025-01-24T23:30:29.080Z,46.914833333333,-120.59683333333,0.25,1.98,ml,34,77,0.02079,1.22,uw,uw62072176,2025-01-25T19:33:50.141Z,"9 km SSW of Ellensburg, Washington",earthquake,1.14,8.38,0.16797562225753,28,reviewed,uw,uw
2025-01-24T23:27:15.230Z,38.821166992188,-122.84449768066,2.0099999904633,0.75,md,10,122,0.007647,0.01,nc,nc75122466,2025-01-24T23:28:52.805Z,"9 km NW of The Geysers, CA",earthquake,0.36,0.550000012,0.18,13,automatic,nc,nc
2025-01-24T23:27:14.790Z,32.7813333,-115.9766667,10.78,0.82,ml,18,60,0.04925,0.2,ci,ci41035888,2025-01-27T17:27:47.951Z,"5 km NNE of Ocotillo, CA",earthquake,0.31,0.65,0.077,5,reviewed,ci,ci
2025-01-24T23:23:16.590Z,49.150666666667,-122.1505,-0.53,1.5,ml,6,203,0.1584,0.16,uw,uw62072171,2025-01-27T19:14:46.660Z,"11 km E of Mission, Canada",explosion,1.5,31.61,0.062825232425048,3,reviewed,uw,uw
2025-01-24T23:18:22.100Z,38.811500549316,-122.83100128174,1.4099999666214,0.9,md,8,120,0.00299,0.01,nc,nc75122461,2025-01-24T23:19:58.226Z,"8 km NW of The Geysers, CA",earthquake,0.64,1.13,0.15,8,automatic,nc,nc
2025-01-24T23:17:57.810Z,38.811500549316,-122.83100128174,1.3400000333786,0.77,md,7,120,0.00299,0.01,nc,nc75122456,2025-01-24T23:19:33.332Z,"8 km NW of The Geysers, CA",earthquake,0.47,0.949999988,0.2,8,automatic,nc,nc
2025-01-24T23:17:55.220Z,46.572166666667,-122.54766666667,6.71,1,ml,14,276,0.02064,0.15,uw,uw62072166,2025-01-27T18:47:42.430Z,"6 km NW of Mossyrock, Washington",earthquake,0.63,0.88,0.33774530792657,5,reviewed,uw,uw
2025-01-24T23:03:45.240Z,61.28,-152.25333333333,2,-0.56,ml,5,194,0.04969,0.15,av,av93470086,2025-01-25T03:49:15.970Z,"64 km WNW of Tyonek, Alaska",earthquake,0.76,1.63,0.14411784446607,5,reviewed,av,av
2025-01-24T22:43:02.540Z,61.2765,-152.2525,2.64,-0.67,ml,5,234,0.04838,0.16,av,av93470061,2025-01-25T03:44:49.640Z,"64 km WNW of Tyonek, Alaska",earthquake,1.1,1.35,0.25808435951469,5,reviewed,av,av
2025-01-24T22:39:40.270Z,19.479166666667,-65.153166666667,51.36,3.44,md,14,296,1.136,0.36,pr,pr71471398,2025-01-25T03:14:43.040Z,"128 km N of Charlotte Amalie, U.S. Virgin Islands",earthquake,3.94,15.01,0.10080169009216,7,reviewed,pr,pr
2025-01-24T22:31:55.610Z,61.276166666667,-152.2565,4.75,-0.73,ml,7,188,0.0502,0.15,av,av93470041,2025-01-25T03:42:33.910Z,"64 km WNW of Tyonek, Alaska",earthquake,0.6,1.57,0.15052675076525,7,reviewed,av,av
2025-01-24T22:31:27.030Z,38.835666656494,-122.78866577148,2.2699999809265,0.27,md,7,82,0.003036,0.02,nc,nc75122446,2025-01-24T22:33:03.250Z,"6 km WNW of Cobb, CA",earthquake,0.54,1.07000005,0.18,7,automatic,nc,nc
2025-01-24T22:29:28.850Z,48.099166666667,-121.95016666667,-0.28,1.63,ml,19,95,0.01406,0.41,uw,uw62072151,2025-01-25T06:29:56.356Z,"2 km NE of Granite Falls, Washington",explosion,0.96,31.61,0.10602489867816,11,reviewed,uw,uw
2025-01-24T22:27:17.030Z,61.266666666667,-152.24,3.8,0.26,ml,7,172,0.04109,0.09,av,av93470036,2025-01-25T03:40:13.150Z,"63 km WNW of Tyonek, Alaska",earthquake,0.4,0.3,0.19551539652608,8,reviewed,av,av
2025-01-24T22:23:32.770Z,38.841167449951,-122.81066894531,2.1099998950958,0.21,md,9,73,0.01672,0.01,nc,nc75122436,2025-01-24T22:25:07.893Z,"8 km WNW of Cobb, CA",earthquake,0.45,1.46000004,0.07,9,automatic,nc,nc
2025-01-24T22:20:48.500Z,33.3208333,-118.2886667,0.28,1.31,ml,6,207,0.04102,0.07,ci,ci41035800,2025-01-28T19:05:21.713Z,"4 km SE of Avalon, CA",earthquake,0.89,1.15,0.352,2,reviewed,ci,ci
2025-01-24T22:19:33.657Z,32.4,-101.74,4.4678,1.4,ml,18,59,0,0.1,tx,tx2025brsr,2025-01-27T21:46:12.280Z,"14 km S of Ackerly, Texas",earthquake,0.64103291715292,0.95781839095988,0.2,9,reviewed,tx,tx
2025-01-24T22:12:06.070Z,33.243,-116.6593333,10.6,0.68,ml,23,75,0.04489,0.17,ci,ci41035792,2025-01-28T18:46:07.940Z,"5 km SSW of Warner Springs, CA",earthquake,0.29,0.42,0.101,19,reviewed,ci,ci
2025-01-24T22:02:47.940Z,33.059,-115.0055,-0.24,1.52,ml,11,82,0.08955,0.24,ci,ci41035776,2025-01-28T18:24:55.545Z,"44 km NE of Holtville, CA",quarry blast,0.59,31.61,0.12,14,reviewed,ci,ci
2025-01-24T22:02:19.200Z,33.6688333,-116.7258333,14.12,0.99,ml,29,61,0.04662,0.12,ci,ci41035760,2025-01-24T23:54:01.520Z,"8 km S of Idyllwild, CA",earthquake,0.19,0.31,0.23,30,reviewed,ci,ci
2025-01-24T22:01:56.527Z,23.161,120.4274,10,4.9,mb,66,72,0.232,0.9,us,us6000pm7g,2025-01-25T12:10:59.811Z,"5 km NW of Yujing, Taiwan",earthquake,3.38,1.824,0.057,96,reviewed,us,us
2025-01-24T21:57:11.380Z,38.818833333333,-123.002,6.11,1,md,38,68,0.0505,0.05,nc,nc75122431,2025-01-29T10:22:42.598Z,"2 km NE of Cloverdale, CA",earthquake,0.16,0.39,0.229,34,reviewed,nc,nc
2025-01-24T21:52:14.230Z,38.816501617432,-122.70483398438,5.6399998664856,0.82,md,6,170,0.06897,0.02,nc,nc75122426,2025-01-24T21:53:53.945Z,"2 km ESE of Cobb, CA",earthquake,1.8,6.61999989,0.23,5,automatic,nc,nc
2025-01-24T21:50:36.430Z,31.564,-104.181,6.4075,1.9,ml,28,63,0,0.1,tx,tx2025brru,2025-01-27T22:38:36.978Z,"46 km NW of Toyah, Texas",earthquake,0.79976500945418,0.74716078628226,0.1,14,reviewed,tx,tx
2025-01-24T21:47:54.960Z,38.823833465576,-122.84300231934,1.9500000476837,0.87,md,9,147,0.006269,0.02,nc,nc75122416,2025-01-24T21:49:31.954Z,"9 km NW of The Geysers, CA",earthquake,0.48,0.810000002,0.15,12,automatic,nc,nc
2025-01-24T21:41:06.705Z,39.0885,-119.0202,4.7,1.4,ml,16,64.28,0.057,0.1444,nn,nn00892481,2025-01-24T23:39:53.287Z,"16 km NE of Yerington, Nevada",earthquake,,1.5,0.12,10,reviewed,nn,nn
2025-01-24T21:39:42.090Z,38.837166666667,-122.808,2.29,0.41,md,25,52,0.01384,0.02,nc,nc75122406,2025-01-27T20:04:20.672Z,"8 km WNW of Cobb, CA",earthquake,0.17,0.38,0.122,25,reviewed,nc,nc
2025-01-24T21:34:06.440Z,44.758166666667,-110.80816666667,6.91,1.34,ml,20,88,0.07563,0.15,uu,uu80100031,2025-01-27T16:13:57.820Z,"25 km SSW of Mammoth, Wyoming",earthquake,0.31,1.1,0.50345641788629,3,reviewed,uu,uu
2025-01-24T21:27:27.480Z,38.818332672119,-122.82199859619,2.3499999046326,1.3,md,22,48,0.0106,0.01,nc,nc75122401,2025-01-24T21:29:01.781Z,"7 km NW of The Geysers, CA",earthquake,0.2,0.400000006,0.15,22,automatic,nc,nc
2025-01-24T21:22:43.387Z,27.4304,54.2536,10,4,mb,36,101,3.032,0.94,us,us6000pm7b,2025-01-25T03:00:38.040Z,"28 km SSE of Gerāsh, Iran",earthquake,9.8,1.924,0.118,19,reviewed,us,us
2025-01-24T21:15:50.270Z,36.612666666667,-121.21716666667,6.52,0.85,md,15,128,0.04822,0.07,nc,nc75122396,2025-01-30T11:27:16.568Z,"11 km NNW of Pinnacles, CA",earthquake,0.35,0.56,0.243,13,reviewed,nc,nc
2025-01-24T21:15:47.835Z,63.0059,-150.9309,128.9,2.4,ml,,,,0.29,ak,ak025141hqzj,2025-01-24T22:55:20.040Z,"57 km N of Petersville, Alaska",earthquake,,0.9,,,automatic,ak,ak
2025-01-24T21:08:37.260Z,38.814666748047,-122.82483673096,2.7000000476837,0.77,md,13,86,0.00671,0.01,nc,nc75122386,2025-01-24T21:10:12.548Z,"7 km NW of The Geysers, CA",earthquake,0.45,1.00999999,0.14,13,automatic,nc,nc
2025-01-24T21:07:37.460Z,33.1755,-116.0475,4.85,1.14,ml,32,38,0.05854,0.19,ci,ci41035664,2025-01-28T18:12:29.993Z,"9 km ENE of Ocotillo Wells, CA",earthquake,0.22,0.5,0.145,28,reviewed,ci,ci
2025-01-24T21:07:25.330Z,33.1766667,-116.0463333,5.14,1.04,ml,33,60,0.05761,0.16,ci,ci41035656,2025-01-28T17:57:06.001Z,"9 km ENE of Ocotillo Wells, CA",earthquake,0.19,0.47,0.17,17,reviewed,ci,ci
2025-01-24T21:06:26.620Z,35.887333333333,-121.212,6.93,0.98,md,16,119,0.133,0.12,nc,nc75122391,2025-01-25T04:17:03.482Z,"27 km N of San Simeon, CA",earthquake,0.39,0.95,0.23,12,reviewed,nc,nc
2025-01-24T21:02:06.840Z,34.5188333,-119.1378333,5.71,0.96,ml,12,95,0.08171,0.17,ci,ci41035632,2025-01-28T17:43:05.301Z,"12 km NE of Ojai, CA",earthquake,0.3,1.63,0.119,13,reviewed,ci,ci
2025-01-24T21:00:25.493Z,-24.027,-179.9804,523.859,4.2,mb,18,105,5.511,0.67,us,us6000pm73,2025-01-25T02:34:19.040Z,"south of the Fiji Islands",earthquake,17.42,6.106,0.132,16,reviewed,us,us
2025-01-24T20:48:15.300Z,34.0116667,-117.2055,5.87,0.85,ml,25,85,0.06965,0.18,ci,ci41035616,2025-01-28T17:38:17.156Z,"5 km SSW of Redlands, CA",earthquake,0.27,1,0.166,21,reviewed,ci,ci
2025-01-24T20:43:53.692Z,52.3985,-174.2405,6.667,3.1,ml,11,171,0.017,0.92,us,us6000pm8l,2025-01-28T16:52:37.040Z,"22 km N of Atka, Alaska",earthquake,3.92,4.088,0.115,10,reviewed,us,us
2025-01-24T20:38:35.810Z,54.537833333333,-163.52366666667,7.53,1.57,ml,4,333,0.1665,0.24,av,av93030794,2025-01-25T03:27:09.600Z,"35 km SSW of False Pass, Alaska",earthquake,2,3.88,0.2133081811485,4,reviewed,av,av
2025-01-24T20:38:15.450Z,35.0583333,-118.3383333,-0.94,0.97,ml,24,42,0.06763,0.2,ci,ci41035584,2025-01-28T01:35:01.507Z,"13 km SE of Tehachapi, CA",quarry blast,0.42,31.61,0.101,17,reviewed,ci,ci
2025-01-24T20:24:25.848Z,36.9775,-116.3253,4.2,0.2,ml,28,58.04,0.067,0.1072,nn,nn00892476,2025-01-24T22:53:09.037Z,"39 km E of Beatty, Nevada",earthquake,,1.2,0.43,8,reviewed,nn,nn
2025-01-24T20:16:26.938Z,8.5089,-40.3326,10,4.4,mb,16,237,12.681,0.37,us,us6000pm70,2025-01-24T22:05:34.040Z,"central Mid-Atlantic Ridge",earthquake,16.66,1.999,0.143,17,reviewed,us,us
2025-01-24T20:14:08.386Z,31.66,-104.443,5.5872,1.8,ml,27,67,0,0.2,tx,tx2025broq,2025-01-27T21:38:16.237Z,"57 km S of Whites City, New Mexico",earthquake,1.236921003607,0.85186395136148,0.1,14,reviewed,tx,tx
2025-01-24T20:01:26.560Z,46.011666666667,-112.44816666667,-2,1.48,ml,10,87,0.07562,0.09,mb,mb90071588,2025-01-25T15:26:33.270Z,"6 km E of Butte, Montana",quarry blast,0.37,31.61,0.24573133831005,8,reviewed,mb,mb
2025-01-24T19:58:06.180Z,45.656,-112.05666666667,4.97,0.17,ml,6,92,0.2209,0.08,mb,mb90071723,2025-01-28T16:25:37.010Z,"12 km W of Pony, Montana",earthquake,0.31,7.19,0.05552859519642,3,reviewed,mb,mb
2025-01-24T19:51:24.770Z,35.0435,-117.668,-0.79,1.38,ml,24,96,0.1113,0.15,ci,ci41035512,2025-01-28T01:26:11.495Z,"5 km NNW of Boron, CA",quarry blast,0.36,31.61,0.164,27,reviewed,ci,ci
2025-01-24T19:50:27.270Z,38.009666666667,-122.2815,7.25,0.87,md,19,60,0.007541,0.09,nc,nc75122356,2025-01-30T07:05:56.706Z,"1 km SSE of Hercules, CA",earthquake,0.25,0.39,0.084,9,reviewed,nc,nc
2025-01-24T19:45:26.670Z,18.128,-66.4393,142,3.49,md,18,125,0.1496,0.1,pr,pr2025024000,2025-01-24T20:11:19.913Z,"5 km E of Villalba, Puerto Rico",earthquake,1.08,0.38,0.17,8,reviewed,pr,pr
2025-01-24T19:33:06.960Z,38.823666666667,-122.78533333333,1.58,-0.32,md,4,147,0.01383,0.01,nc,nc75122351,2025-01-26T21:48:21.295Z,"5 km WNW of Cobb, CA",earthquake,0.71,1.29,0.108,4,reviewed,nc,nc
2025-01-24T19:31:40.570Z,61.180333333333,-152.2435,2.77,-0.39,ml,5,200,0.04915,0.12,av,av93469761,2025-01-25T03:03:58.070Z,"60 km WNW of Tyonek, Alaska",earthquake,0.63,1.59,0.1487728769648,5,reviewed,av,av
2025-01-24T19:28:46.140Z,36.1063333,-117.8426667,4.43,0.11,ml,6,117,0.01495,0.08,ci,ci41035504,2025-01-28T18:48:53.477Z,"12 km NE of Coso Junction, CA",earthquake,0.39,0.46,0.231,5,reviewed,ci,ci
2025-01-24T19:19:59.360Z,33.5253333,-116.5258333,15.23,0.68,ml,23,53,0.07074,0.15,ci,ci41035488,2025-01-27T19:13:58.319Z,"14 km ESE of Anza, CA",earthquake,0.24,0.5,0.168,15,reviewed,ci,ci
2025-01-24T19:19:40.290Z,46.258833333333,-119.65316666667,-0.42,1.56,ml,9,265,0.1419,0.07,uw,uw62072121,2025-01-24T20:30:21.970Z,"10 km ENE of Prosser, Washington",explosion,0.45,31.61,0.16703313393303,5,reviewed,uw,uw
2025-01-24T19:15:05.250Z,18.1405,-66.810666666667,24.12,2.35,md,7,96,0.177,0.1,pr,pr71471373,2025-01-24T19:44:29.520Z,"9 km WSW of Adjuntas, Puerto Rico",earthquake,0.56,1.4,0.12031620641048,5,reviewed,pr,pr
2025-01-24T19:08:47.440Z,38.792499542236,-122.72666931152,1.460000038147,1.06,md,14,94,0.02707,0.03,nc,nc75122341,2025-01-24T19:10:25.528Z,"3 km ENE of The Geysers, CA",earthquake,0.27,0.730000019,0.21,12,automatic,nc,nc
2025-01-24T19:00:47.600Z,34.4393333,-117.9215,10.51,1.31,ml,27,49,0.02962,0.16,ci,ci41035448,2025-01-24T23:55:13.437Z,"8 km S of Pearblossom, CA",earthquake,0.21,0.36,0.395,32,reviewed,ci,ci
2025-01-24T18:55:20.310Z,35.6868333,-117.533,6.95,0.95,ml,20,72,0.09158,0.14,ci,ci41035440,2025-01-27T18:14:28.966Z,"15 km SW of Searles Valley, CA",earthquake,0.21,0.77,0.088,8,reviewed,ci,ci
2025-01-24T18:55:15.907Z,81.5539,-3.9623,10,4.5,mb,127,33,1.869,0.56,us,us6000pm62,2025-01-24T21:55:08.040Z,"north of Svalbard",earthquake,5.02,1.87,0.051,118,reviewed,us,us
2025-01-24T18:38:30.985Z,63.0072,-146.5577,250,2.2,ml,,,,0.93,ak,ak02513zucca,2025-01-24T18:52:25.983Z,"48 km WSW of Paxson, Alaska",earthquake,,7.1,,,automatic,ak,ak
2025-01-24T18:36:22.780Z,38.786666870117,-122.76916503906,1.789999961853,1.36,md,27,81,0.01577,0.05,nc,nc75122336,2025-01-24T18:38:01.657Z,"2 km NW of The Geysers, CA",earthquake,0.24,0.389999986,0.14,29,automatic,nc,nc
2025-01-24T18:26:51.855Z,-3.9254,150.7678,10,5.7,mww,154,24,1.417,0.56,us,us6000pm5y,2025-01-28T16:50:55.771Z,"149 km S of Kavieng, Papua New Guinea",earthquake,6.02,1.751,0.054,33,reviewed,us,us
2025-01-24T18:25:05.430Z,34.3448333,-116.8828333,-1.75,1.25,ml,24,47,0.04592,0.19,ci,ci41035408,2025-01-28T19:22:41.900Z,"10 km NNW of Big Bear City, CA",quarry blast,0.35,31.61,0.137,25,reviewed,ci,ci
2025-01-24T18:23:34.426Z,38.1706,-117.8642,9.4,1,ml,8,100.63,0.099,0.1488,nn,nn00892471,2025-01-24T20:31:07.647Z,"32 km SE of Mina, Nevada",earthquake,,3.3,0.17,3,reviewed,nn,nn
2025-01-24T18:22:53.320Z,47.3215,-116.8295,-0.83,1.58,md,4,141,0.3423,0.28,uw,uw62072111,2025-01-27T21:45:31.032Z,"4 km ESE of Plummer, Idaho",explosion,0.98,31.61,0.35967558169467,4,reviewed,uw,uw
2025-01-24T18:12:37.032Z,32.445,-101.682,7.251,1.3,ml,18,58,0.1,0.1,tx,tx2025brkp,2025-01-24T20:12:06.836Z,"9 km SSE of Ackerly, Texas",earthquake,0.53706441979934,0.78880635677983,0.2,17,reviewed,tx,tx
2025-01-24T18:08:10.739Z,31.129,-103.257,3.844,2.2,ml,13,66,0,0.1,tx,tx2025brkm,2025-01-24T19:03:53.404Z,"22 km SW of Coyanosa, Texas",earthquake,1.2337229456264,1.3518160406884,0.2,12,reviewed,tx,tx
2025-01-24T18:06:22.297Z,61.6398,-149.5822,19.9,2,ml,,,,0.92,ak,ak02513zngrg,2025-01-24T20:26:42.040Z,"1 km NNE of Meadow Lakes, Alaska",earthquake,,0.4,,,automatic,ak,ak
2025-01-24T18:05:40.100Z,58.297666666667,-154.985,3.7,0,ml,5,143,0.04132,0.11,av,av93030789,2025-01-25T02:43:56.530Z,"87 km NNW of Karluk, Alaska",earthquake,0.42,0.83,0.22033560911183,5,reviewed,av,av
2025-01-24T18:04:43.690Z,46.195666666667,-122.18866666667,7.26,0.02,ml,11,100,0.004387,0.1,uw,uw62072091,2025-01-24T20:33:32.910Z,"37 km NNE of Amboy, Washington",earthquake,0.4,0.56,0.11675920749993,3,reviewed,uw,uw
2025-01-24T18:02:24.783Z,40.941,-74.0552,7.658,2.4,mb_lg,52,82,0.129,0.6,us,us6000pm5s,2025-01-29T19:15:49.659Z,"1 km ESE of Paramus, New Jersey",earthquake,1.3,4.838,0.147,12,reviewed,us,us
2025-01-24T17:58:12.120Z,47.593,-122.74983333333,27.09,0.85,ml,6,253,0.05851,0.16,uw,uw62072086,2025-01-24T18:25:53.390Z,"3 km SW of Chico, Washington",earthquake,1.23,1,0.17617880959302,3,reviewed,uw,uw
2025-01-24T17:57:52.050Z,36.450166666667,-120.99083333333,10.38,1.74,md,33,83,0.05437,0.14,nc,nc75122331,2025-01-30T06:54:53.718Z,"16 km SE of Pinnacles, CA",earthquake,0.3,0.52,0.291,28,reviewed,nc,nc
2025-01-24T17:47:13.078Z,2.7218,128.5886,220.027,4.2,mb,40,131,2.29,0.73,us,us6000pm5n,2025-01-24T20:04:08.040Z,"127 km NNE of Tobelo, Indonesia",earthquake,10.4,9.056,0.093,35,reviewed,us,us
2025-01-24T17:42:56.138Z,34.5687,59.9322,10,4.1,mb,43,94,8.292,0.54,us,us6000pm5l,2025-01-24T19:54:10.040Z,"79 km WSW of Tāybād, Iran",earthquake,9.41,1.923,0.098,28,reviewed,us,us
2025-01-24T17:30:30.650Z,61.188,-152.28416666667,0.87,-0.62,ml,4,193,0.02805,0.05,av,av93469686,2025-01-25T02:38:05.800Z,"63 km WNW of Tyonek, Alaska",earthquake,0.57,1.64,0.16341086702493,4,reviewed,av,av
2025-01-24T17:15:40.722Z,59.2915,-151.6342,44.4,2.4,ml,,,,0.39,ak,ak02513z400o,2025-01-24T19:23:55.040Z,"12 km ESE of Port Graham, Alaska",earthquake,,1.3,,,automatic,ak,ak
2025-01-24T17:10:46.740Z,35.3098333,-118.589,3.94,2.14,ml,46,33,0.1133,0.19,ci,ci41035344,2025-01-24T23:56:05.780Z,"24 km NNW of Tehachapi, CA",earthquake,0.16,0.7,0.199,26,reviewed,ci,ci
2025-01-24T17:03:50.549Z,35.9055,-95.1675,0,1.43,ml,39,106,0.5066005877,0.43,ok,ok2025brii,2025-01-27T13:59:44.646Z,"3 km SW of Hulbert, Oklahoma",quarry blast,,0.5,0.16,14,reviewed,ok,ok
2025-01-24T17:01:20.100Z,38.826831817627,-122.80400085449,1.8500000238419,1.02,md,23,36,0.005855,0.02,nc,nc75122306,2025-01-24T17:02:55.811Z,"7 km NNW of The Geysers, CA",earthquake,0.21,0.389999986,0.23,22,automatic,nc,nc
2025-01-24T16:59:33.669Z,64.2499,-148.0304,13.8,1.1,ml,,,,0.35,ak,ak02513yrzdi,2025-01-24T17:01:30.236Z,"56 km E of Clear, Alaska",earthquake,,0.5,,,automatic,ak,ak
2025-01-24T16:54:55.140Z,46.348833333333,-113.36433333333,4.69,1.01,ml,9,123,0.6221,0.18,mb,mb90071718,2025-01-28T16:11:23.050Z,"5 km WNW of Philipsburg, Montana",earthquake,0.53,4.92,0.14691959648338,8,reviewed,mb,mb
2025-01-24T16:43:37.660Z,38.835834503174,-122.81632995606,1.9099999666214,1.05,md,21,63,0.01335,0.02,nc,nc75122286,2025-01-24T16:45:14.944Z,"8 km WNW of Cobb, CA",earthquake,0.22,0.449999988,0.1,21,automatic,nc,nc
2025-01-24T16:41:33.650Z,37.4885,-121.54183333333,8.53,0.87,md,12,72,0.04982,0.05,nc,nc75122291,2025-01-25T04:13:31.953Z,"29 km ENE of Alum Rock, CA",earthquake,0.27,0.57,0.256,10,reviewed,nc,nc
2025-01-24T16:41:14.790Z,38.792835235596,-122.75633239746,0.75999999046326,1.11,md,16,84,0.01807,0.03,nc,nc75122281,2025-01-24T16:42:49.577Z,"2 km NNE of The Geysers, CA",earthquake,0.23,0.550000012,0.09,15,automatic,nc,nc
2025-01-24T16:27:02.690Z,38.796,-122.77666666667,3.17,0.36,md,20,75,0.009233,0.02,nc,nc75122266,2025-01-27T20:00:19.106Z,"3 km NNW of The Geysers, CA",earthquake,0.25,0.39,0.191,18,reviewed,nc,nc
2025-01-24T16:25:28.482Z,60.6587,-150.3054,35.1,1.8,ml,,,,0.28,ak,ak02513ykomo,2025-01-24T16:27:23.921Z,"28 km ENE of Sterling, Alaska",earthquake,,1.1,,,automatic,ak,ak
2025-01-24T16:25:10.110Z,34.075,-117.2761667,12.87,0.81,ml,30,62,0.1101,0.27,ci,ci41035312,2025-01-27T19:50:48.940Z,"3 km NNW of Loma Linda, CA",earthquake,0.36,0.91,0.228,13,reviewed,ci,ci
2025-01-24T16:21:08.780Z,38.787998199463,-122.76999664307,1,1.27,md,22,81,0.01493,0.04,nc,nc75122256,2025-01-24T16:22:45.728Z,"2 km NNW of The Geysers, CA",earthquake,0.2,0.389999986,0.19,24,automatic,nc,nc
2025-01-24T16:19:04.914Z,-18.1024,-69.411,126.858,5.3,mww,62,56,0.924,0.9,us,us6000pm4b,2025-01-24T18:09:49.884Z,"68 km ESE of Palca, Peru",earthquake,7.81,6.69,0.078,16,reviewed,us,us
2025-01-24T16:15:12.300Z,58.330666666667,-154.876,5.97,0.11,ml,10,149,0.06562,0.2,av,av93469616,2025-01-25T02:20:07.410Z,"88 km NNW of Karluk, Alaska",earthquake,0.58,1.05,0.21705716591277,10,reviewed,av,av
2025-01-24T16:13:32.220Z,32.603,-117.468,13.43,1.81,ml,26,230,0.2399,0.15,ci,ci41035296,2025-01-27T19:41:11.787Z,"28 km WSW of Coronado, CA",earthquake,0.42,1.01,0.153,39,reviewed,ci,ci
2025-01-24T16:12:19.432Z,32.413,-101.4,6.1523,1.5,ml,26,59,0,0.1,tx,tx2025brgq,2025-01-24T20:07:10.797Z,"15 km NNW of Sand Springs, Texas",earthquake,0.40259085637523,0.63565063412442,0.1,23,reviewed,tx,tx
2025-01-24T16:06:28.958Z,63.0632,-149.8628,74.8,2.1,ml,,,,0.5,ak,ak02513ygm27,2025-01-24T16:08:42.468Z,"58 km SW of Cantwell, Alaska",earthquake,,0.6,,,automatic,ak,ak
2025-01-24T16:05:16.091Z,-10.1892,164.1035,83.562,4.6,mb,19,228,4.163,1.07,us,us6000pm46,2025-01-24T16:22:55.040Z,"194 km WNW of Lata, Solomon Islands",earthquake,14.61,14.138,0.122,20,reviewed,us,us
2025-01-24T15:51:48.288Z,28.104,52.3599,10,4.7,mb,40,103,4.664,0.71,us,us6000pm3b,2025-01-25T04:42:04.771Z,"79 km NW of Mohr, Iran",earthquake,8.09,1.803,0.07,62,reviewed,us,us
2025-01-24T15:23:20.250Z,34.0453333,-117.1331667,6.52,1.14,ml,41,47,0.01985,0.18,ci,ci41035264,2025-01-27T19:36:22.368Z,"3 km S of Mentone, CA",earthquake,0.17,0.34,0.136,44,reviewed,ci,ci
2025-01-24T15:19:07.300Z,38.741333333333,-122.9695,4.72,0.99,md,41,63,0.04513,0.06,nc,nc75122231,2025-01-26T21:46:20.587Z,"8 km SSE of Cloverdale, CA",earthquake,0.18,0.55,0.188,35,reviewed,nc,nc
2025-01-24T15:18:04.930Z,58.327,-154.879,3.6,-0.01,ml,5,175,0.06952,0.09,av,av93030784,2025-01-25T02:29:59.160Z,"88 km NNW of Karluk, Alaska",earthquake,0.56,1.01,0.14038683299605,5,reviewed,av,av
2025-01-24T15:17:15.550Z,33.9506667,-118.5006667,11.06,2.27,ml,57,124,0.05457,0.24,ci,ci41035256,2025-01-27T19:53:24.110Z,"6 km SW of Marina del Rey, CA",earthquake,0.25,0.39,0.146,129,reviewed,ci,ci
2025-01-24T15:07:34.000Z,33.8763333,-117.7846667,10.67,1.36,ml,37,72,0.04802,0.2,ci,ci41035232,2025-01-27T18:12:20.429Z,"3 km ESE of Yorba Linda, CA",earthquake,0.27,0.4,0.197,41,reviewed,ci,ci
2025-01-24T14:55:29.970Z,38.833999633789,-122.81733703613,1.9700000286102,0.94,md,18,60,0.01201,0.01,nc,nc75122221,2025-01-24T14:57:07.992Z,"8 km NNW of The Geysers, CA",earthquake,0.22,0.600000024,0.18,20,automatic,nc,nc
2025-01-24T14:49:42.750Z,38.801666259766,-122.73699951172,1.7000000476837,1.26,md,18,109,0.01778,0.03,nc,nc75122216,2025-01-24T14:51:17.799Z,"3 km SW of Cobb, CA",earthquake,0.27,0.469999999,0.14,18,automatic,nc,nc
2025-01-24T14:48:01.210Z,35.3825,-118.2208333,7.07,0.89,ml,23,74,0.1672,0.14,ci,ci41035208,2025-01-25T00:04:21.900Z,"34 km SE of Bodfish, CA",earthquake,0.21,1.7,0.164,16,reviewed,ci,ci
2025-01-24T14:34:50.570Z,33.0956667,-116.5911667,8.02,0.85,ml,37,57,0.0156,0.2,ci,ci41035192,2025-01-24T16:18:45.823Z,"2 km NNE of Julian, CA",earthquake,0.23,0.63,0.196,23,reviewed,ci,ci
2025-01-24T14:33:40.900Z,60.4156,-142.6332,16.7,1.6,ml,,,,0.71,ak,ak02513xfk3u,2025-01-24T16:13:57.983Z,"114 km S of McCarthy, Alaska",earthquake,,0.3,,,automatic,ak,ak
2025-01-24T14:33:20.420Z,61.196333333333,-152.2855,1.81,0.17,ml,6,133,0.02636,0.11,av,av93469581,2025-01-25T02:13:29.610Z,"63 km WNW of Tyonek, Alaska",earthquake,0.5,0.81,0.16947737755164,6,reviewed,av,av
2025-01-24T14:16:56.533Z,62.9831,-151.1997,130.4,2.2,ml,,,,0.46,ak,ak02513xby51,2025-01-24T14:19:28.325Z,"58 km NNW of Petersville, Alaska",earthquake,,1.2,,,automatic,ak,ak
2025-01-24T14:13:16.240Z,36.957666666667,-121.7115,3.76,1.09,md,21,48,0.0479,0.11,nc,nc75122206,2025-01-30T05:45:34.358Z,"2 km E of Interlaken, CA",earthquake,0.22,0.48,0.153,17,reviewed,nc,nc
2025-01-24T14:09:45.230Z,38.83483505249,-122.88166809082,3.039999961853,0.77,md,12,125,0.003659,0.02,nc,nc75122201,2025-01-24T14:11:23.650Z,"12 km E of Cloverdale, CA",earthquake,0.46,0.589999974,0.16,13,automatic,nc,nc
2025-01-24T14:08:31.070Z,61.269333333333,-152.236,4.31,0.05,ml,5,222,0.03933,0.13,av,av93469561,2025-01-25T01:28:21.940Z,"63 km WNW of Tyonek, Alaska",earthquake,0.71,0.79,0.22760795261231,6,reviewed,av,av
2025-01-24T14:06:27.278Z,9.0548,40.0856,10,4.4,mb,22,119,3.665,0.87,us,us6000pm1j,2025-01-24T18:00:33.902Z,"11 km NW of Āwash, Ethiopia",earthquake,11.4,1.946,0.127,21,reviewed,us,us
2025-01-24T13:54:27.872Z,9.2654,40.2474,10,4.7,mb,34,230,3.406,0.68,us,us6000pm1e,2025-01-25T12:19:00.502Z,"32 km NNE of Āwash, Ethiopia",earthquake,12.05,1.985,0.11,25,reviewed,us,us
2025-01-24T13:44:31.912Z,37.386,-117.1178,6.2,1,ml,16,147.22,0.142,0.1495,nn,nn00892462,2025-01-24T19:23:06.074Z,"37 km SSE of Goldfield, Nevada",earthquake,,3.2,0.19,7,reviewed,nn,nn
2025-01-24T13:44:09.650Z,53.8515,-166.5205,8.86,0.06,ml,6,163,0.01139,0.09,av,av93030779,2025-01-25T01:24:55.900Z,"2 km SSE of Unalaska, Alaska",earthquake,0.45,0.63,0.33206646235171,6,reviewed,av,av
2025-01-24T13:39:00.913Z,41.8071,19.316,10,4.2,mb,36,81,0.616,1.17,us,us6000pm1c,2025-01-25T04:39:54.183Z,"15 km SSE of Ulcinj, Montenegro",earthquake,2.53,1.945,0.125,18,reviewed,us,us
2025-01-24T13:37:10.950Z,-4.0779,121.79,10,4.8,mww,64,34,3.171,0.88,us,us6000pm1b,2025-01-27T04:09:43.965Z,"81 km W of Kendari, Indonesia",earthquake,6.76,1.858,0.075,17,reviewed,us,us
2025-01-24T13:22:41.050Z,38.1245,-122.4365,9.6,1.67,md,69,26,0.02173,0.12,nc,nc75122196,2025-01-26T21:33:58.020Z,"7 km E of Black Point-Green Point, CA",earthquake,0.13,0.29,0.28,50,reviewed,nc,nc
2025-01-24T13:18:32.030Z,33.6623333,-116.7291667,14.61,0.3,ml,19,67,0.04664,0.11,ci,ci41035128,2025-01-27T18:02:52.701Z,"9 km S of Idyllwild, CA",earthquake,0.23,0.35,0.141,7,reviewed,ci,ci
2025-01-24T13:16:25.260Z,38.78783416748,-122.76416778565,1.6900000572205,1.04,md,19,70,0.01324,0.02,nc,nc75122191,2025-01-24T13:18:03.225Z,"1 km NNW of The Geysers, CA",earthquake,0.24,0.439999998,0.22,18,automatic,nc,nc
2025-01-24T13:03:52.560Z,35.12933333,-98.073,10.59,2.34,ml,83,53,0.08818269555,0.26,ok,ok2025bral,2025-01-25T09:54:57.893Z,"5 km NNE of Verden, Oklahoma",earthquake,,1.1,0.2,38,reviewed,ok,ok
2025-01-24T12:57:16.890Z,38.832832336426,-122.81999969482,2.0599999427795,0.76,md,13,58,0.0122,0.01,nc,nc75122186,2025-01-24T12:58:54.114Z,"8 km NNW of The Geysers, CA",earthquake,0.29,1.00999999,0.18,14,automatic,nc,nc
2025-01-24T12:57:16.560Z,63.7774,-148.639,56.6,1.4,ml,,,,0.55,ak,ak02513wds7y,2025-01-24T13:00:03.160Z,"14 km ENE of Denali Park, Alaska",earthquake,,2.3,,,automatic,ak,ak
2025-01-24T12:53:53.590Z,35.3408333,-117.7981667,6.73,0.94,ml,28,96,0.08297,0.16,ci,ci41035112,2025-01-27T18:01:22.890Z,"15 km WSW of Johannesburg, CA",earthquake,0.22,0.46,0.167,15,reviewed,ci,ci
2025-01-24T12:43:53.960Z,60.477166666667,-153.06683333333,9.27,-0.04,ml,8,287,0.109,0.06,av,av93469496,2025-01-25T01:18:34.130Z,"75 km ENE of Port Alsworth, Alaska",earthquake,0.46,0.76,0.18060497423028,8,reviewed,av,av
2025-01-24T12:40:36.210Z,38.8125,-122.82333374023,2.1099998950958,0.92,md,20,57,0.005831,0.02,nc,nc75122181,2025-01-24T12:42:13.160Z,"7 km NW of The Geysers, CA",earthquake,0.21,0.430000007,0.21,21,automatic,nc,nc
2025-01-24T12:28:50.850Z,36.1461667,-117.8573333,8.73,0.91,ml,21,59,0.0286,0.15,ci,ci41035096,2025-01-25T00:04:48.288Z,"14 km NE of Coso Junction, CA",earthquake,0.29,0.46,0.167,11,reviewed,ci,ci
2025-01-24T12:17:50.840Z,38.82483291626,-122.8450012207,1.8500000238419,0.58,md,8,144,0.007975,0,nc,nc75122171,2025-01-24T12:19:28.875Z,"9 km NW of The Geysers, CA",earthquake,0.61,0.670000017,0.24,10,automatic,nc,nc
2025-01-24T12:10:01.120Z,33.4686667,-116.479,9.83,0.46,ml,22,63,0.1062,0.16,ci,ci41035088,2025-01-25T00:04:49.345Z,"20 km ESE of Anza, CA",earthquake,0.23,0.59,0.114,11,reviewed,ci,ci
2025-01-24T12:05:11.360Z,36.151,-117.857,9.28,0.74,ml,20,58,0.0334,0.14,ci,ci41035072,2025-01-27T17:55:49.857Z,"14 km NE of Coso Junction, CA",earthquake,0.23,0.4,0.163,7,reviewed,ci,ci
2025-01-24T11:57:10.389Z,39.1168,-119.0505,5.4,1.2,ml,17,88.59,0.023,0.1342,nn,nn00892460,2025-01-24T18:58:20.912Z,"17 km NE of Yerington, Nevada",earthquake,,0.9,0.24,10,reviewed,nn,nn
2025-01-24T11:53:12.060Z,34.3091667,-116.455,6.96,1.16,ml,37,49,0.06251,0.14,ci,ci41035064,2025-01-25T00:05:02.346Z,"22 km N of Yucca Valley, CA",earthquake,0.14,0.45,0.17,27,reviewed,ci,ci
2025-01-24T11:46:21.840Z,61.191833333333,-152.28283333333,1.69,0.14,ml,6,120,0.0279,0.15,av,av93469456,2025-01-25T01:04:00.170Z,"63 km WNW of Tyonek, Alaska",earthquake,0.56,1.08,0.096961413737217,6,reviewed,av,av
2025-01-24T11:38:58.040Z,37.911167144775,-121.59733581543,21.139999389648,2.22,md,34,103,0.09951,0.19,nc,nc75122166,2025-01-24T12:12:17.922Z,"0 km NE of Discovery Bay, CA",earthquake,0.59,0.639999986,0.08,31,automatic,nc,nc
2025-01-24T11:34:14.890Z,34.1043333,-116.875,10.94,0.93,ml,35,33,0.05165,0.13,ci,ci41035056,2025-01-25T00:05:19.366Z,"16 km SSE of Big Bear Lake, CA",earthquake,0.17,0.35,0.193,25,reviewed,ci,ci
2025-01-24T11:32:59.915Z,39.119,-119.0493,6,2,ml,23,84.03,0.021,0.1367,nn,nn00892457,2025-01-24T18:33:26.863Z,"17 km NNE of Yerington, Nevada",earthquake,,0.7,0.21,13,reviewed,nn,nn
2025-01-24T11:18:41.411Z,23.1407,120.4284,10,4.8,mww,83,96,0.244,0.9,us,us6000pm0v,2025-01-27T11:48:44.040Z,"3 km WNW of Yujing, Taiwan",earthquake,3.36,1.854,0.073,18,reviewed,us,us
2025-01-24T11:10:03.340Z,38.782001495361,-122.77366638184,5.1500000953674,0.77,md,9,133,0.01285,0.04,nc,nc75122156,2025-01-24T11:11:38.286Z,"2 km WNW of The Geysers, CA",earthquake,0.58,1.65999997,0.13,9,automatic,nc,nc
2025-01-24T10:56:00.100Z,33.211,-116.7666667,6.59,0.62,ml,31,27,0.02578,0.16,ci,ci41035048,2025-01-27T17:46:24.800Z,"3 km S of Lake Henshaw, CA",earthquake,0.19,0.39,0.04,10,reviewed,ci,ci
2025-01-24T10:53:09.420Z,35.4495,-91.65,10.4,1.83,md,8,193,0.1044,0.04,nm,nm60502928,2025-01-24T13:14:49.740Z,"11 km S of Pleasant Plains, Arkansas",earthquake,1.18,1.48,0.034383857493936,7,reviewed,nm,nm
2025-01-24T10:48:24.800Z,38.768833333333,-122.72583333333,1.24,0.21,md,19,58,0.00727,0.03,nc,nc75122151,2025-01-26T21:20:43.092Z,"3 km ESE of The Geysers, CA",earthquake,0.15,0.14,0.16,13,reviewed,nc,nc
2025-01-24T10:48:11.470Z,38.767166137695,-122.72816467285,0.43999999761581,0.77,md,7,109,0.006135,0.08,nc,nc75122146,2025-01-24T10:49:47.984Z,"3 km SE of The Geysers, CA",earthquake,0.47,0.949999988,0.03,5,automatic,nc,nc
2025-01-24T10:41:31.400Z,36.050666666667,-120.09783333333,10.57,1.18,md,6,236,0.0423,0.1,nc,nc75122141,2025-01-29T12:00:11.271Z,"6 km NE of Avenal, CA",earthquake,1.06,0.52,0.067,4,reviewed,nc,nc
2025-01-24T10:41:18.789Z,35.132,-98.07316667,9,1.2,ml,60,53,0.08548322528,0.27,ok,ok2025bqvs,2025-01-24T13:09:03.886Z,"5 km NNE of Verden, Oklahoma",earthquake,,1.4,0.22,30,reviewed,ok,ok
2025-01-24T10:31:05.980Z,38.835166931152,-122.80633544922,2.3099999427795,0.83,md,12,77,0.01211,0.01,nc,nc75122136,2025-01-24T10:32:43.105Z,"7 km WNW of Cobb, CA",earthquake,0.35,0.769999981,0.28,14,automatic,nc,nc
2025-01-24T10:16:25.230Z,34.3095,-116.457,6.43,0.82,ml,29,49,0.06419,0.16,ci,ci41035032,2025-01-25T00:06:17.500Z,"22 km N of Yucca Valley, CA",earthquake,0.17,0.43,0.115,17,reviewed,ci,ci
2025-01-24T10:16:22.722Z,13.0813,144.5683,66.436,4.3,mb,12,125,0.583,0.71,us,us6000pm11,2025-01-24T21:11:20.664Z,"23 km SSW of Merizo Village, Guam",earthquake,13.24,10.557,0.238,5,reviewed,us,us
2025-01-24T10:11:15.560Z,35.3536667,-118.2716667,5.64,1.59,ml,42,34,0.1369,0.15,ci,ci41035024,2025-01-25T00:06:20.410Z,"29 km NNE of Tehachapi, CA",earthquake,0.15,0.74,0.176,26,reviewed,ci,ci
2025-01-24T10:07:49.380Z,38.769,-122.72766666667,1.12,0.25,md,9,98,0.007714,0.02,nc,nc75122131,2025-01-26T13:47:10.524Z,"3 km ESE of The Geysers, CA",earthquake,0.36,0.83,0.228,5,reviewed,nc,nc
2025-01-24T10:07:26.090Z,34.4356667,-117.9203333,11.12,0.94,ml,27,63,0.03187,0.14,ci,ci41035016,2025-01-25T00:05:58.038Z,"8 km S of Pearblossom, CA",earthquake,0.17,0.33,0.263,30,reviewed,ci,ci
2025-01-24T09:56:11.840Z,38.76900100708,-122.72816467285,1.039999961853,1.59,md,23,63,0.007835,0.05,nc,nc75122126,2025-01-24T09:57:48.874Z,"3 km ESE of The Geysers, CA",earthquake,0.23,0.289999992,0.1,24,automatic,nc,nc
2025-01-24T09:52:53.420Z,34.5291667,-119.1398333,7.05,1.28,ml,28,41,0.09204,0.26,ci,ci41035008,2025-01-27T17:41:24.765Z,"13 km NE of Ojai, CA",earthquake,0.31,1.15,0.175,23,reviewed,ci,ci
2025-01-24T09:48:11.380Z,42.2305,-122.02833333333,12.45,1.11,ml,10,61,0.1582,0.13,uw,uw62072036,2025-01-24T16:22:46.550Z,"20 km W of Klamath Falls, Oregon",earthquake,0.33,1.36,0.047205534466525,2,reviewed,uw,uw
2025-01-24T09:45:05.720Z,40.288833333333,-124.57233333333,9.85,1.72,md,38,242,0.1757,0.23,nc,nc75122121,2025-01-30T06:13:42.512Z,"25 km W of Petrolia, CA",earthquake,0.46,0.73,0.158,17,reviewed,nc,nc
2025-01-24T09:43:22.370Z,38.768501281738,-122.72699737549,1.1699999570847,1.05,md,11,103,0.01656,0.02,nc,nc75122116,2025-01-24T09:44:57.563Z,"3 km ESE of The Geysers, CA",earthquake,0.29,0.430000007,0.32,12,automatic,nc,nc
2025-01-24T09:36:13.140Z,36.1488333,-117.856,9.12,0.66,ml,19,94,0.0312,0.14,ci,ci41035000,2025-01-25T00:06:30.099Z,"14 km NE of Coso Junction, CA",earthquake,0.35,0.37,0.162,7,reviewed,ci,ci
2025-01-24T09:21:27.629Z,37.286,-117.6936,3.6,1.2,ml,14,146.01,0.065,0.1657,nn,nn00892455,2025-01-24T18:08:47.932Z,"52 km S of Silver Peak, Nevada",earthquake,,2.3,0.3,7,reviewed,nn,nn
2025-01-24T09:07:40.300Z,38.786334991455,-122.76683044434,2.460000038147,1.08,md,21,81,0.01532,0.03,nc,nc75122111,2025-01-24T09:09:18.259Z,"1 km NNW of The Geysers, CA",earthquake,0.26,0.479999989,0.13,20,automatic,nc,nc
2025-01-24T08:58:32.594Z,-18.6202,-177.7454,623.013,4.1,mb,65,137,3.48,0.96,us,us6000pm0p,2025-01-24T09:49:40.040Z,"Fiji region",earthquake,10.35,11.694,0.066,68,reviewed,us,us
2025-01-24T08:55:20.460Z,36.056666666667,-120.62466666667,1.67,1.05,md,19,88,0.02606,0.09,nc,nc75122106,2025-01-30T01:19:22.672Z,"25 km NNW of Parkfield, CA",earthquake,0.35,1.04,0.272,16,reviewed,nc,nc
2025-01-24T08:50:12.610Z,33.3448333,-116.3498333,11.54,1.28,ml,69,17,0.03795,0.21,ci,ci41034984,2025-01-25T00:07:26.960Z,"10 km NNE of Borrego Springs, CA",earthquake,0.16,0.31,0.128,26,reviewed,ci,ci
2025-01-24T08:48:28.000Z,38.822666168213,-122.85199737549,2.2799999713898,1.01,md,17,112,0.006184,0.02,nc,nc75122101,2025-01-24T08:50:03.319Z,"10 km NW of The Geysers, CA",earthquake,0.28,0.439999998,0.27,18,automatic,nc,nc
2025-01-24T08:47:23.380Z,38.821834564209,-122.8501663208,2.4700000286102,1.94,md,41,58,0.007743,0.03,nc,nc75122091,2025-01-24T16:15:32.644Z,"10 km NW of The Geysers, CA",earthquake,0.16,0.270000011,0.15,40,automatic,nc,nc
2025-01-24T08:45:53.010Z,35.338,-117.7988333,6.21,1.15,ml,32,66,0.08022,0.18,ci,ci41034976,2025-01-25T00:06:37.075Z,"15 km WSW of Johannesburg, CA",earthquake,0.2,0.55,0.174,26,reviewed,ci,ci
2025-01-24T08:22:28.290Z,38.832500457764,-122.82150268555,2.289999961853,0.44,md,9,133,0.0125,0.01,nc,nc75122086,2025-01-24T08:24:04.118Z,"8 km NNW of The Geysers, CA",earthquake,0.55,1.49000001,0.22,10,automatic,nc,nc
2025-01-24T08:21:05.870Z,38.823333740234,-122.84566497803,2.0499999523163,0.76,md,16,105,0.00831,0.01,nc,nc75122081,2025-01-24T08:22:44.276Z,"9 km NW of The Geysers, CA",earthquake,0.27,0.409999996,0.45,20,automatic,nc,nc
2025-01-24T08:20:44.650Z,61.137333333333,-152.37316666667,3.94,0.33,ml,7,179,0.06066,0.12,av,av93469141,2025-01-25T00:55:57.810Z,"67 km W of Tyonek, Alaska",earthquake,1.13,0.62,0.15084175133774,7,reviewed,av,av
2025-01-24T08:20:16.989Z,31.698,-104.144,6.8689,2.2,ml,13,56,0.1,0.2,tx,tx2025bqrb,2025-01-25T06:22:47.040Z,"51 km W of Mentone, Texas",earthquake,1.0372044682256,1.6956490551759,0.1,8,reviewed,tx,tx
2025-01-24T08:09:53.393Z,31.608,-104.288,7.6379,1.8,ml,18,75,0.1,0.3,tx,tx2025bqqt,2025-01-24T12:56:35.743Z,"57 km NW of Toyah, Texas",earthquake,1.2624561380007,1.2967104861606,0.1,18,reviewed,tx,tx
2025-01-24T08:07:56.360Z,62.2305,-150.2479,50.8,1.5,ml,,,,0.39,ak,ak02513tpf1w,2025-01-24T08:09:26.557Z,"9 km S of Trapper Creek, Alaska",earthquake,,1.2,,,automatic,ak,ak
2025-01-24T07:59:50.820Z,38.0805,-110.03366666667,5.65,1.19,md,5,265,0.5772,0.08,uu,uu80002598,2025-01-24T17:00:40.110Z,"64 km WNW of Monticello, Utah",earthquake,3.45,31.61,0.19808376482306,3,reviewed,uu,uu
2025-01-24T07:47:52.200Z,37.159166666667,-121.525,10.6,0.59,md,12,68,0.05495,0.08,nc,nc75122076,2025-01-24T11:45:58.307Z,"11 km NE of San Martin, CA",earthquake,0.34,0.92,0.133,10,reviewed,nc,nc
2025-01-24T07:46:43.794Z,64.4751,-146.8774,8.7,0.7,ml,,,,0.41,ak,ak02513tcb9o,2025-01-24T07:49:54.217Z,"5 km SSE of Salcha, Alaska",earthquake,,0.4,,,automatic,ak,ak
2025-01-24T07:45:57.156Z,31.696,-104.15,4.3103,1.3,ml,19,55,0.1,0.3,tx,tx2025bqpz,2025-01-24T08:11:33.145Z,"52 km W of Mentone, Texas",earthquake,0,1.1045160293579,0.3,15,automatic,tx,tx
2025-01-24T07:40:49.710Z,36.673666666667,-121.32966666667,1.77,0.98,md,21,56,0.03634,0.12,nc,nc75122071,2025-01-30T01:15:51.366Z,"13 km SSW of Tres Pinos, CA",earthquake,0.34,0.66,0.328,19,reviewed,nc,nc
2025-01-24T07:39:58.510Z,32.094,-101.485,7.0068,1.3,ml,19,86,0.1,0.1,tx,tx2025bqpt,2025-01-24T13:49:27.057Z,"11 km W of Forsan, Texas",earthquake,0.55277418863135,1.1066911310744,0.2,20,reviewed,tx,tx
2025-01-24T07:37:19.561Z,63.4583,-146.217,4.1,1.5,ml,,,,0.35,ak,ak02513tac38,2025-01-24T07:38:58.786Z,"51 km NW of Paxson, Alaska",earthquake,,0.4,,,automatic,ak,ak
2025-01-24T07:37:16.545Z,60.6438,-143.15,11.8,1.6,ml,,,,0.77,ak,ak02513tabuu,2025-01-24T07:39:04.661Z,"88 km S of McCarthy, Alaska",earthquake,,0.6,,,automatic,ak,ak
2025-01-24T07:17:42.410Z,19.956,-155.439,30.13,2,ml,24,143,0.1158,0.14,hv,hv74599837,2025-01-24T21:23:25.560Z,"11 km SW of Pa‘auilo, Hawaii",earthquake,0.5,0.89,0.090647618496401,5,reviewed,hv,hv
2025-01-24T07:15:01.860Z,38.805999755859,-122.81600189209,2.9500000476837,0.93,md,12,71,0.01069,0.02,nc,nc75122066,2025-01-24T07:16:37.630Z,"6 km NW of The Geysers, CA",earthquake,0.33,0.829999983,0.18,13,automatic,nc,nc
2025-01-24T07:02:47.400Z,38.799667358398,-122.80999755859,2.0199999809265,0.79,md,15,69,0.01255,0.02,nc,nc75122061,2025-01-24T07:04:22.843Z,"5 km NW of The Geysers, CA",earthquake,0.26,0.610000014,0.1,17,automatic,nc,nc
2025-01-24T06:57:54.790Z,36.6565,-121.27833333333,6.63,1.62,md,35,105,0.05103,0.08,nc,nc75122056,2025-01-30T01:12:29.010Z,"15 km S of Tres Pinos, CA",earthquake,0.2,0.4,0.288,38,reviewed,nc,nc
2025-01-24T06:48:28.768Z,64.4995,-151.4297,0,1.8,ml,,,,0.66,ak,ak02513sra2k,2025-01-24T06:50:08.731Z,"67 km SW of Manley Hot Springs, Alaska",earthquake,,0.3,,,automatic,ak,ak
2025-01-24T06:46:17.540Z,35.667,-117.5336667,10.36,1.4,ml,30,49,0.08956,0.14,ci,ci41034960,2025-01-27T17:34:30.360Z,"14 km ENE of Ridgecrest, CA",earthquake,0.17,0.4,0.181,32,reviewed,ci,ci
2025-01-24T06:44:16.301Z,32.522,-101.216,2.565,0.9,ml,10,128,0,0.3,tx,tx2025bqnx,2025-01-24T06:56:41.433Z,"26 km NNE of Coahoma, Texas",earthquake,0,1.7738547325134,0.2,7,automatic,tx,tx
2025-01-24T06:41:00.780Z,61.327166666667,-152.25833333333,-2.29,-0.58,ml,7,248,0.07949,0.16,av,av93468936,2025-01-25T00:52:36.780Z,"66 km WNW of Beluga, Alaska",earthquake,0.8,2.46,0.23992878904992,7,reviewed,av,av
2025-01-24T06:37:14.160Z,38.831665039062,-122.82116699219,1.4199999570847,0.57,md,9,78,0.01197,0.02,nc,nc75122041,2025-01-24T06:38:51.873Z,"8 km NNW of The Geysers, CA",earthquake,0.3,1.03999996,0.43,7,automatic,nc,nc
2025-01-24T06:37:10.990Z,37.632666666667,-119.03983333333,-2.76,0.54,md,8,77,0.01331,0.04,nc,nc75122036,2025-01-28T00:15:45.323Z,"5 km W of Mammoth Lakes, CA",earthquake,0.19,3.23,0.049,3,reviewed,nc,nc
2025-01-24T06:35:13.190Z,38.833499908447,-122.81517028809,1.0299999713898,1.08,md,21,46,0.01085,0.02,nc,nc75122031,2025-01-24T06:36:52.143Z,"8 km NNW of The Geysers, CA",earthquake,0.18,0.430000007,0.26,20,automatic,nc,nc
2025-01-24T06:27:38.865Z,-46.7406,33.2347,10,4.8,mb,16,104,12.82,0.57,us,us6000plzq,2025-01-24T07:04:39.040Z,"Prince Edward Islands region",earthquake,10.1,1.714,0.144,15,reviewed,us,us
2025-01-24T06:04:22.520Z,34.0436667,-117.131,7.15,2.4,ml,107,16,0.01747,0.16,ci,ci41034936,2025-01-24T22:54:30.400Z,"3 km S of Mentone, CA",earthquake,0.09,0.26,0.151,24,reviewed,ci,ci
2025-01-24T05:59:17.625Z,28.8604,87.4961,10,4.6,mb,78,97,2.222,0.93,us,us6000plzm,2025-01-24T17:56:32.843Z,"Southern Tibetan Plateau",earthquake,7.44,1.868,0.07,61,reviewed,us,us
2025-01-24T05:57:00.250Z,61.272,-152.25066666667,2.87,-0.41,ml,6,181,0.04668,0.07,av,av93468881,2025-01-25T00:44:24.500Z,"64 km WNW of Tyonek, Alaska",earthquake,0.36,0.75,0.18957169990339,7,reviewed,av,av
2025-01-24T05:52:52.090Z,34.029,-117.2215,14.01,1.28,ml,56,30,0.09082,0.14,ci,ci41034928,2025-01-24T22:28:20.130Z,"4 km ESE of Loma Linda, CA",earthquake,0.14,0.27,0.219,33,reviewed,ci,ci
2025-01-24T05:48:25.859Z,35.13933333,-98.07166667,9.62,0.84,ml,35,101,0.07828463788,0.23,ok,ok2025bqmb,2025-01-24T15:06:08.135Z,"6 km NNE of Verden, Oklahoma",earthquake,,1.2,0.23,17,reviewed,ok,ok
2025-01-24T05:40:14.720Z,61.267166666667,-152.24116666667,3.31,-0.54,ml,6,173,0.04167,0.09,av,av93468861,2025-01-25T00:39:18.910Z,"63 km WNW of Tyonek, Alaska",earthquake,0.37,0.77,0.13645842046158,7,reviewed,av,av
2025-01-24T05:32:02.800Z,37.8125,-122.02866666667,9.34,0.94,md,18,70,0.02749,0.07,nc,nc75122016,2025-01-30T01:00:46.117Z,"3 km W of Danville, CA",earthquake,0.24,0.4,0.216,11,reviewed,nc,nc
2025-01-24T05:27:01.160Z,35.6915,-117.5233333,7.02,0.73,ml,22,70,0.08528,0.11,ci,ci41034904,2025-01-24T21:58:01.570Z,"14 km SW of Searles Valley, CA",earthquake,0.2,0.64,0.209,17,reviewed,ci,ci
2025-01-24T05:09:29.510Z,33.1828333,-116.0406667,5.68,0.81,ml,21,74,0.05359,0.16,ci,ci41034896,2025-01-24T21:51:54.265Z,"10 km ENE of Ocotillo Wells, CA",earthquake,0.25,0.46,0.152,14,reviewed,ci,ci
2025-01-24T04:59:48.090Z,38.786998748779,-122.77166748047,0.83999997377396,1.08,md,14,82,0.01412,0.02,nc,nc75122011,2025-01-24T05:01:25.801Z,"2 km NW of The Geysers, CA",earthquake,0.25,0.519999981,0.1,15,automatic,nc,nc
2025-01-24T04:58:38.810Z,33.7858333,-116.0628333,4.89,2.82,ml,73,39,0.1326,0.15,ci,ci41034888,2025-01-28T00:13:42.083Z,"16 km NE of Coachella, CA",earthquake,0.13,0.43,0.161,26,reviewed,ci,ci
2025-01-24T04:55:13.400Z,35.393,-97.89433333,4.36,0.96,ml,29,50,0.01799646848,0.21,ok,ok2025bqki,2025-01-24T13:42:38.588Z,"4 km E of Union City, Oklahoma",earthquake,,0.6,0.23,16,reviewed,ok,ok
2025-01-24T04:51:50.850Z,45.8835,-122.19216666667,8.21,0.86,ml,17,155,0.166,0.11,uw,uw62072021,2025-01-24T16:39:31.350Z,"16 km E of Yacolt, Washington",earthquake,0.31,0.29,0.049447548972134,5,reviewed,uw,uw
2025-01-24T04:50:51.160Z,34.309,-116.456,7.52,1.55,ml,36,50,0.06326,0.13,ci,ci41034880,2025-01-24T20:58:08.666Z,"22 km N of Yucca Valley, CA",earthquake,0.14,0.41,0.15,30,reviewed,ci,ci
2025-01-24T04:45:01.505Z,36.6552,-116.2714,6.7,-0.2,ml,22,162.12,0.055,0.0846,nn,nn00892452,2025-01-24T17:47:06.206Z,"51 km ESE of Beatty, Nevada",earthquake,,0.9,0.16,5,reviewed,nn,nn
2025-01-24T04:32:39.820Z,58.188833333333,-155.2975,2.46,0.46,ml,9,94,0.02671,0.07,av,av93468786,2025-01-25T00:23:18.550Z,"85 km NW of Karluk, Alaska",earthquake,0.22,0.39,0.33922084701187,9,reviewed,av,av
2025-01-24T04:26:57.909Z,-41.0888,-86.1322,10,4.9,mb,31,217,10.079,1.13,us,us6000plzg,2025-01-24T04:48:03.040Z,"West Chile Rise",earthquake,11.95,1.984,0.062,83,reviewed,us,us
2025-01-24T04:25:48.390Z,44.763833333333,-111.15683333333,9.77,1.34,ml,15,59,0.03093,0.13,uu,uu80100021,2025-01-24T16:05:50.290Z,"2 km ESE of Hebgen Lake Estates, Montana",earthquake,0.38,0.68,0.41604549828648,2,reviewed,uu,uu
2025-01-24T04:15:52.460Z,38.839832305908,-122.82416534424,1.9500000476837,0.8,md,16,91,0.008929,0.02,nc,nc75122001,2025-01-24T04:17:31.597Z,"9 km WNW of Cobb, CA",earthquake,0.27,0.720000029,0.25,17,automatic,nc,nc
2025-01-24T04:12:55.545Z,63.1217,-150.5505,24.8,1.9,ml,,,,1.65,ak,ak02513rcr5e,2025-01-24T04:15:33.457Z,"70 km N of Petersville, Alaska",earthquake,,0.6,,,automatic,ak,ak
2025-01-24T04:05:37.020Z,38.788166046143,-122.7679977417,2.6099998950958,1.08,md,14,80,0.01402,0.02,nc,nc75121996,2025-01-24T04:07:11.637Z,"2 km NNW of The Geysers, CA",earthquake,0.28,0.75999999,0.13,15,automatic,nc,nc
2025-01-24T04:01:23.293Z,62.3952,-152.0157,117.4,1.7,ml,,,,0.75,ak,ak02513rabs9,2025-01-24T04:04:27.091Z,"55 km NW of Skwentna, Alaska",earthquake,,0.9,,,automatic,ak,ak
2025-01-24T03:59:01.244Z,60.3166,-152.2406,89.3,1.8,ml,,,,0.15,ak,ak02513r1a0c,2025-01-24T04:00:58.707Z,"43 km NW of Ninilchik, Alaska",earthquake,,1.2,,,automatic,ak,ak
2025-01-24T03:43:46.580Z,35.338,-117.7935,7.26,0.97,ml,19,126,0.0824,0.15,ci,ci41034856,2025-01-24T20:47:07.594Z,"15 km WSW of Johannesburg, CA",earthquake,0.31,0.83,0.144,12,reviewed,ci,ci
2025-01-24T03:42:45.932Z,63.5536,-147.9472,17.8,1.2,ml,,,,0.42,ak,ak02513qxqa9,2025-01-24T03:44:50.416Z,"51 km ESE of Denali Park, Alaska",earthquake,,0.3,,,automatic,ak,ak
2025-01-24T03:38:45.060Z,38.81600189209,-122.79683685303,3.079999923706,1.1,md,16,58,0.008111,0.01,nc,nc75121991,2025-01-24T03:40:22.152Z,"6 km NNW of The Geysers, CA",earthquake,0.3,0.610000014,0.15,19,automatic,nc,nc
2025-01-24T03:36:27.030Z,31.668,-104.495,6.0999,1.7,ml,15,67,0,0.2,tx,tx2025bqhs,2025-01-24T12:43:13.693Z,"57 km S of Whites City, New Mexico",earthquake,1.8888228562225,1.2223805808491,0.1,25,reviewed,tx,tx
2025-01-24T03:35:58.980Z,35.2563333,-119.3705,10.3,1.67,ml,44,88,0.1172,0.18,ci,ci41034848,2025-01-24T20:37:14.136Z,"15 km NNE of Taft, CA",earthquake,0.19,0.48,0.16,31,reviewed,ci,ci
2025-01-24T03:26:10.842Z,-45.6185,-77.6719,10,4.4,mb,22,205,2.968,1.07,us,us6000plz9,2025-01-24T04:30:04.040Z,"Off the coast of Aisen, Chile",earthquake,8.93,1.944,0.203,8,reviewed,us,us
2025-01-24T03:20:57.210Z,44.3525,-115.1835,6.77,1.72,ml,15,63,0.3454,0.23,mb,mb90071568,2025-01-24T15:33:48.940Z,"24 km NW of Stanley, Idaho",earthquake,0.44,1.29,0.23134970942736,18,reviewed,mb,mb
2025-01-24T03:13:49.780Z,38.825833333333,-122.7635,2.46,0.4,md,21,88,0.006822,0.03,nc,nc75121981,2025-01-27T19:57:17.954Z,"4 km WNW of Cobb, CA",earthquake,0.21,0.33,0.152,18,reviewed,nc,nc
2025-01-24T02:53:59.754Z,-1.9784,138.9072,23.076,4.6,mb,36,79,1.872,0.74,us,us6000plz7,2025-01-24T04:18:11.040Z,"203 km WNW of Abepura, Indonesia",earthquake,7.19,4.037,0.103,34,reviewed,us,us
2025-01-24T02:52:52.320Z,61.317333333333,-152.26433333333,1.55,-0.04,ml,4,240,0.07411,0.08,av,av93468671,2025-01-25T03:56:23.070Z,"66 km WNW of Beluga, Alaska",earthquake,0.68,1.72,0.21372241866997,5,reviewed,av,av
2025-01-24T02:43:34.660Z,61.2745,-152.25816666667,3.27,-0.11,ml,5,186,0.05066,0.09,av,av93468666,2025-01-24T23:40:22.540Z,"64 km WNW of Tyonek, Alaska",earthquake,0.49,0.89,0.12264040152942,6,reviewed,av,av
2025-01-24T02:29:13.569Z,64.7309,-149.2592,19,1.2,ml,,,,0.37,ak,ak02513q9fvg,2025-01-24T02:31:42.717Z,"15 km NNW of Four Mile Road, Alaska",earthquake,,0.2,,,automatic,ak,ak
2025-01-24T02:28:15.368Z,61.4235,-146.0373,38.7,1.6,ml,,,,0.57,ak,ak02513q98ao,2025-01-24T02:40:42.431Z,"36 km NNE of Valdez, Alaska",earthquake,,0.5,,,automatic,ak,ak
2025-01-24T02:28:06.120Z,38.82799911499,-122.85383605957,1.9500000476837,0.74,md,8,125,0.01548,0.04,nc,nc75121976,2025-01-24T02:29:41.930Z,"10 km NW of The Geysers, CA",earthquake,0.54,1.03999996,0.55,9,automatic,nc,nc
2025-01-24T02:20:43.620Z,37.0322,-117.6462,8.4,0.6,ml,12,185.48,0.201,0.2068,nn,nn00892451,2025-01-24T17:25:23.356Z,"55 km ENE of Independence, California",earthquake,,2,0.32,4,reviewed,nn,nn
2025-01-24T02:17:17.930Z,36.012833333333,-120.57266666667,2.91,0.68,md,14,114,0.02943,0.05,nc,nc75121971,2025-01-30T01:02:47.033Z,"18 km NNW of Parkfield, CA",earthquake,0.25,0.57,0.197,10,reviewed,nc,nc
2025-01-24T02:01:17.520Z,38.808334350586,-122.77466583252,2.9300000667572,0.78,md,10,114,0.006804,0.04,nc,nc75121961,2025-01-24T02:02:56.550Z,"4 km NNW of The Geysers, CA",earthquake,0.49,1.20000005,0.06,13,automatic,nc,nc
2025-01-24T02:00:58.149Z,31.623,-104.118,1.8958,1.4,ml,18,69,0,0.2,tx,tx2025bqeo,2025-01-24T14:00:00.125Z,"46 km NW of Toyah, Texas",earthquake,0.4881025537633,0.79333415289776,0.1,12,reviewed,tx,tx
2025-01-24T02:00:49.553Z,65.0449,-143.968,7,1.7,ml,,,,0.53,ak,ak02513q3avv,2025-01-24T02:03:34.132Z,"70 km SSE of Central, Alaska",earthquake,,0.4,,,automatic,ak,ak
2025-01-24T01:52:40.843Z,59.0036,-154.1336,115.4,1.8,ml,,,,1.5,ak,ak02513pszur,2025-01-24T01:56:52.569Z,"60 km SE of Kokhanok, Alaska",earthquake,,1.7,,,automatic,ak,ak
2025-01-24T01:49:44.760Z,36.6555,-121.28066666667,6.79,2.56,md,66,66,0.05227,0.09,nc,nc75121956,2025-01-24T21:52:18.564Z,"15 km S of Tres Pinos, CA",earthquake,0.12,0.32,0.134,87,reviewed,nc,nc
2025-01-24T01:47:27.208Z,63.5575,-147.9131,17.9,1.5,ml,,,,0.46,ak,ak02513prw7k,2025-01-24T01:50:24.655Z,"53 km ESE of Denali Park, Alaska",earthquake,,0.3,,,automatic,ak,ak
2025-01-24T01:45:38.250Z,35.2493333,-119.3641667,10.91,2.7,ml,72,52,0.1127,0.23,ci,ci41034816,2025-01-24T19:36:03.930Z,"14 km NE of Taft, CA",earthquake,0.19,0.58,0.206,26,reviewed,ci,ci
2025-01-24T01:30:56.050Z,38.792833333333,-122.77766666667,2.91,0.3,md,4,196,0.02036,0.01,nc,nc75121941,2025-01-26T23:06:17.113Z,"3 km NW of The Geysers, CA",earthquake,0.65,0.64,0.13,4,reviewed,nc,nc
2025-01-24T01:29:37.960Z,46.213666666667,-122.33583333333,10.31,0.15,ml,8,147,0.02809,0.09,uw,uw62072006,2025-01-24T16:43:03.500Z,"34 km NNE of Amboy, Washington",earthquake,0.43,0.64,0.048668638500804,4,reviewed,uw,uw
2025-01-24T01:10:49.090Z,35.547,-96.74266667,6.64,1.92,ml,76,34,0.01169770451,0.17,ok,ok2025bqcx,2025-01-24T13:37:45.442Z,"8 km NW of Prague, Oklahoma",earthquake,,0.3,0.22,33,reviewed,ok,ok
2025-01-24T01:04:42.220Z,38.817666666667,-122.81566666667,3.09,0.28,md,21,73,0.007198,0.02,nc,nc75121931,2025-01-27T19:53:46.830Z,"7 km NW of The Geysers, CA",earthquake,0.26,0.35,0.272,20,reviewed,nc,nc
2025-01-24T01:01:43.693Z,9.3248,40.1013,10,4.7,mb,33,114,3.478,1.19,us,us6000plyr,2025-01-24T01:41:55.040Z,"38 km N of Āwash, Ethiopia",earthquake,12.02,1.938,0.108,26,reviewed,us,us
2025-01-24T00:59:45.690Z,38.4889,-118.4758,7.4,1.4,ml,8,101.86,0.144,0.1236,nn,nn00892449,2025-01-24T01:11:18.627Z,"13 km ESE of Hawthorne, Nevada",earthquake,,2.7,0.38,4,reviewed,nn,nn
2025-01-24T00:51:38.100Z,61.310333333333,-152.241,8.69,-0.29,ml,6,228,0.06123,0.22,av,av93468581,2025-01-24T23:30:59.970Z,"65 km WNW of Beluga, Alaska",earthquake,1.45,2.05,0.20853044821262,6,reviewed,av,av
2025-01-24T00:48:26.963Z,31.709,-104.15,7.843,1.5,ml,30,47,0,0.2,tx,tx2025bqcg,2025-01-24T13:49:04.038Z,"52 km W of Mentone, Texas",earthquake,0.46402578001498,0.74176367439052,0.1,14,reviewed,tx,tx
2025-01-24T00:46:37.430Z,38.837333333333,-122.7815,1.92,0.44,md,18,89,0.0066,0.01,nc,nc75121921,2025-01-29T09:58:06.196Z,"5 km WNW of Cobb, CA",earthquake,0.3,0.29,0.138,17,reviewed,nc,nc
2025-01-24T00:38:33.630Z,57.074833333333,-135.71333333333,8.68,0.57,ml,4,221,0.007535,0.09,av,av93468571,2025-01-24T23:20:10.840Z,"23 km W of Sitka, Alaska",earthquake,1.17,0.6,0.17223730079902,4,reviewed,av,av
2025-01-24T00:37:01.520Z,61.219166666667,-152.156,31.09,0.07,ml,6,128,0.0143,0.27,av,av93468566,2025-01-24T23:07:31.970Z,"57 km WNW of Tyonek, Alaska",earthquake,3.18,1.76,0.30259386320433,6,reviewed,av,av
2025-01-24T00:31:45.699Z,31.138,-103.263,0.5756,1.3,ml,12,56,0,0.1,tx,tx2025bqbq,2025-01-24T14:29:57.509Z,"22 km WSW of Coyanosa, Texas",earthquake,0.5210453712488,0.52423715236996,0.1,6,reviewed,tx,tx
2025-01-24T00:21:59.640Z,35.79316667,-96.66016667,6.28,0.72,ml,32,68,0.1403724541,0.29,ok,ok2025bqbh,2025-01-27T14:20:44.767Z,"4 km N of Stroud, Oklahoma",earthquake,,0.8,0.19,11,reviewed,ok,ok
2025-01-24T00:18:54.370Z,38.823665618896,-122.8424987793,1.6399999856949,0.58,md,9,97,0.00586,0.02,nc,nc75121916,2025-01-24T00:20:31.885Z,"9 km NW of The Geysers, CA",earthquake,0.44,0.870000005,0.33,10,automatic,nc,nc
2025-01-24T00:13:29.181Z,41.936,-119.5758,1.4,1.6,ml,4,129.77,0.542,0.0937,nn,nn00892448,2025-01-24T16:46:35.660Z,"48 km E of Fort Bidwell, California",earthquake,,3.3,0.11,3,reviewed,nn,nn
2025-01-24T00:09:15.390Z,38.625166666667,-122.95916666667,4.92,1.03,md,27,46,0.07542,0.08,nc,nc75121911,2025-01-24T11:56:31.110Z,"8 km WNW of Healdsburg, CA",earthquake,0.19,0.71,0.255,21,reviewed,nc,nc
2025-01-24T00:01:49.259Z,35.79966667,-96.663,6.13,1.22,ml,30,76,0.1403724541,0.23,ok,ok2025bqar,2025-01-24T14:10:19.552Z,"5 km N of Stroud, Oklahoma",earthquake,,0.7,0.2,14,reviewed,ok,ok
2025-01-24T00:01:44.820Z,35.79866667,-96.65083333,7.72,1.34,ml,60,49,0.1313742199,0.21,ok,ok2025bqaq,2025-01-24T13:48:57.390Z,"5 km N of Stroud, Oklahoma",earthquake,,0.6,0.19,27,reviewed,ok,ok
2025-01-23T23:55:04.030Z,46.846833333333,-122.743,-0.28,1.07,ml,13,141,0.1763,0.1,uw,uw62071986,2025-01-24T02:43:49.450Z,"6 km SW of Rainier, Washington",explosion,0.41,31.61,0.10325905551753,5,reviewed,uw,uw
2025-01-23T23:45:06.780Z,58.238833333333,-155.11133333333,3.22,-0.07,ml,5,111,0.06126,0.29,av,av93030769,2025-01-24T21:56:49.250Z,"84 km NNW of Karluk, Alaska",earthquake,0.75,2.95,0.18360774229561,5,reviewed,av,av
2025-01-23T23:29:15.580Z,38.83466720581,-122.8125,1.6399999856949,1.03,md,21,55,0.01141,0.02,nc,nc75121896,2025-01-23T23:30:51.242Z,"8 km WNW of Cobb, CA",earthquake,0.19,0.469999999,0.08,20,automatic,nc,nc
2025-01-23T23:28:39.268Z,66.4369,-148.6437,1.8,1.6,ml,,,,0.56,ak,ak02512f81cm,2025-01-23T23:30:35.946Z,"52 km NNE of Stevens Village, Alaska",earthquake,,0.5,,,automatic,ak,ak
2025-01-23T23:10:16.817Z,61.3082,-152.3787,4.3,1.8,ml,,,,0.78,ak,ak02512f44q9,2025-01-24T21:59:29.120Z,"71 km WNW of Tyonek, Alaska",earthquake,,0.2,,,automatic,ak,ak
2025-01-23T23:05:30.266Z,39.1212,-119.053,7.9,1.3,ml,15,87.14,0.049,0.1028,nn,nn00892442,2025-01-24T00:25:23.760Z,"17 km NNE of Yerington, Nevada",earthquake,,1.4,0.13,8,reviewed,nn,nn
2025-01-23T23:02:11.613Z,39.12,-119.0514,7.4,2.2,ml,23,84.41,0.05,0.146,nn,nn00892439,2025-01-23T23:48:30.872Z,"17 km NNE of Yerington, Nevada",earthquake,,0.8,0.38,12,reviewed,nn,nn
2025-01-23T23:01:17.459Z,-19.3592,115.1954,10,4.8,mb,16,137,3.388,0.22,us,us6000ply9,2025-01-23T23:54:29.040Z,"214 km NW of Dampier, Australia",earthquake,6.45,1.873,0.143,15,reviewed,us,us
2025-01-23T22:59:49.455Z,12.546,47.4734,10,4.4,mb,31,181,3.608,0.74,us,us6000plyb,2025-01-24T00:47:48.040Z,"172 km NNW of Las Khorey, Somalia",earthquake,7.27,1.961,0.112,23,reviewed,us,us
2025-01-23T22:58:32.596Z,-24.7557,-179.6548,469.888,4.4,mb,18,107,4.729,0.33,us,us6000plya,2025-01-23T23:58:18.040Z,"south of the Fiji Islands",earthquake,10.02,11.197,0.148,14,reviewed,us,us
2025-01-23T22:37:18.900Z,38.839500427246,-122.82199859619,2.039999961853,1.48,md,28,77,0.01057,0.02,nc,nc75121876,2025-01-23T22:38:56.190Z,"9 km WNW of Cobb, CA",earthquake,0.19,0.379999995,0.14,28,automatic,nc,nc
2025-01-23T22:27:40.160Z,17.984666666667,-66.826833333333,17.18,2.54,md,6,184,0.04132,0.08,pr,pr71471358,2025-01-23T22:49:05.030Z,"1 km SW of Indios, Puerto Rico",earthquake,0.63,0.55,0.27651162130878,4,reviewed,pr,pr
2025-01-23T22:19:24.990Z,38.80683517456,-122.78316497803,3.1900000572205,0.75,md,10,62,0.006701,0.01,nc,nc75121871,2025-01-23T22:21:00.797Z,"4 km NNW of The Geysers, CA",earthquake,0.42,1.17999995,0.07,10,automatic,nc,nc
2025-01-23T22:11:29.120Z,31.646,-104.435,6.4075,1.5,ml,21,83,0,0.3,tx,tx2025bpwz,2025-01-24T13:33:36.949Z,"58 km S of Whites City, New Mexico",earthquake,0.91902182751949,1.0844868004501,0.1,13,reviewed,tx,tx
2025-01-23T22:10:49.280Z,33.6821667,-116.694,16.34,1.13,ml,33,29,0.02142,0.16,ci,ci41034600,2025-01-25T00:54:27.736Z,"7 km SSE of Idyllwild, CA",earthquake,0.24,0.4,0.172,27,reviewed,ci,ci
2025-01-23T22:10:20.860Z,38.81566619873,-122.82466888428,2.5199999809265,0.27,md,9,74,0.007648,0.01,nc,nc75121866,2025-01-23T22:11:55.492Z,"7 km NW of The Geysers, CA",earthquake,0.39,1,0.13,9,automatic,nc,nc
2025-01-23T21:46:45.120Z,39.695666666667,-110.843,-3.44,1.79,md,11,153,0.08493,0.19,uu,uu80100016,2025-01-23T22:01:55.160Z,"1 km NE of Helper, Utah",earthquake,0.81,1.14,0.26418800278943,10,reviewed,uu,uu
2025-01-23T21:30:14.100Z,38.835998535156,-122.81749725342,1.6000000238419,0.68,md,8,91,0.01386,0.02,nc,nc75121856,2025-01-23T21:31:51.520Z,"8 km WNW of Cobb, CA",earthquake,0.39,1.14999998,0.09,9,automatic,nc,nc
2025-01-23T21:24:57.680Z,38.831165313721,-122.81733703613,1.789999961853,1.02,md,15,60,0.009612,0.01,nc,nc75121851,2025-01-23T21:26:36.614Z,"8 km NNW of The Geysers, CA",earthquake,0.27,0.649999976,0.28,16,automatic,nc,nc
2025-01-23T21:19:51.470Z,61.039833333333,-152.33716666667,10.39,0.36,ml,6,175,0.1563,0.08,av,av93468181,2025-01-24T21:24:09.130Z,"64 km W of Tyonek, Alaska",earthquake,0.76,1.85,0.17488346941444,6,reviewed,av,av
2025-01-23T20:52:06.073Z,61.3733,-150.0949,29.9,1.8,ml,,,,0.54,ak,ak02512dkt5r,2025-01-23T20:54:56.485Z,"6 km WNW of Point MacKenzie, Alaska",earthquake,,0.6,,,automatic,ak,ak
2025-01-23T20:49:32.100Z,44.760333333333,-111.152,7.93,1.24,ml,14,57,0.0329,0.15,uu,uu80100006,2025-01-23T21:06:34.020Z,"3 km ESE of Hebgen Lake Estates, Montana",earthquake,0.39,0.59,0.46148906391293,2,reviewed,uu,uu
2025-01-23T20:45:23.247Z,64.0214,-148.7915,0,1.8,ml,,,,0.68,ak,ak02512djch0,2025-01-23T20:47:13.743Z,"15 km E of Ferry, Alaska",earthquake,,0.3,,,automatic,ak,ak
2025-01-23T20:35:32.580Z,35.1538333,-117.351,5.45,1.7,ml,36,32,0.1483,0.17,ci,ci41034520,2025-01-24T01:28:59.577Z,"32 km ENE of Boron, CA",earthquake,0.19,1.21,0.129,28,reviewed,ci,ci
2025-01-23T20:32:18.890Z,38.777333333333,-122.9065,5.42,0.44,md,17,118,0.03918,0.04,nc,nc75121841,2025-01-29T09:53:04.538Z,"10 km ESE of Cloverdale, CA",earthquake,0.4,0.73,0.216,15,reviewed,nc,nc
2025-01-23T20:15:16.430Z,38.779998779297,-122.75733184815,1.289999961853,0.62,md,8,90,0.01136,0.02,nc,nc75121826,2025-01-23T20:16:54.964Z,"0 km  of The Geysers, CA",earthquake,0.37,0.680000007,0.36,7,automatic,nc,nc
2025-01-23T20:00:59.236Z,38.7541,-117.9219,8.2,2.4,ml,11,91.83,0.326,0.1562,nn,nn00892428,2025-01-23T22:15:43.643Z,"12 km S of Gabbs, Nevada",earthquake,,2.8,0.58,4,reviewed,nn,nn
2025-01-23T19:59:45.626Z,63.4679,-147.4431,24,1.4,ml,,,,0.6,ak,ak02512d0yma,2025-01-23T20:01:23.441Z,"75 km E of Cantwell, Alaska",earthquake,,0.8,,,automatic,ak,ak
2025-01-23T19:59:27.975Z,-27.637,-13.3812,10,4.8,mb,57,66,9.446,0.4,us,us6000plwx,2025-01-23T20:59:50.040Z,"southern Mid-Atlantic Ridge",earthquake,10.87,1.864,0.067,70,reviewed,us,us
2025-01-23T19:56:04.480Z,35.9645,-120.52016666667,10.24,1.87,md,41,60,0.01626,0.06,nc,nc75121816,2025-01-30T00:55:22.840Z,"11 km NW of Parkfield, CA",earthquake,0.16,0.18,0.211,40,reviewed,nc,nc
2025-01-23T19:41:53.491Z,31.673,-104.337,6.1383,1.7,ml,24,65,0.1,0.1,tx,tx2025bpsc,2025-01-23T20:36:09.067Z,"55 km S of Whites City, New Mexico",earthquake,0.52232313841435,0.60111449885962,0.2,30,reviewed,tx,tx
2025-01-23T19:40:35.950Z,18.0555,-66.828666666667,20.58,2.3,md,6,127,0.09338,0.09,pr,pr71471348,2025-01-23T20:06:10.540Z,"3 km NE of Yauco, Puerto Rico",earthquake,0.54,1.12,0.061522262383621,5,reviewed,pr,pr
2025-01-23T19:35:46.710Z,61.0883,-151.2349,61.1,1.7,ml,,,,0.36,ak,ak02512cvtin,2025-01-23T19:37:59.604Z,"5 km WNW of Tyonek, Alaska",earthquake,,0.9,,,automatic,ak,ak
2025-01-23T19:31:47.740Z,33.8248333,-117.4883333,-0.35,1.68,ml,25,97,0.03682,0.22,ci,ci41034448,2025-01-24T01:21:35.485Z,"7 km SSE of Home Gardens, CA",quarry blast,0.39,31.61,0.253,24,reviewed,ci,ci
2025-01-23T19:31:15.849Z,36.67516667,-96.71116667,0,1.35,ml,43,58,0.0674867568,0.62,ok,ok2025bprs,2025-01-23T19:48:14.728Z,"2 km SE of Burbank, Oklahoma",quarry blast,,0.7,0.21,21,reviewed,ok,ok
2025-01-23T19:23:37.096Z,24.6224,95.1177,126.088,5.1,mb,113,25,3.406,0.5,us,us6000plwf,2025-01-24T20:39:11.971Z,"106 km E of Wāngjing, India",earthquake,8.66,6.526,0.039,215,reviewed,us,us
2025-01-23T19:21:51.310Z,38.822834014893,-122.84400177002,2.079999923706,0.76,md,14,84,0.007014,0.01,nc,nc75121806,2025-01-23T19:23:30.659Z,"9 km NW of The Geysers, CA",earthquake,0.32,0.620000005,0.17,14,automatic,nc,nc
2025-01-23T19:17:18.360Z,40.730166666667,-112.06533333333,9.49,0.69,md,9,87,0.04609,0.07,uu,uu80099996,2025-01-23T20:49:09.400Z,"3 km NE of Magna, Utah",earthquake,0.43,1.16,0.2206367626406,6,reviewed,uu,uu
2025-01-23T19:15:22.070Z,38.79683303833,-122.75316619873,2.1600000858307,1.08,md,14,93,0.006364,0.02,nc,nc75121796,2025-01-23T19:16:59.657Z,"2 km NNE of The Geysers, CA",earthquake,0.31,0.589999974,0.35,14,automatic,nc,nc
2025-01-23T19:07:21.888Z,-20.7944,-178.5991,613.679,4.4,mb,60,93,4.705,0.71,us,us6000plwe,2025-01-23T21:39:53.040Z,"Fiji region",earthquake,14.45,8.428,0.069,61,reviewed,us,us
2025-01-23T19:00:31.260Z,38.835834503174,-122.80616760254,2.0099999904633,0.7,md,12,55,0.01262,0.01,nc,nc75121791,2025-01-23T19:02:10.417Z,"7 km WNW of Cobb, CA",earthquake,0.34,0.889999986,0.21,12,automatic,nc,nc
2025-01-23T18:51:50.339Z,10.6738,125.5695,50.508,4.5,mb,65,87,3.581,0.95,us,us6000plwd,2025-01-23T21:55:12.040Z,"34 km N of Loreto, Philippines",earthquake,9.7,5.22,0.065,69,reviewed,us,us
2025-01-23T18:50:51.930Z,40.387166666667,-125.20766666667,10,2.58,md,67,246,0.6686,0.33,nc,nc75121786,2025-01-30T01:07:16.424Z,"78 km WNW of Petrolia, CA",earthquake,1.48,31.61,0.284,45,reviewed,nc,nc
2025-01-23T18:50:08.480Z,59.358666666667,-153.435,-0.48,0.02,ml,8,138,0.006344,0.09,av,av93467766,2025-01-24T21:15:11.680Z,"60 km SE of Pedro Bay, Alaska",earthquake,0.2,0.14,0.26604520350597,8,reviewed,av,av
2025-01-23T18:42:13.750Z,36.595333333333,-89.386166666667,5.42,1.91,md,31,101,0.08057,0.14,nm,nm60597171,2025-01-24T14:21:55.380Z,"12 km E of New Madrid, Missouri",earthquake,0.43,1.69,0.13576372375535,24,reviewed,nm,nm
2025-01-23T18:37:43.540Z,44.382833333333,-110.594,2.65,1.85,ml,13,71,0.0177,0.23,uu,uu80099991,2025-01-23T20:47:10.970Z,"51 km SE of West Yellowstone, Montana",earthquake,0.41,0.82,0.45736430898113,3,reviewed,uu,uu
2025-01-23T18:36:10.840Z,35.48,-120.58583333333,-0.26,1.75,md,39,43,0.1051,0.14,nc,nc75121776,2025-01-30T00:33:36.504Z,"8 km ESE of Atascadero, CA",earthquake,0.31,4.83,0.167,30,reviewed,nc,nc
2025-01-23T18:26:53.060Z,44.633666666667,-112.586,8.7,1.03,ml,12,68,0.04455,0.13,mb,mb90071558,2025-01-23T23:19:51.360Z,"0 km SE of Lima, Montana",earthquake,0.39,0.56,0.10926737726732,18,reviewed,mb,mb
2025-01-23T18:17:49.240Z,32.4715,-115.4513333,10.76,1.13,ml,9,253,0.1283,0.14,ci,ci41034400,2025-01-23T19:45:37.565Z,"14 km SW of Puebla, B.C., MX",earthquake,0.8,0.64,0.143,6,reviewed,ci,ci
2025-01-23T18:11:34.320Z,58.172,-155.3425,0.73,0.47,ml,10,116,0.03887,0.06,av,av93467681,2025-01-24T21:09:25.040Z,"85 km NW of Karluk, Alaska",earthquake,0.19,1.17,0.22492818336945,11,reviewed,av,av
2025-01-23T18:08:47.730Z,32.3291667,-115.3858333,14.74,4.37,ml,40,60,0.1131,0.34,ci,ci41034376,2025-01-29T18:19:01.945Z,"18 km W of Delta, B.C., MX",earthquake,0.45,0.93,0.139,183,reviewed,ci,ci
2025-01-23T18:04:35.910Z,61.3235,-152.36216666667,2.56,-0.15,ml,7,275,0.06481,0.24,av,av93467661,2025-01-24T20:57:56.910Z,"71 km WNW of Beluga, Alaska",earthquake,2.73,1.41,0.12949215168704,6,reviewed,av,av
2025-01-23T18:04:06.963Z,62.8988,-150.8915,136.7,1.5,ml,,,,0.34,ak,ak02512c3nnc,2025-01-23T18:06:34.975Z,"45 km N of Petersville, Alaska",earthquake,,1,,,automatic,ak,ak
2025-01-23T17:55:31.960Z,46.990333333333,-112.3205,13.58,0.87,ml,5,209,0.0294,0.15,mb,mb90071583,2025-01-24T15:55:29.580Z,"26 km N of Marysville, Montana",earthquake,0.96,0.93,0.14312260713103,5,reviewed,mb,mb
2025-01-23T17:50:05.890Z,38.829166412354,-122.79833221435,2.3199999332428,0.93,md,10,81,0.01083,0.03,nc,nc75121766,2025-01-23T17:51:39.487Z,"7 km WNW of Cobb, CA",earthquake,0.36,1.09000003,0.28,10,automatic,nc,nc
2025-01-23T17:47:21.490Z,33.4933333,-116.4921667,13.68,1.25,ml,10,92,0.09196,0.12,ci,ci37694468,2025-01-24T00:51:06.688Z,"18 km ESE of Anza, CA",earthquake,0.34,0.94,0.109,7,reviewed,ci,ci
2025-01-23T17:47:20.230Z,33.4928333,-116.491,14.47,1.17,ml,17,61,0.09294,0.13,ci,ci41034336,2025-01-24T00:42:40.453Z,"18 km ESE of Anza, CA",earthquake,0.25,0.54,0.156,19,reviewed,ci,ci
2025-01-23T17:47:18.620Z,33.4945,-116.4875,14.79,0.81,ml,8,106,0.09585,0.07,ci,ci37694460,2025-01-24T00:45:11.273Z,"18 km ESE of Anza, CA",earthquake,0.32,1.05,0.11,4,reviewed,ci,ci
2025-01-23T17:44:43.990Z,38.819999694824,-122.84266662598,2.2300000190735,1.05,md,19,71,0.006728,0.02,nc,nc75121761,2025-01-23T17:46:19.977Z,"9 km NW of The Geysers, CA",earthquake,0.23,0.449999988,0.22,20,automatic,nc,nc
2025-01-23T17:40:57.229Z,35.79133333,-96.98683333,6.33,1.15,ml,48,46,0.1772652145,0.22,ok,ok2025bpob,2025-01-24T14:07:06.638Z,"3 km SE of Carney, Oklahoma",earthquake,,0.5,0.22,24,reviewed,ok,ok
2025-01-23T17:40:47.390Z,57.074,-135.7585,5.46,0.43,ml,4,222,0.01769,0.19,av,av93467596,2025-01-24T20:37:06.200Z,"26 km W of Sitka, Alaska",earthquake,1.28,1.17,0.13567452627859,4,reviewed,av,av
2025-01-23T17:22:17.580Z,38.807998657227,-122.78833007812,0.5,0.74,md,8,146,0.005448,0.02,nc,nc75121751,2025-01-23T17:23:56.566Z,"4 km NNW of The Geysers, CA",earthquake,0.46,0.810000002,0.11,10,automatic,nc,nc
2025-01-23T17:17:57.960Z,38.824001312256,-122.80666351318,2.6600000858307,0.88,md,7,76,0.002732,0.01,nc,nc75121746,2025-01-23T17:19:35.662Z,"7 km NNW of The Geysers, CA",earthquake,0.37,2.77999997,0.2,8,automatic,nc,nc
2025-01-23T17:12:49.020Z,46.3455,-122.81166666667,-0.47,1.46,ml,12,82,0.1097,0.14,uw,uw62071921,2025-01-23T23:36:56.580Z,"10 km NE of Castle Rock, Washington",explosion,0.57,31.61,0.16035079604459,9,reviewed,uw,uw
2025-01-23T17:12:30.680Z,33.9075,-116.3071667,5.77,1.38,ml,38,42,0.09073,0.12,ci,ci41034280,2025-01-24T00:29:28.059Z,"12 km NE of Thousand Palms, CA",earthquake,0.13,0.46,0.174,33,reviewed,ci,ci
2025-01-23T17:09:39.557Z,60.8551,-152.2051,20,1.1,ml,,,,0.06,ak,ak02512bjd4z,2025-01-23T17:10:37.104Z,"53 km WNW of Nikiski, Alaska",earthquake,,0.2,,,automatic,ak,ak
2025-01-23T16:59:21.280Z,33.9126667,-116.7503333,17.05,0.72,ml,15,57,0.1312,0.08,ci,ci41034272,2025-01-24T00:21:23.306Z,"3 km E of Cabazon, CA",earthquake,0.19,0.61,0.111,15,reviewed,ci,ci
2025-01-23T16:50:49.243Z,61.8127,-149.9895,32.4,1.5,ml,,,,0.78,ak,ak02512b6qn0,2025-01-23T16:53:29.371Z,"7 km NNE of Willow, Alaska",earthquake,,0.4,,,automatic,ak,ak
2025-01-23T16:43:05.340Z,19.185833333333,-155.386,30.24,2.75,ml,60,166,0.05253,0.11,hv,hv74599412,2025-01-23T20:26:40.970Z,"9 km E of Pāhala, Hawaii",earthquake,0.39,0.48,0.19589935582169,45,reviewed,hv,hv
2025-01-23T16:33:34.350Z,38.799835205078,-122.80016326904,1.2200000286102,1.07,md,12,62,0.008965,0.02,nc,nc75121741,2025-01-23T16:35:10.511Z,"5 km NW of The Geysers, CA",earthquake,0.26,0.620000005,0.34,14,automatic,nc,nc
2025-01-23T16:26:04.020Z,38.830165863037,-122.81517028809,1.6200000047684,0.71,md,9,81,0.007846,0.01,nc,nc75121736,2025-01-23T16:27:38.942Z,"8 km NNW of The Geysers, CA",earthquake,0.32,0.939999998,0.18,9,automatic,nc,nc
2025-01-23T16:23:55.960Z,38.7925,-122.77833333333,1.85,0.42,md,13,92,0.007521,0.02,nc,nc75121731,2025-01-26T13:22:33.331Z,"3 km NW of The Geysers, CA",earthquake,0.22,0.33,0.147,12,reviewed,nc,nc
2025-01-23T16:19:30.303Z,8.9774,40.1518,10,4.6,mb,32,111,3.67,1.16,us,us6000plte,2025-01-23T16:36:50.040Z,"1 km WSW of Āwash, Ethiopia",earthquake,10.92,1.868,0.105,27,reviewed,us,us
2025-01-23T16:18:46.620Z,34.0156667,-117.5971667,6.29,1.15,ml,13,113,0.03152,0.11,ci,ci41034216,2025-01-24T00:17:33.432Z,"5 km SE of Ontario, CA",earthquake,0.29,0.46,0.107,11,reviewed,ci,ci
2025-01-23T16:03:42.170Z,45.173833333333,-112.42766666667,-2,0.82,ml,12,107,0.2231,0.13,mb,mb90071553,2025-01-23T23:10:19.020Z,"17 km ESE of Dillon, Montana",quarry blast,0.38,31.61,0.19441473136926,10,reviewed,mb,mb
2025-01-23T16:01:54.480Z,57.064,-135.7115,8.05,0.5,ml,4,139,0.009664,0.08,av,av93467406,2025-01-24T20:24:12.430Z,"23 km W of Sitka, Alaska",earthquake,1.1,0.66,0.16483818945741,4,reviewed,av,av
2025-01-23T16:01:10.120Z,18.034666666667,-66.889333333333,7.23,1.95,md,6,119,0.03257,0.16,pr,pr71471338,2025-01-23T16:31:39.370Z,"1 km ESE of Lluveras, Puerto Rico",earthquake,1.13,1.05,0.12540919673062,3,reviewed,pr,pr
2025-01-23T16:01:02.390Z,57.057833333333,-135.685,8.07,0.61,ml,5,134,0.01635,0.12,av,av93467401,2025-01-24T20:20:46.390Z,"21 km W of Sitka, Alaska",earthquake,1.26,0.71,0.27218630749962,5,reviewed,av,av
2025-01-23T15:54:07.730Z,35.676,-117.568,8.99,1.34,ml,29,72,0.08103,0.11,ci,ci41034184,2025-01-25T00:54:29.834Z,"12 km ENE of Ridgecrest, CA",earthquake,0.13,0.42,0.169,25,reviewed,ci,ci
2025-01-23T15:52:47.451Z,63.2666,-151.7724,5.6,1.6,ml,,,,0.75,ak,ak02512alqbt,2025-01-23T15:55:42.445Z,"30 km S of Denali National Park, Alaska",earthquake,,0.3,,,automatic,ak,ak
2025-01-23T15:44:49.940Z,57.0775,-135.73133333333,6.86,0.49,ml,4,225,0.01766,0.09,av,av93467381,2025-01-24T20:16:09.890Z,"24 km W of Sitka, Alaska",earthquake,0.91,0.69,0.10454367158348,4,reviewed,av,av
2025-01-23T15:44:01.850Z,57.074,-135.7035,8.05,0.59,ml,5,198,0.002751,0.16,av,av93467376,2025-01-24T20:13:44.060Z,"22 km W of Sitka, Alaska",earthquake,1.41,0.83,0.30568298928728,5,reviewed,av,av
2025-01-23T15:25:07.288Z,61.6569,-147.5384,31.8,1.4,ml,,,,0.6,ak,ak02512afuw8,2025-01-23T15:26:34.291Z,"17 km SSE of Glacier View, Alaska",earthquake,,0.1,,,automatic,ak,ak
2025-01-23T15:15:58.740Z,19.492,-155.99233333333,6.85,2.65,ml,50,249,0.1623,0.26,hv,hv74599372,2025-01-23T22:52:46.183Z,"7 km W of Captain Cook, Hawaii",earthquake,0.78,0.41,0.21537080263493,35,reviewed,hv,hv
2025-01-23T15:14:34.796Z,62.7824,-149.5122,71.4,3.4,ml,,,,0.82,ak,ak02512adk2h,2025-01-24T03:13:10.607Z,"47 km NE of Chase, Alaska",earthquake,,0.2,,,reviewed,ak,ak
2025-01-23T15:04:46.722Z,53.0449,159.8085,48.845,4.8,mb,53,130,30.223,0.88,us,us6000plt6,2025-01-23T15:24:28.040Z,"79 km E of Petropavlovsk-Kamchatsky, Russia",earthquake,13.03,7.227,0.049,127,reviewed,us,us
2025-01-23T14:59:56.038Z,36.8854,-116.1985,4.6,-0.2,ml,15,121.82,0.039,0.1032,nn,nn00892468,2025-01-24T17:43:56.214Z,"50 km E of Beatty, Nevada",earthquake,,1.4,0.11,7,reviewed,nn,nn
2025-01-23T14:49:26.278Z,31.669,-104.296,1.8958,1.3,ml,23,66,0,0.3,tx,tx2025bpik,2025-01-24T14:13:00.427Z,"56 km S of Whites City, New Mexico",earthquake,0.95165142572473,0.80506725930425,0.1,12,reviewed,tx,tx
